# Blender 5.1.2
# www.blender.org
mtllib new_shrub_5.mtl
o shrub_04_d_LOD1.001
v -0.001479 0.000174 0.006172
v 0.006010 0.000120 0.006447
v -0.001665 0.002740 0.018909
v 0.004218 0.002613 0.019499
v 0.004908 0.001790 0.012239
v -0.000742 0.002010 0.012527
v -0.002745 0.001426 0.030322
v 0.002702 0.001280 0.030816
v -0.004533 -0.001165 0.041627
v 0.000916 -0.001204 0.042116
v 0.000174 -0.001442 0.048756
v -0.006261 -0.001527 0.053834
v -0.006863 -0.001505 0.050219
v -0.011296 -0.001445 0.061933
v -0.008277 -0.001449 0.074741
v -0.012958 -0.001442 0.063814
v -0.009242 -0.001442 0.077641
v -0.008604 -0.001442 0.077687
v -0.015144 -0.001404 0.062969
v -0.000273 -0.001439 0.060780
v -0.005607 -0.001442 0.061352
v 0.000891 -0.001499 0.071878
v -0.003725 -0.001444 0.072760
v 0.004213 -0.000496 0.091668
v 0.004748 -0.001078 0.098511
v 0.000313 -0.000888 0.096918
v 0.006234 -0.001537 0.101957
v -0.000996 -0.002018 0.104474
v 0.003474 -0.002281 0.106165
v 0.001263 -0.007173 0.128272
v -0.002464 -0.005308 0.120727
v -0.003524 -0.011527 0.145708
v 0.002514 -0.012355 0.148742
v -0.000851 -0.012662 0.150160
v 0.006452 -0.011049 0.174744
v 0.002494 -0.012329 0.169434
v 0.002935 -0.013295 0.174752
v 0.011152 -0.011557 0.188219
v 0.013408 -0.009295 0.187525
v 0.017538 -0.006788 0.195009
v 0.015414 -0.008990 0.196246
v 0.018482 -0.007971 0.199051
v 0.022179 -0.013884 0.212304
v 0.026977 -0.017200 0.223433
v 0.020380 -0.004952 0.197575
v 0.020268 -0.006347 0.199271
v 0.023782 -0.001034 0.200722
v 0.027937 0.002762 0.202621
v 0.027884 0.002177 0.203882
v 0.033063 0.008904 0.211486
v 0.032959 0.007889 0.212684
v 0.024501 -0.019123 0.222809
v 0.026481 -0.019653 0.225526
v 0.025094 -0.021796 0.226167
v 0.027030 -0.026278 0.230586
v 0.027165 -0.031024 0.233014
v 0.028461 -0.030751 0.234284
v 0.028008 -0.034360 0.244592
v 0.026948 -0.035299 0.244148
v 0.028443 -0.035569 0.247819
v 0.027625 -0.036349 0.247630
v 0.029423 -0.016178 0.224718
v 0.028347 -0.017726 0.225661
v 0.033170 -0.015399 0.228316
v 0.037718 -0.013737 0.231736
v 0.037894 -0.015468 0.232916
v 0.044486 -0.013865 0.234531
v 0.045680 -0.014634 0.237531
v 0.043678 -0.015630 0.236284
v 0.050559 -0.016373 0.246779
v 0.049870 -0.017597 0.247677
v 0.002051 -0.002035 0.000761
v -0.004110 -0.001856 0.000926
v 0.000798 0.002155 0.005473
v 0.000627 0.004713 0.016861
v -0.001105 0.003182 0.030289
v -0.002900 0.000422 0.041762
v -0.005737 -0.000113 0.051052
v -0.003610 -0.000291 0.065065
v 0.000974 0.000804 0.091458
v 0.001658 0.000107 0.100478
v 0.000194 -0.000746 0.106426
v -0.001293 -0.003844 0.122218
v -0.001924 -0.009435 0.145696
v 0.000175 -0.010724 0.149868
v 0.002816 -0.010444 0.169281
v 0.003107 -0.011320 0.174863
v 0.010905 -0.009860 0.188340
v 0.015188 -0.007628 0.196538
v 0.020948 -0.014571 0.213883
v 0.024438 -0.018373 0.224177
v 0.025175 -0.021426 0.227536
v 0.025837 -0.025999 0.230772
v 0.027359 -0.030616 0.234206
v 0.027092 -0.034556 0.244691
v -0.002230 0.000065 0.000060
v 0.003508 0.002138 0.005580
v 0.002248 0.004599 0.018829
v 0.000867 0.003148 0.030469
v -0.000928 0.000416 0.041940
v -0.001476 -0.000025 0.051381
v -0.001815 -0.000324 0.065790
v 0.002708 0.000836 0.092305
v 0.003727 0.000123 0.100830
v 0.002401 -0.000568 0.105476
v 0.000274 -0.003809 0.121896
v -0.000257 -0.008945 0.143604
v 0.001168 -0.010576 0.150371
v 0.005031 -0.010404 0.176031
v 0.011731 -0.009051 0.188086
v 0.021123 -0.013669 0.212807
v 0.027790 -0.035728 0.247787
v 0.003024 0.003834 0.011688
v 0.000000 0.000000 -0.000000
v 0.001177 -0.001480 0.051925
v -0.013836 -0.000632 0.062403
v -0.003923 -0.000073 0.054085
v -0.006228 -0.000164 0.052723
v -0.012325 -0.000547 0.062071
v -0.011747 -0.000455 0.063785
v -0.009678 -0.000581 0.072394
v -0.008685 -0.001158 0.077758
v 0.016726 -0.006257 0.197170
v 0.016702 -0.007355 0.198641
v 0.020024 -0.004859 0.199108
v 0.023047 -0.001572 0.201242
v 0.027765 0.002693 0.203386
v 0.031889 0.007628 0.211085
v 0.033078 0.008368 0.212515
v 0.025614 -0.018028 0.225071
v 0.033742 -0.016252 0.230830
v 0.043302 -0.014735 0.235730
v 0.049803 -0.016859 0.247619
v 0.025596 -0.017167 0.223908
v 0.028907 -0.015680 0.225822
v 0.030050 -0.015784 0.227269
v 0.037539 -0.014064 0.232902
v 0.043775 -0.013920 0.235149
v 0.050112 -0.016357 0.247209
v 0.000730 -0.001809 0.007028
v 0.000077 0.000887 0.019536
v 0.000922 0.000048 0.013072
v -0.001121 -0.000309 0.030642
v -0.002901 -0.002737 0.041785
v -0.004582 -0.002885 0.049968
v -0.004324 -0.002810 0.053945
v -0.002040 -0.002498 0.074226
v 0.001131 -0.001977 0.092267
v 0.001636 -0.003026 0.101113
v -0.000402 -0.004537 0.109411
v -0.001904 -0.013660 0.145377
v 0.001239 -0.014759 0.151526
v 0.002861 -0.013528 0.163994
v 0.004758 -0.013892 0.174521
v 0.013500 -0.011544 0.187960
v 0.016947 -0.009364 0.196272
v 0.022152 -0.015826 0.212655
v 0.025889 -0.018628 0.221268
v 0.026940 -0.026829 0.229465
v 0.028499 -0.031751 0.233724
v 0.027850 -0.035269 0.244439
v 0.028402 -0.036222 0.247650
v -0.002301 -0.003884 0.001693
v 0.003441 -0.001841 0.007123
v 0.002207 0.000850 0.019741
v 0.000851 -0.000349 0.030817
v -0.000929 -0.002748 0.041962
v -0.001669 -0.002908 0.051259
v -0.002087 -0.002749 0.060003
v 0.000328 -0.002312 0.078041
v 0.002780 -0.001962 0.092183
v 0.003793 -0.002935 0.100616
v 0.002145 -0.003806 0.105605
v 0.000301 -0.007403 0.121672
v -0.000022 -0.013367 0.143988
v 0.004013 -0.013217 0.163959
v 0.005995 -0.013062 0.173992
v 0.022243 -0.014852 0.211475
v 0.002967 -0.000035 0.012967
v -0.000071 -0.003949 0.001634
v -0.013864 -0.002230 0.062185
v -0.006108 -0.002739 0.052561
v -0.012270 -0.002332 0.062151
v -0.011747 -0.002429 0.063785
v -0.009678 -0.002303 0.072394
v -0.008692 -0.001721 0.077757
v 0.018221 -0.008112 0.195876
v 0.018355 -0.009023 0.197429
v 0.021002 -0.006348 0.198000
v 0.024350 -0.001776 0.201077
v 0.028485 0.002281 0.203080
v 0.032235 0.007206 0.210718
v 0.033470 0.008165 0.212308
v 0.033781 -0.016855 0.229189
v 0.041714 -0.016075 0.234589
v 0.044134 -0.015446 0.235302
v 0.025982 -0.021860 0.225551
v 0.026428 -0.020794 0.224994
v 0.027956 -0.018456 0.223946
v 0.030168 -0.017261 0.224636
v 0.031244 -0.017342 0.226161
v 0.038170 -0.014948 0.231674
v 0.044229 -0.014738 0.234322
v 0.045445 -0.015203 0.236788
v 0.050654 -0.017335 0.246878
v -0.002426 -0.009098 0.134816
v -0.002812 -0.017718 0.138185
v 0.000131 -0.021563 0.141235
v -0.003346 -0.021219 0.139406
v -0.001209 -0.029408 0.148041
v 0.001168 -0.028344 0.149268
v 0.002114 -0.031196 0.154797
v -0.000521 -0.032129 0.153044
v 0.000927 -0.033251 0.156477
v -0.002840 -0.043447 0.167568
v -0.004741 -0.044906 0.167274
v -0.003120 -0.047661 0.173934
v 0.002251 -0.032559 0.157002
v 0.006907 -0.031475 0.160943
v 0.006040 -0.032660 0.161706
v 0.009385 -0.034654 0.166842
v 0.012248 -0.036935 0.172381
v 0.010889 -0.037577 0.172020
v 0.013405 -0.038657 0.174772
v -0.005484 -0.048458 0.171890
v -0.005611 -0.051362 0.175001
v -0.006998 -0.051817 0.173759
v -0.017286 -0.062060 0.184324
v -0.018291 -0.062184 0.183221
v -0.020748 -0.066378 0.191498
v -0.020595 -0.067733 0.196890
v -0.021495 -0.068101 0.196658
v -0.004824 -0.049169 0.176458
v -0.004919 -0.045562 0.182165
v -0.005775 -0.046631 0.184811
v -0.005053 -0.044897 0.190096
v -0.004920 -0.044015 0.191911
v -0.005824 -0.045131 0.194427
v -0.005899 -0.046062 0.192278
v -0.007833 -0.047424 0.201649
v -0.007879 -0.047799 0.200108
v -0.009002 -0.049037 0.202630
v -0.009043 -0.048622 0.204491
v -0.008923 -0.048847 0.204540
v -0.002787 -0.020540 0.140989
v -0.000808 -0.028170 0.149641
v -0.000673 -0.031751 0.154440
v -0.004605 -0.042930 0.167105
v -0.013646 -0.056785 0.180076
v -0.018375 -0.061620 0.184351
v -0.020494 -0.065856 0.192398
v -0.021192 -0.067653 0.196856
v -0.000137 -0.010590 0.133895
v -0.001288 -0.010368 0.133715
v -0.001460 -0.020921 0.141771
v -0.005046 -0.046843 0.172244
v 0.000521 -0.030943 0.155005
v -0.000147 -0.032180 0.155991
v 0.002289 -0.031386 0.157022
v 0.006184 -0.031783 0.161697
v 0.011688 -0.037253 0.172906
v 0.012922 -0.039075 0.175200
v -0.005952 -0.049427 0.174557
v -0.005498 -0.048039 0.176046
v -0.006107 -0.045414 0.192034
v -0.007222 -0.051175 0.174342
v -0.004908 -0.047773 0.173950
v -0.005990 -0.045780 0.182747
v -0.005657 -0.044441 0.191798
v -0.008057 -0.047280 0.200455
v -0.009182 -0.048136 0.202764
v -0.009281 -0.048661 0.204479
v -0.000421 -0.008364 0.136375
v -0.001525 -0.008153 0.136245
v -0.001730 -0.022266 0.138946
v 0.000721 -0.030065 0.148227
v 0.000583 -0.032813 0.153125
v -0.003378 -0.044743 0.166241
v -0.003714 -0.049528 0.172631
v -0.006101 -0.052978 0.174383
v -0.012514 -0.058201 0.179296
v -0.017392 -0.063096 0.183675
v -0.019893 -0.066746 0.191906
v 0.000880 -0.009671 0.135334
v -0.000453 -0.022755 0.139897
v -0.002716 -0.044358 0.166550
v -0.020966 -0.068191 0.196665
v 0.001815 -0.032503 0.153880
v 0.001110 -0.033738 0.154924
v 0.003169 -0.032519 0.156305
v 0.006816 -0.032561 0.161147
v 0.011886 -0.037602 0.172276
v 0.013131 -0.039283 0.175021
v -0.003790 -0.050531 0.174452
v -0.004894 -0.046614 0.183790
v -0.005718 -0.046590 0.190846
v -0.005151 -0.045708 0.192193
v -0.008222 -0.048417 0.202319
v -0.002778 -0.048865 0.173924
v -0.003186 -0.048315 0.176780
v -0.004592 -0.046145 0.183401
v -0.004717 -0.044909 0.191980
v 0.036824 -0.011561 0.061721
v 0.035900 -0.012274 0.061723
v 0.040007 -0.013175 0.061338
v 0.046477 -0.014915 0.064036
v 0.045160 -0.017506 0.062683
v 0.053407 -0.016848 0.063726
v 0.051888 -0.020822 0.062343
v 0.059728 -0.018291 0.060788
v 0.064556 -0.020458 0.058036
v 0.062234 -0.024545 0.056743
v 0.068614 -0.024669 0.052370
v 0.068874 -0.025631 0.051263
v 0.067857 -0.026776 0.052306
v 0.061745 -0.028402 0.057428
v 0.055411 -0.028824 0.060352
v 0.049329 -0.027107 0.063107
v 0.042493 -0.021712 0.063278
v 0.038552 -0.015612 0.061227
v 0.035420 -0.013296 0.061664
v 0.033234 -0.011740 0.061202
v 0.035722 -0.011366 0.064107
v 0.033145 -0.010953 0.060122
v 0.039796 -0.012864 0.070053
v 0.041092 -0.010154 0.068542
v 0.043007 -0.012112 0.076849
v 0.045466 -0.008617 0.074909
v 0.044305 -0.009213 0.083608
v 0.045982 -0.005972 0.088691
v 0.048395 -0.002431 0.085898
v 0.047809 0.001044 0.093209
v 0.048162 0.002534 0.093525
v 0.049463 0.002293 0.092102
v 0.052045 -0.000939 0.084633
v 0.052390 -0.002825 0.077556
v 0.050814 -0.005725 0.071121
v 0.044486 -0.008216 0.065017
v 0.037483 -0.009871 0.062199
v 0.034394 -0.010637 0.059494
v 0.028854 -0.007957 0.058588
v 0.031423 -0.006589 0.061371
v 0.033432 -0.000925 0.066261
v 0.034804 0.000254 0.062796
v 0.033182 0.004045 0.069187
v 0.033223 0.008006 0.070559
v 0.035668 0.008025 0.067790
v 0.033926 0.010124 0.070783
v 0.034498 0.011673 0.069214
v 0.036127 0.010965 0.068834
v 0.039073 0.008349 0.066734
v 0.040021 0.005113 0.062221
v 0.037805 0.000498 0.058580
v 0.032731 -0.005996 0.058764
v 0.029452 -0.007602 0.057569
v 0.021286 -0.011329 0.052913
v 0.020626 -0.011100 0.053390
v 0.022722 -0.013287 0.053861
v 0.027097 -0.016462 0.054697
v 0.025062 -0.016868 0.055967
v 0.030603 -0.020762 0.056032
v 0.027816 -0.021425 0.057551
v 0.032894 -0.025458 0.057446
v 0.033141 -0.030034 0.058889
v 0.029443 -0.027640 0.058943
v 0.030293 -0.035639 0.058827
v 0.029530 -0.036374 0.058619
v 0.028708 -0.035432 0.059110
v 0.027288 -0.029845 0.060738
v 0.025762 -0.025295 0.061757
v 0.024570 -0.020928 0.061288
v 0.022884 -0.016367 0.059280
v 0.021409 -0.013298 0.055449
v 0.020149 -0.011167 0.054053
v 0.022095 -0.016405 0.060386
v 0.022204 -0.019235 0.060698
v 0.021317 -0.015978 0.060666
v 0.024517 -0.024697 0.060875
v 0.025610 -0.030769 0.061733
v 0.022151 -0.029351 0.061813
v 0.025973 -0.036044 0.064213
v 0.024965 -0.039711 0.067741
v 0.021728 -0.036177 0.065130
v 0.021031 -0.044048 0.070651
v 0.020076 -0.044740 0.070706
v 0.019359 -0.043477 0.070501
v 0.018610 -0.037632 0.068146
v 0.017702 -0.032960 0.066446
v 0.017833 -0.028518 0.065042
v 0.018550 -0.023305 0.063886
v 0.020196 -0.018955 0.061687
v 0.020521 -0.015965 0.061067
v 0.016248 -0.028612 0.151570
v 0.015318 -0.028297 0.150876
v 0.015991 -0.031950 0.153140
v 0.015404 -0.036138 0.159263
v 0.013238 -0.037194 0.157005
v 0.016033 -0.042332 0.163296
v 0.012585 -0.043955 0.160704
v 0.017983 -0.049209 0.164930
v 0.018737 -0.055266 0.165641
v 0.014894 -0.056314 0.162580
v 0.018628 -0.063319 0.163295
v 0.018312 -0.064575 0.162470
v 0.016539 -0.063865 0.162478
v 0.011029 -0.057549 0.162301
v 0.007424 -0.051611 0.160408
v 0.005868 -0.044865 0.158822
v 0.008403 -0.037063 0.155187
v 0.013406 -0.032178 0.151788
v 0.014281 -0.028494 0.150384
v 0.014595 -0.027399 0.148410
v 0.014546 -0.027477 0.151319
v 0.015416 -0.027474 0.147818
v 0.012726 -0.027931 0.156569
v 0.015258 -0.028200 0.156575
v 0.011915 -0.026759 0.162110
v 0.015364 -0.027526 0.162502
v 0.012067 -0.023779 0.166914
v 0.013040 -0.021518 0.170965
v 0.016766 -0.022572 0.170846
v 0.016685 -0.018153 0.175119
v 0.017645 -0.017668 0.175613
v 0.018225 -0.019003 0.175392
v 0.018983 -0.024461 0.172009
v 0.019975 -0.028069 0.167906
v 0.019658 -0.030777 0.163155
v 0.018390 -0.030656 0.156352
v 0.016514 -0.028600 0.151203
v 0.016106 -0.028268 0.148084
v -0.013332 -0.000355 0.062269
v -0.017660 -0.005341 0.066670
v -0.019080 0.000715 0.065735
v -0.024084 -0.008573 0.070972
v -0.024799 0.003486 0.068354
v -0.030602 -0.008209 0.072111
v -0.030267 0.005229 0.069036
v -0.036799 -0.005383 0.071349
v -0.035836 0.004093 0.068924
v -0.040111 -0.001882 0.067835
v -0.039859 0.000188 0.067246
v -0.012898 -0.001632 0.062395
v -0.024851 -0.003292 0.068364
v -0.030431 -0.002415 0.069001
v -0.036547 -0.001226 0.068094
v -0.040363 -0.000879 0.066717
v -0.001649 -0.002664 0.044822
v -0.003350 -0.006675 0.048190
v -0.005463 -0.013777 0.052953
v -0.008660 -0.020338 0.056376
v -0.010682 -0.013865 0.053875
v -0.012777 -0.024705 0.058500
v -0.016590 -0.021974 0.057384
v -0.019292 -0.026964 0.058405
v -0.020785 -0.026786 0.058277
v -0.021234 -0.025259 0.058581
v -0.019873 -0.018834 0.059012
v -0.017457 -0.013019 0.057109
v -0.013212 -0.007138 0.053491
v -0.006497 -0.003953 0.048365
v -0.003238 -0.001303 0.044930
v -0.010233 -0.001477 0.075189
v -0.009602 -0.001677 0.074939
v -0.010180 -0.000335 0.077085
v -0.011016 0.001376 0.080852
v -0.012492 0.006571 0.087453
v -0.009131 0.006088 0.086195
v -0.012489 0.009259 0.089809
v -0.009652 0.010136 0.089793
v -0.010984 0.013495 0.091846
v -0.010470 0.014218 0.092016
v -0.009639 0.013463 0.092032
v -0.007410 0.009353 0.090458
v -0.005639 0.006396 0.087995
v -0.005047 0.003735 0.084906
v -0.006253 0.000861 0.080639
v -0.008467 -0.000514 0.076971
v -0.008918 -0.001710 0.074967
v -0.008626 -0.000424 0.074679
v -0.007110 -0.003442 0.077578
v -0.005043 -0.006045 0.080929
v -0.007518 -0.007014 0.080795
v -0.001915 -0.010166 0.083985
v -0.000060 -0.015402 0.087060
v -0.006296 -0.015084 0.086035
v 0.000316 -0.019855 0.089050
v -0.005002 -0.021484 0.088794
v -0.000539 -0.024609 0.089744
v -0.002490 -0.026372 0.089205
v -0.005767 -0.025015 0.090454
v -0.009571 -0.021613 0.090737
v -0.013028 -0.017055 0.088753
v -0.013064 -0.011568 0.085128
v -0.011355 -0.006803 0.081464
v -0.010215 -0.004019 0.078004
v -0.010758 -0.000995 0.075141
v -0.011821 -0.000475 0.067081
v -0.010622 0.001974 0.070277
v -0.008473 0.002709 0.072317
v -0.008656 0.007654 0.075339
v -0.005739 0.004953 0.075058
v -0.005906 0.011100 0.077712
v -0.002238 0.008365 0.076347
v -0.003303 0.013795 0.078400
v -0.000200 0.016013 0.077780
v 0.001536 0.015948 0.076720
v 0.002918 0.013354 0.076903
v 0.003211 0.009319 0.076802
v 0.001588 0.004052 0.077129
v -0.003152 0.000824 0.076298
v -0.007076 -0.000027 0.073109
v -0.009077 -0.000249 0.070088
v -0.010659 -0.001739 0.067571
v -0.009713 -0.001906 0.070291
v -0.010853 -0.002977 0.072844
v -0.010295 -0.001508 0.069577
v -0.011641 -0.004973 0.077323
v -0.014784 -0.005321 0.078666
v -0.014277 -0.010850 0.084384
v -0.016376 -0.013797 0.086387
v -0.018518 -0.010703 0.084841
v -0.020690 -0.017241 0.087433
v -0.021633 -0.017646 0.087387
v -0.022003 -0.016428 0.087501
v -0.021447 -0.010925 0.086528
v -0.020866 -0.006560 0.084281
v -0.019357 -0.003626 0.080778
v -0.015867 -0.001695 0.076273
v -0.012383 -0.001794 0.072520
v -0.010805 -0.000907 0.069864
v 0.000853 -0.001558 0.083492
v 0.003051 -0.003959 0.086257
v 0.006236 -0.005968 0.090167
v 0.004221 -0.007585 0.090367
v 0.009818 -0.009264 0.093317
v 0.012705 -0.013332 0.096563
v 0.007519 -0.014511 0.096288
v 0.013840 -0.017803 0.099440
v 0.010069 -0.020010 0.099532
v 0.012900 -0.024286 0.101206
v 0.012034 -0.025258 0.101467
v 0.011189 -0.025018 0.101766
v 0.007315 -0.020366 0.101744
v 0.003500 -0.016659 0.099959
v 0.000413 -0.011842 0.096160
v -0.000318 -0.007553 0.091890
v 0.000130 -0.004702 0.087052
v -0.000814 -0.002092 0.084070
v -0.021416 0.063127 0.198105
v -0.021573 0.064876 0.192022
v -0.022397 0.065855 0.191968
v -0.025411 0.066559 0.196876
v -0.026548 0.064278 0.203771
v -0.021886 0.061693 0.204902
v -0.029181 0.068437 0.201237
v -0.024517 0.060988 0.209351
v -0.032632 0.068515 0.205261
v -0.032279 0.062431 0.210602
v -0.028781 0.060880 0.212768
v -0.034500 0.066261 0.209660
v -0.034890 0.061175 0.212530
v -0.033738 0.061027 0.212995
v -0.035000 0.062179 0.212255
v -0.021904 0.063236 0.187187
v -0.023769 0.067198 0.190348
v -0.027640 0.071758 0.195278
v -0.024339 0.073495 0.194342
v -0.030662 0.077950 0.199245
v -0.030931 0.083513 0.201244
v -0.025759 0.083084 0.198868
v -0.028949 0.089087 0.200862
v -0.028202 0.091088 0.200442
v -0.027431 0.092084 0.199996
v -0.026292 0.091676 0.200160
v -0.024841 0.090186 0.200200
v -0.021210 0.086100 0.199734
v -0.019935 0.080914 0.197737
v -0.020446 0.074583 0.194825
v -0.021442 0.068085 0.190218
v -0.020317 0.063840 0.187128
v -0.021219 0.060901 0.179531
v -0.018926 0.063710 0.183278
v -0.016113 0.069498 0.187398
v -0.013560 0.066777 0.187210
v -0.011015 0.075250 0.188157
v -0.005824 0.077718 0.188294
v -0.004781 0.072276 0.188067
v -0.000202 0.077324 0.187104
v 0.001785 0.077038 0.186443
v 0.002878 0.076463 0.186040
v 0.002922 0.075348 0.186711
v -0.000384 0.069558 0.189517
v -0.004889 0.066338 0.189616
v -0.011173 0.063962 0.188633
v -0.017524 0.061768 0.183612
v -0.020259 0.059576 0.179749
v -0.025696 0.059349 0.181580
v -0.022757 0.054889 0.174945
v -0.022040 0.055869 0.173958
v -0.022232 0.063243 0.176521
v -0.027820 0.068272 0.180968
v -0.030357 0.065142 0.187015
v -0.023269 0.071267 0.176316
v -0.034857 0.070496 0.187414
v -0.026936 0.077316 0.175502
v -0.036946 0.077723 0.179754
v -0.038680 0.076373 0.185235
v -0.032874 0.081022 0.176673
v -0.040539 0.080316 0.178266
v -0.040547 0.079898 0.179893
v -0.039274 0.080849 0.177962
v -0.022476 0.051913 0.170614
v -0.018724 0.053207 0.176092
v -0.012203 0.056242 0.182615
v -0.015751 0.053963 0.184943
v -0.006295 0.057197 0.190575
v -0.012363 0.053845 0.193380
v -0.004088 0.056160 0.197574
v -0.009417 0.052604 0.200031
v -0.004813 0.052331 0.203896
v -0.005140 0.050643 0.206010
v -0.005809 0.049512 0.207050
v -0.007299 0.049856 0.207066
v -0.009510 0.050675 0.205958
v -0.015203 0.052309 0.202472
v -0.018512 0.053059 0.196188
v -0.020091 0.053593 0.187596
v -0.021282 0.052385 0.177684
v -0.024218 0.051385 0.171716
v -0.026129 0.026530 0.151125
v -0.027196 0.026893 0.150145
v -0.028327 0.023244 0.156783
v -0.034063 0.023497 0.152431
v -0.031431 0.016349 0.159147
v -0.026560 0.018880 0.163380
v -0.037326 0.016513 0.155583
v -0.026809 0.012759 0.165971
v -0.038815 0.010143 0.157289
v -0.031438 0.004614 0.161956
v -0.028346 0.005976 0.166429
v -0.036892 0.004324 0.160090
v -0.030920 0.000207 0.161845
v -0.030336 0.000955 0.163128
v -0.032176 0.000619 0.161667
v -0.036396 0.027183 0.161471
v -0.040509 0.028759 0.164342
v -0.046487 0.029439 0.168898
v -0.045348 0.032866 0.167910
v -0.052954 0.031797 0.172438
v -0.057010 0.035534 0.174104
v -0.053042 0.038690 0.171830
v -0.059424 0.040737 0.173460
v -0.060255 0.042619 0.172954
v -0.060384 0.043821 0.172473
v -0.059211 0.044365 0.172644
v -0.051976 0.043917 0.172534
v -0.047481 0.041129 0.170854
v -0.043408 0.036296 0.168337
v -0.039495 0.030959 0.164178
v -0.035705 0.028684 0.161388
v -0.032225 0.028104 0.157777
v -0.033358 0.026865 0.163025
v -0.033866 0.026408 0.170906
v -0.035133 0.023987 0.178544
v -0.037952 0.021320 0.173828
v -0.037589 0.020719 0.182988
v -0.040808 0.015855 0.184594
v -0.042222 0.014380 0.183365
v -0.041857 0.013934 0.184964
v -0.042568 0.012763 0.184743
v -0.043518 0.013182 0.184008
v -0.044303 0.014339 0.182410
v -0.045883 0.017177 0.177851
v -0.044396 0.020087 0.173038
v -0.040605 0.023457 0.168028
v -0.035538 0.025944 0.162091
v -0.033691 0.027424 0.157150
v -0.020651 0.040933 0.190618
v -0.026623 0.040588 0.184397
v -0.027539 0.039336 0.184745
v -0.025346 0.035314 0.191607
v -0.017825 0.033956 0.197805
v -0.014094 0.040383 0.197465
v -0.024217 0.030091 0.197868
v -0.009971 0.036845 0.202058
v -0.021270 0.025394 0.202508
v -0.010403 0.026196 0.204355
v -0.007208 0.031047 0.205842
v -0.015420 0.022973 0.205952
v -0.007449 0.022705 0.205629
v -0.006995 0.024284 0.206090
v -0.008805 0.022504 0.206026
v -0.027847 0.031338 0.202778
v -0.026443 0.040648 0.190302
v -0.032819 0.032893 0.201999
v -0.028584 0.029786 0.209710
v -0.034334 0.031549 0.209363
v -0.029739 0.030384 0.214583
v -0.034480 0.031157 0.214290
v -0.031308 0.030794 0.216914
v -0.034159 0.029636 0.217411
v -0.035381 0.031439 0.216744
v -0.037636 0.034074 0.213776
v -0.039640 0.035064 0.208561
v -0.037732 0.037245 0.201930
v -0.030229 0.039524 0.194549
v -0.027938 0.041284 0.190329
v -0.026945 0.039420 0.180303
v -0.029665 0.041953 0.184530
v -0.033452 0.044010 0.191363
v -0.032773 0.047336 0.189232
v -0.038163 0.047690 0.197102
v -0.041357 0.052272 0.199717
v -0.038499 0.054836 0.195174
v -0.043978 0.057834 0.199112
v -0.045007 0.059793 0.198613
v -0.045343 0.060981 0.197968
v -0.044225 0.061449 0.197578
v -0.042206 0.061254 0.196814
v -0.037132 0.060367 0.194332
v -0.033513 0.056743 0.191320
v -0.030684 0.050853 0.188103
v -0.028745 0.044149 0.183488
v -0.026306 0.040923 0.179620
v -0.028481 0.042688 0.196015
v -0.027726 0.042443 0.195192
v -0.026870 0.044689 0.200176
v -0.025836 0.049151 0.206747
v -0.022564 0.047366 0.205715
v -0.022586 0.054163 0.212392
v -0.018140 0.056857 0.215616
v -0.015402 0.052622 0.212554
v -0.012165 0.058090 0.216195
v -0.009967 0.058560 0.216114
v -0.008625 0.058496 0.215791
v -0.008380 0.057259 0.215741
v -0.008889 0.055216 0.215301
v -0.010406 0.050038 0.213554
v -0.013976 0.046662 0.210300
v -0.019402 0.044438 0.206083
v -0.025199 0.043300 0.200015
v -0.027366 0.041709 0.195910
v 0.016629 -0.015661 0.067008
v 0.020568 -0.015234 0.060010
v 0.021899 -0.014666 0.060330
v 0.022978 -0.013111 0.067781
v 0.018488 -0.011652 0.075640
v 0.012698 -0.015396 0.074930
v 0.025323 -0.010747 0.074690
v 0.011613 -0.012787 0.080926
v 0.025689 -0.007627 0.080650
v 0.016822 -0.005251 0.085314
v 0.012442 -0.008555 0.086371
v 0.022532 -0.004928 0.085926
v 0.016098 -0.001919 0.088133
v 0.015146 -0.003184 0.088279
v 0.017355 -0.002353 0.088107
v 0.011645 -0.008363 0.048777
v 0.013519 -0.008954 0.048443
v 0.013827 -0.007604 0.052701
v 0.018471 0.000572 0.067182
v 0.015645 -0.008259 0.052447
v 0.019841 -0.000281 0.064203
v 0.020050 0.000943 0.066252
v 0.023808 0.000117 0.066622
v 0.021452 0.003991 0.068982
v 0.028997 -0.000353 0.067807
v 0.024949 0.006095 0.071749
v 0.035438 0.000979 0.069267
v 0.038983 0.003222 0.070377
v 0.031680 0.008882 0.074249
v 0.036577 0.009552 0.074185
v 0.040671 0.009671 0.071699
v 0.017318 0.003393 0.071285
v 0.014990 0.000491 0.072010
v 0.011015 0.002421 0.079071
v 0.015644 0.007853 0.077614
v 0.008185 0.005246 0.083502
v 0.013363 0.011524 0.081782
v 0.005494 0.010223 0.087258
v 0.009063 0.017344 0.083278
v 0.004288 0.017432 0.084249
v 0.005687 0.018962 0.083922
v 0.012454 -0.008320 0.048290
v 0.014608 -0.007592 0.052253
v 0.019457 0.000496 0.065380
v 0.012868 0.005893 0.077683
v 0.010278 0.009219 0.081864
v 0.023447 0.003225 0.068209
v 0.036315 0.006425 0.071289
v 0.041505 0.008354 0.070884
v 0.016224 -0.003544 0.057313
v 0.017584 -0.004020 0.056022
v 0.016768 -0.003436 0.056342
v -0.025528 0.027384 0.148769
v -0.028896 0.030135 0.151260
v -0.035299 0.032088 0.155864
v -0.032252 0.035464 0.155484
v -0.040663 0.034569 0.157810
v -0.044316 0.038769 0.160337
v -0.039084 0.044078 0.159962
v -0.044058 0.045833 0.160531
v -0.044246 0.048053 0.160829
v -0.043919 0.049389 0.160960
v -0.042832 0.049377 0.161600
v -0.040915 0.048552 0.162112
v -0.035248 0.046629 0.164451
v -0.030938 0.043134 0.162475
v -0.029228 0.036446 0.157831
v -0.027079 0.031442 0.151847
v -0.024299 0.028284 0.149177
v 0.000295 -0.034686 0.140264
v -0.000696 -0.034889 0.139645
v 0.003708 -0.038954 0.140668
v -0.000261 -0.040589 0.136889
v 0.007556 -0.042532 0.137212
v 0.009551 -0.041197 0.142164
v 0.003901 -0.044642 0.133731
v 0.014066 -0.042997 0.140101
v 0.007757 -0.046843 0.130716
v 0.015506 -0.044682 0.132319
v 0.017638 -0.044681 0.136225
v 0.012961 -0.047329 0.129578
v 0.018206 -0.044615 0.130056
v 0.018501 -0.044783 0.131276
v 0.017443 -0.045308 0.129807
v 0.001153 -0.046366 0.144089
v 0.000110 -0.050464 0.145636
v -0.000191 -0.056722 0.147219
v -0.002482 -0.055154 0.148822
v -0.002200 -0.062781 0.149001
v -0.005170 -0.066149 0.151042
v -0.006953 -0.061967 0.152445
v -0.011157 -0.067486 0.153422
v -0.012366 -0.067256 0.153809
v -0.012254 -0.066396 0.154513
v -0.009652 -0.060973 0.156044
v -0.007156 -0.057182 0.154635
v -0.003864 -0.053557 0.151479
v -0.001053 -0.049436 0.147019
v 0.000372 -0.045677 0.145049
v 0.000296 -0.041709 0.143375
v 0.002828 -0.044535 0.145379
v 0.006235 -0.047816 0.149325
v 0.005994 -0.049384 0.146713
v 0.010466 -0.051690 0.151971
v 0.013507 -0.055271 0.152171
v 0.011426 -0.055759 0.148171
v 0.016970 -0.059397 0.148959
v 0.017399 -0.060003 0.147979
v 0.016515 -0.060328 0.147482
v 0.010976 -0.059330 0.145656
v 0.007703 -0.056304 0.144849
v 0.004762 -0.051597 0.144701
v 0.002331 -0.045754 0.143898
v -0.000050 -0.042555 0.142381
v -0.001293 -0.032951 0.139324
v -0.003406 -0.036379 0.140807
v -0.005450 -0.042977 0.141631
v -0.006397 -0.040678 0.144645
v -0.008470 -0.047358 0.141905
v -0.011586 -0.050916 0.144148
v -0.012796 -0.047152 0.149169
v -0.015767 -0.050525 0.148510
v -0.017098 -0.050709 0.149888
v -0.017731 -0.050515 0.150868
v -0.016998 -0.050202 0.151597
v -0.015460 -0.049333 0.152112
v -0.010895 -0.047217 0.154337
v -0.007709 -0.043531 0.153034
v -0.004751 -0.040089 0.147543
v -0.003199 -0.035513 0.142577
v -0.001158 -0.032371 0.140536
v -0.001602 -0.020884 0.138657
v -0.001934 -0.021958 0.141016
v -0.000974 -0.031632 0.139167
v -0.001295 -0.031740 0.140473
v 0.000021 -0.035525 0.139324
v -0.000190 -0.035661 0.140644
v 0.000694 -0.047536 0.144571
v 0.000308 -0.047310 0.145844
v -0.000829 -0.021040 0.139770
v -0.001026 -0.021442 0.140684
v -0.000458 -0.031610 0.139985
v 0.000398 -0.035570 0.140170
v 0.000761 -0.047598 0.145467
v -0.002610 -0.021556 0.139299
v -0.002746 -0.021981 0.140280
v -0.001978 -0.023089 0.139622
v -0.001770 -0.031897 0.139635
v -0.000509 -0.035821 0.139902
v 0.000212 -0.047690 0.145317
v 0.001437 -0.002802 0.204836
v -0.002260 -0.003829 0.200554
v -0.003056 -0.004553 0.200997
v -0.001691 -0.006489 0.205704
v 0.002804 -0.006508 0.210641
v 0.005164 -0.002220 0.209911
v -0.001467 -0.009159 0.210515
v 0.007510 -0.003914 0.213663
v 0.000108 -0.011634 0.214333
v 0.007111 -0.010639 0.216366
v 0.009049 -0.007213 0.217038
v 0.003685 -0.012687 0.217354
v 0.008977 -0.012711 0.217856
v 0.009223 -0.011612 0.218009
v 0.008049 -0.012829 0.218022
v -0.002682 -0.004897 0.196051
v -0.004710 -0.005999 0.200379
v -0.006492 -0.008613 0.206668
v -0.008418 -0.005763 0.206065
v -0.010019 -0.010579 0.212654
v -0.013872 -0.010393 0.216396
v -0.014619 -0.006135 0.213536
v -0.018714 -0.008555 0.217869
v -0.020558 -0.007907 0.218162
v -0.021582 -0.007263 0.218056
v -0.021202 -0.006130 0.217823
v -0.016989 -0.001865 0.214694
v -0.013491 -0.001141 0.210946
v -0.009307 -0.002181 0.206289
v -0.005592 -0.003916 0.200260
v -0.003272 -0.003472 0.195994
v -0.003616 -0.005500 0.188840
v -0.004651 -0.002815 0.192602
v -0.008035 0.000456 0.197701
v -0.005961 0.002653 0.196157
v -0.012734 0.005262 0.199711
v -0.014949 0.009983 0.199976
v -0.010572 0.010762 0.197609
v -0.015422 0.016357 0.197210
v -0.015117 0.017402 0.196386
v -0.013947 0.017519 0.196511
v -0.007972 0.014860 0.197129
v -0.005077 0.010771 0.196674
v -0.003205 0.004945 0.195916
v -0.002979 -0.001552 0.191944
v -0.002479 -0.004637 0.188382
v -0.001275 -0.008877 0.189042
v -0.000389 -0.007657 0.183037
v -0.001357 -0.007247 0.182601
v -0.005476 -0.006943 0.186494
v -0.007297 -0.010316 0.191555
v -0.003342 -0.011453 0.194865
v -0.010818 -0.007569 0.188876
v -0.006618 -0.014534 0.197254
v -0.014942 -0.010190 0.190582
v -0.013608 -0.016835 0.194660
v -0.011028 -0.017434 0.198037
v -0.016848 -0.014236 0.193152
v -0.015645 -0.019545 0.194887
v -0.014885 -0.019360 0.195825
v -0.016132 -0.018667 0.194698
v 0.000573 -0.008179 0.178409
v 0.001372 -0.003958 0.182802
v 0.000999 0.002938 0.188286
v 0.003901 0.000066 0.189859
v 0.002908 0.009458 0.194257
v 0.006268 0.012476 0.199250
v 0.008721 0.006468 0.199019
v 0.011813 0.012705 0.203082
v 0.014009 0.012696 0.204225
v 0.015359 0.012231 0.204749
v 0.015144 0.010907 0.205111
v 0.014150 0.008777 0.204839
v 0.011747 0.003187 0.203448
v 0.008938 -0.000715 0.199094
v 0.005377 -0.003424 0.192523
v 0.002753 -0.006024 0.184171
v 0.001493 -0.009582 0.179368
v 0.004769 -0.012042 0.174943
v 0.003229 -0.011517 0.175588
v -0.002775 -0.005291 0.188944
v -0.003624 -0.004440 0.188308
v -0.003608 -0.003991 0.197327
v -0.001575 -0.004592 0.202286
v -0.002699 -0.003838 0.201138
v 0.003220 -0.010727 0.173123
v 0.003226 -0.010410 0.174911
v 0.000083 -0.006713 0.182732
v -0.002705 -0.004227 0.188966
v -0.002560 -0.003783 0.199078
v -0.001799 -0.004308 0.202296
v 0.004203 -0.010832 0.174327
v -0.001623 -0.004254 0.202303
v 0.003439 -0.012620 0.173299
v 0.002149 -0.011885 0.175341
v -0.001049 -0.008089 0.182532
v -0.003870 -0.005495 0.188898
v -0.002351 -0.004505 0.201481
v 0.004046 -0.013020 0.174148
v 0.031876 -0.033503 0.254092
v 0.028028 -0.034771 0.246885
v 0.028074 -0.036276 0.246649
v 0.031682 -0.040366 0.252369
v 0.037705 -0.039461 0.259562
v 0.036656 -0.032776 0.261797
v 0.035256 -0.045669 0.256981
v 0.041556 -0.034681 0.266134
v 0.039972 -0.049046 0.260768
v 0.047469 -0.043267 0.265510
v 0.046849 -0.038634 0.268847
v 0.045562 -0.048821 0.264813
v 0.051680 -0.044595 0.266597
v 0.051043 -0.043396 0.267506
v 0.050765 -0.045610 0.266539
v 0.028337 -0.032063 0.233536
v 0.024735 -0.034579 0.236422
v 0.020421 -0.039529 0.240144
v 0.019366 -0.036068 0.241109
v 0.014611 -0.043120 0.243784
v 0.009672 -0.043554 0.246719
v 0.010818 -0.038117 0.246697
v 0.004830 -0.040999 0.248545
v 0.003054 -0.039925 0.248974
v 0.002219 -0.038943 0.249149
v 0.002942 -0.037993 0.249674
v 0.009129 -0.034231 0.250013
v 0.013934 -0.032889 0.247580
v 0.019274 -0.032812 0.243367
v 0.024392 -0.032417 0.237473
v 0.028109 -0.030601 0.234276
v 0.027671 -0.027731 0.231749
v 0.031195 -0.030603 0.234835
v 0.027266 -0.028396 0.231225
v 0.036193 -0.033230 0.240375
v 0.041686 -0.037445 0.244601
v 0.038580 -0.039933 0.239972
v 0.044952 -0.042271 0.246182
v 0.046858 -0.047844 0.244802
v 0.046101 -0.049461 0.243220
v 0.047564 -0.049799 0.244020
v 0.047670 -0.050936 0.243232
v 0.046453 -0.051305 0.243161
v 0.044378 -0.050936 0.242912
v 0.039066 -0.049591 0.241766
v 0.035230 -0.045649 0.239875
v 0.032276 -0.039541 0.237683
v 0.029908 -0.032626 0.233984
v 0.026792 -0.029112 0.231168
v 0.027429 -0.035792 0.245998
v 0.025522 -0.033724 0.249049
v 0.021735 -0.034926 0.253631
v 0.017861 -0.034611 0.258440
v 0.022717 -0.032319 0.255775
v 0.015369 -0.034183 0.261526
v 0.017003 -0.030646 0.262277
v 0.013243 -0.031914 0.263724
v 0.012523 -0.030574 0.264548
v 0.012361 -0.029598 0.264931
v 0.013219 -0.029329 0.265187
v 0.019979 -0.028218 0.264079
v 0.024138 -0.028788 0.260680
v 0.025996 -0.030999 0.255712
v 0.027140 -0.032670 0.249489
v 0.028645 -0.035242 0.246219
v 0.043696 -0.014215 0.235889
v 0.044009 -0.014981 0.235352
v 0.048252 -0.012710 0.238567
v 0.048677 -0.013806 0.237925
v 0.054283 -0.008686 0.241688
v 0.056079 -0.011241 0.238864
v 0.061478 -0.004566 0.241166
v 0.062890 -0.009355 0.237443
v 0.067109 -0.003477 0.239278
v 0.071571 -0.004824 0.235422
v 0.071956 -0.006693 0.233992
v 0.073000 -0.005362 0.233811
v 0.073592 -0.006039 0.232753
v 0.073556 -0.007240 0.233174
v 0.072599 -0.008887 0.234111
v 0.069567 -0.013089 0.236229
v 0.064377 -0.015149 0.237860
v 0.057162 -0.015696 0.239457
v 0.049115 -0.015004 0.237883
v 0.044285 -0.015781 0.235423
v 0.049308 -0.017569 0.245086
v 0.049671 -0.018769 0.249828
v 0.051286 -0.021442 0.256137
v 0.049127 -0.018736 0.256598
v 0.051186 -0.023591 0.263030
v 0.049588 -0.023636 0.268162
v 0.047292 -0.019464 0.266112
v 0.045933 -0.022120 0.271813
v 0.044416 -0.021597 0.272967
v 0.043427 -0.021025 0.273379
v 0.043575 -0.019871 0.273021
v 0.045495 -0.015356 0.268367
v 0.046720 -0.014429 0.263423
v 0.048226 -0.015221 0.257309
v 0.048708 -0.016752 0.250197
v 0.048672 -0.016189 0.245352
v 0.040935 -0.014686 0.233950
v 0.041335 -0.013498 0.238475
v 0.040518 -0.009030 0.244130
v 0.043817 -0.008875 0.243348
v 0.040198 -0.005983 0.249988
v 0.045320 -0.005728 0.248784
v 0.041807 -0.004504 0.254357
v 0.045362 -0.002433 0.257373
v 0.047272 -0.002153 0.256597
v 0.046719 -0.001252 0.258046
v 0.047728 -0.000605 0.258117
v 0.048481 -0.001345 0.257806
v 0.049095 -0.002698 0.256728
v 0.050632 -0.005172 0.252861
v 0.049925 -0.006983 0.248358
v 0.043489 -0.013833 0.238236
v 0.042403 -0.014915 0.233753
v 0.021604 -0.015975 0.215338
v 0.022373 -0.015547 0.215113
v 0.020923 -0.015870 0.218049
v 0.018479 -0.017463 0.223145
v 0.020103 -0.015420 0.223082
v 0.016203 -0.017560 0.228831
v 0.018181 -0.014700 0.228681
v 0.014225 -0.016365 0.234162
v 0.013059 -0.013512 0.238297
v 0.015641 -0.011945 0.234659
v 0.011146 -0.007419 0.240481
v 0.010858 -0.006297 0.240426
v 0.012061 -0.006198 0.239637
v 0.016848 -0.008596 0.236075
v 0.020607 -0.010248 0.232778
v 0.022854 -0.012123 0.228866
v 0.024028 -0.013768 0.223593
v 0.022771 -0.014685 0.218315
v 0.023088 -0.015071 0.215306
v 0.024273 -0.016325 0.218848
v 0.027411 -0.017001 0.219538
v 0.023740 -0.016842 0.217933
v 0.033471 -0.016623 0.222679
v 0.040129 -0.017738 0.225113
v 0.040125 -0.020132 0.221943
v 0.047109 -0.019284 0.224969
v 0.052416 -0.021555 0.222477
v 0.046594 -0.022197 0.220870
v 0.056496 -0.024351 0.216795
v 0.056770 -0.024562 0.215480
v 0.055226 -0.025250 0.215470
v 0.048261 -0.025865 0.217606
v 0.042576 -0.026459 0.218804
v 0.037199 -0.025296 0.219127
v 0.031504 -0.022931 0.218413
v 0.026967 -0.019129 0.218115
v 0.023696 -0.017867 0.217646
v 0.026552 0.002557 0.202740
v 0.028996 0.005974 0.204926
v 0.031091 0.012124 0.207363
v 0.033738 0.010523 0.205967
v 0.033497 0.018599 0.206137
v 0.036696 0.022234 0.204181
v 0.039011 0.017862 0.203238
v 0.041694 0.023718 0.199564
v 0.042632 0.023486 0.198600
v 0.043281 0.022607 0.199053
v 0.043723 0.016952 0.202368
v 0.041361 0.012895 0.204176
v 0.036964 0.008943 0.205926
v 0.030767 0.004752 0.204484
v 0.027758 0.001723 0.202428
v 0.028688 0.003671 0.209063
v 0.027879 0.002171 0.203111
v 0.027259 0.002984 0.202610
v 0.025849 0.007112 0.206241
v 0.024378 0.007533 0.212403
v 0.027781 0.005012 0.215559
v 0.022460 0.011020 0.209044
v 0.024460 0.005861 0.219325
v 0.018547 0.012563 0.212059
v 0.017100 0.008347 0.218595
v 0.019842 0.007146 0.221670
v 0.015723 0.011878 0.216321
v 0.014117 0.007982 0.220180
v 0.015115 0.007855 0.220871
v 0.014209 0.008851 0.219650
v 0.033272 0.007994 0.210546
v 0.032368 0.007953 0.210387
v 0.034077 0.007226 0.213146
v 0.036376 0.008575 0.218171
v 0.034270 0.007236 0.218548
v 0.039001 0.007548 0.223092
v 0.035995 0.005989 0.224065
v 0.041747 0.004616 0.227002
v 0.043266 0.001824 0.230461
v 0.039759 0.000375 0.231048
v 0.043385 -0.003466 0.234086
v 0.043042 -0.004483 0.234561
v 0.041774 -0.003781 0.234734
v 0.037241 0.000351 0.232872
v 0.033420 0.002990 0.229918
v 0.030970 0.005806 0.225974
v 0.030389 0.007245 0.219292
v 0.031906 0.006875 0.213557
v 0.031528 0.007787 0.210632
v 0.031681 0.007988 0.210847
v 0.032834 0.009775 0.212268
v 0.032080 0.007392 0.210317
v 0.033635 0.013202 0.215676
v 0.035616 0.012489 0.214918
v 0.035090 0.017524 0.217793
v 0.038001 0.016562 0.217198
v 0.036721 0.022212 0.218039
v 0.038780 0.025831 0.218100
v 0.041738 0.024323 0.217351
v 0.042766 0.029558 0.216506
v 0.043631 0.029934 0.216067
v 0.044180 0.028898 0.216615
v 0.044183 0.023471 0.218298
v 0.043803 0.018607 0.218361
v 0.042028 0.014146 0.218023
v 0.038281 0.010241 0.215249
v 0.034458 0.008619 0.212215
v 0.032832 0.006949 0.210701
v -0.018001 0.044409 0.148235
v -0.016784 0.047720 0.151032
v -0.016411 0.052783 0.155031
v -0.013576 0.051285 0.155015
v -0.014365 0.057980 0.158600
v -0.011124 0.060887 0.160919
v -0.008630 0.057010 0.159738
v -0.004805 0.062530 0.161732
v -0.003525 0.062451 0.161597
v -0.003302 0.061386 0.161849
v -0.004729 0.055353 0.161543
v -0.007265 0.051933 0.159431
v -0.011194 0.049151 0.156152
v -0.015119 0.046534 0.151405
v -0.016871 0.043602 0.148512
v -0.017107 0.040709 0.145329
v -0.018937 0.041895 0.149025
v -0.020898 0.042543 0.154828
v -0.021757 0.045003 0.153231
v -0.024148 0.044034 0.160036
v -0.027172 0.046471 0.162688
v -0.026751 0.048915 0.158891
v -0.031882 0.050609 0.162814
v -0.032687 0.051430 0.162379
v -0.032076 0.052112 0.161836
v -0.027537 0.053179 0.158194
v -0.024565 0.051524 0.155202
v -0.021527 0.048036 0.152130
v -0.019115 0.043667 0.148157
v -0.017217 0.041926 0.144755
v -0.017704 0.035617 0.139609
v -0.017028 0.036261 0.138877
v -0.021050 0.038507 0.142847
v -0.018888 0.042322 0.139175
v -0.026165 0.042160 0.142641
v -0.026089 0.038612 0.146847
v -0.024221 0.046214 0.139525
v -0.031171 0.039988 0.147241
v -0.029074 0.048465 0.139091
v -0.035498 0.044154 0.141819
v -0.036038 0.042170 0.145766
v -0.034353 0.048154 0.139898
v -0.038827 0.044349 0.140680
v -0.038665 0.043964 0.141876
v -0.038266 0.045238 0.140545
v -0.016442 0.034786 0.137576
v -0.014206 0.037765 0.139705
v -0.012522 0.043820 0.142689
v -0.010358 0.040821 0.143950
v -0.009963 0.048322 0.143940
v -0.006528 0.051355 0.146471
v -0.003268 0.046335 0.148710
v -0.001019 0.050282 0.148744
v 0.000707 0.050221 0.149594
v 0.001669 0.049814 0.150149
v 0.001282 0.049088 0.150849
v 0.000114 0.047763 0.151364
v -0.003135 0.043978 0.153686
v -0.006280 0.040455 0.151916
v -0.010771 0.038808 0.146638
v -0.013679 0.036264 0.140886
v -0.016077 0.033771 0.138388
v -0.011712 0.021365 0.130754
v -0.011524 0.022469 0.133515
v -0.012226 0.023230 0.132875
v -0.018030 0.036813 0.139151
v -0.017202 0.036311 0.140091
v -0.017453 0.041580 0.145194
v -0.017700 0.045263 0.149528
v -0.016889 0.044804 0.150255
v -0.012483 0.021235 0.132082
v -0.012306 0.021625 0.132984
v -0.017969 0.036057 0.139744
v -0.016820 0.041845 0.146653
v -0.017327 0.045067 0.150241
v -0.010867 0.022238 0.131485
v -0.010789 0.022613 0.132493
v -0.011873 0.023540 0.131958
v -0.017192 0.036971 0.139488
v -0.016861 0.041828 0.145741
v -0.016982 0.045204 0.149978
v -0.013913 0.027551 0.132687
v -0.013528 0.027653 0.134083
v -0.014310 0.027334 0.133641
v -0.013222 0.028075 0.133237
v 0.009035 0.023098 0.143146
v 0.011613 0.023670 0.146792
v 0.015556 0.025760 0.151466
v 0.014239 0.022992 0.152406
v 0.019810 0.026192 0.156530
v 0.022207 0.024691 0.160572
v 0.018856 0.021388 0.159866
v 0.023890 0.019613 0.164403
v 0.023905 0.018398 0.164835
v 0.022822 0.018146 0.164941
v 0.016988 0.018403 0.162837
v 0.014076 0.019284 0.159186
v 0.012003 0.021018 0.154026
v 0.010449 0.022158 0.147617
v 0.008236 0.022082 0.143727
v 0.006203 0.020531 0.140260
v 0.006363 0.023895 0.142921
v 0.005482 0.028178 0.147259
v 0.008215 0.028644 0.145975
v 0.005503 0.033492 0.150676
v 0.007076 0.037673 0.152146
v 0.010391 0.036068 0.149499
v 0.010838 0.042559 0.151002
v 0.011702 0.043219 0.150429
v 0.012524 0.042545 0.150361
v 0.014656 0.037112 0.149395
v 0.013921 0.032950 0.147761
v 0.011433 0.028426 0.145719
v 0.008283 0.023954 0.142437
v 0.007517 0.020570 0.139953
v 0.002664 0.018381 0.133722
v 0.002902 0.017221 0.133794
v 0.006306 0.021666 0.136165
v 0.008685 0.016466 0.136295
v 0.012247 0.023672 0.135667
v 0.008641 0.027599 0.137034
v 0.014837 0.018888 0.136239
v 0.012672 0.030794 0.135840
v 0.019569 0.021081 0.134970
v 0.019522 0.028746 0.132050
v 0.017553 0.032356 0.133753
v 0.022322 0.025287 0.133142
v 0.021872 0.030204 0.129866
v 0.021251 0.030998 0.130632
v 0.022256 0.029414 0.130458
v 0.002040 0.015457 0.132794
v 0.002383 0.016717 0.137117
v 0.001455 0.015063 0.132516
v 0.003420 0.020018 0.143152
v -0.000009 0.018211 0.142347
v 0.003861 0.020049 0.149456
v -0.001905 0.018431 0.146786
v 0.002071 0.017561 0.153699
v -0.003182 0.015644 0.151000
v -0.002248 0.013390 0.154480
v -0.003578 0.012112 0.155029
v -0.004564 0.011459 0.155051
v -0.005334 0.012135 0.154707
v -0.005964 0.013513 0.153664
v -0.008475 0.017683 0.151099
v -0.007634 0.020224 0.146824
v -0.003043 0.019908 0.141733
v 0.000448 0.016681 0.136693
v 0.000719 0.015433 0.132505
v -0.006253 0.010887 0.125721
v -0.006655 0.010922 0.128303
v 0.001376 0.015601 0.131701
v 0.000831 0.015306 0.132900
v 0.003897 0.018017 0.133697
v 0.003328 0.017834 0.134901
v 0.009802 0.023111 0.144251
v 0.009045 0.022628 0.145259
v -0.007019 0.011625 0.126574
v -0.007163 0.011570 0.127580
v 0.000726 0.016042 0.132266
v 0.003329 0.018356 0.134346
v 0.009323 0.023169 0.145012
v -0.005766 0.010197 0.126801
v -0.005950 0.010205 0.127863
v -0.005001 0.011362 0.127756
v 0.001581 0.014955 0.132382
v 0.003973 0.017625 0.134433
v 0.009662 0.022703 0.145043
v 0.005384 -0.031698 0.160784
v 0.006444 -0.032392 0.159993
v 0.007309 -0.029647 0.167162
v 0.013387 -0.031812 0.163912
v 0.012764 -0.025168 0.174226
v 0.005498 -0.027257 0.174343
v 0.018076 -0.027995 0.169488
v 0.006769 -0.025897 0.178978
v 0.021299 -0.025792 0.175072
v 0.015514 -0.022527 0.182987
v 0.010506 -0.024403 0.184669
v 0.020835 -0.024302 0.181627
v 0.016905 -0.020379 0.186613
v 0.015569 -0.021238 0.186770
v 0.017829 -0.021156 0.186045
v -0.003304 -0.048418 0.174686
v -0.004378 -0.049084 0.173890
v -0.001572 -0.051623 0.180549
v -0.005954 -0.056215 0.177142
v 0.001929 -0.058206 0.183226
v 0.003633 -0.052458 0.186705
v -0.002398 -0.062894 0.180621
v 0.008409 -0.056370 0.189181
v 0.001667 -0.067992 0.182408
v 0.011136 -0.065579 0.185767
v 0.012611 -0.061904 0.189735
v 0.007634 -0.070056 0.184762
v 0.014794 -0.068079 0.185490
v 0.014751 -0.067019 0.186682
v 0.013654 -0.068772 0.185516
v 0.028815 -0.016367 0.225491
v 0.027221 -0.010344 0.235653
v 0.027862 -0.013796 0.230280
v 0.026326 -0.006444 0.241171
v 0.027232 -0.003304 0.237603
v 0.028354 -0.001999 0.244083
v 0.028733 0.005095 0.243723
v 0.028964 0.004269 0.242169
v 0.028601 0.006224 0.243138
v 0.029474 0.006096 0.242480
v 0.030481 0.005159 0.241264
v 0.031608 0.002582 0.238025
v 0.030942 -0.001112 0.235669
v 0.030104 -0.006296 0.232989
v 0.030102 -0.013552 0.229496
v 0.030244 -0.015924 0.225397
v 0.009071 0.002117 0.165623
v 0.011586 0.002812 0.169292
v 0.014565 0.005067 0.174565
v 0.015246 0.001949 0.174265
v 0.018800 0.006168 0.179542
v 0.022408 0.005110 0.182736
v 0.021409 0.000960 0.180635
v 0.027391 0.001100 0.184278
v 0.028171 0.000077 0.184188
v 0.027463 -0.000786 0.184141
v 0.022194 -0.003342 0.182086
v 0.018600 -0.003176 0.178981
v 0.014889 -0.001372 0.174869
v 0.011666 0.000737 0.169396
v 0.009117 0.000704 0.165716
v 0.007624 -0.000440 0.161841
v 0.006433 0.001187 0.165630
v 0.004244 0.002288 0.171281
v 0.005912 0.004692 0.170400
v 0.002013 0.004991 0.176537
v 0.001253 0.008461 0.179619
v 0.004258 0.010172 0.176685
v 0.001312 0.014642 0.180677
v 0.001519 0.015832 0.180451
v 0.002541 0.015854 0.180152
v 0.007081 0.013500 0.177176
v 0.008469 0.010599 0.173986
v 0.008566 0.006532 0.170207
v 0.007842 0.002537 0.165287
v 0.008593 0.000474 0.161628
v 0.005323 -0.001145 0.154823
v 0.006203 -0.001940 0.154863
v 0.004848 0.002010 0.159238
v 0.009742 -0.000824 0.160011
v 0.002315 0.007250 0.162044
v 0.012400 0.004001 0.163667
v 0.008783 0.010192 0.164391
v 0.003428 0.011844 0.164792
v 0.014259 0.006944 0.165954
v 0.010582 0.014018 0.167885
v 0.006248 0.014816 0.168510
v 0.013974 0.011215 0.169163
v 0.011783 0.015460 0.171287
v 0.010524 0.015339 0.171219
v 0.012210 0.014501 0.171150
v 0.005590 -0.003500 0.152778
v 0.008666 -0.003706 0.155763
v 0.013452 -0.001715 0.160403
v 0.012289 -0.005416 0.160873
v 0.018071 -0.001112 0.162989
v 0.021841 -0.002273 0.166429
v 0.019635 -0.008204 0.167322
v 0.023950 -0.007529 0.168570
v 0.024780 -0.009027 0.169450
v 0.024948 -0.010102 0.169914
v 0.023996 -0.010346 0.170363
v 0.022157 -0.010326 0.170429
v 0.016750 -0.010458 0.171437
v 0.012613 -0.009931 0.168602
v 0.009880 -0.006711 0.162865
v 0.007599 -0.005204 0.156499
v 0.004871 -0.004522 0.153289
v -0.000046 -0.009855 0.144175
v 0.000151 -0.010956 0.146537
v 0.004705 -0.003951 0.151840
v 0.004682 -0.004901 0.152798
v 0.005801 -0.001382 0.154734
v 0.005698 -0.002267 0.155741
v 0.009911 0.002202 0.166671
v 0.009783 0.001056 0.167370
v -0.000894 -0.010066 0.145221
v -0.000770 -0.010538 0.146115
v 0.004055 -0.004210 0.152508
v 0.005291 -0.001697 0.155442
v 0.009653 0.001698 0.167372
v 0.000955 -0.010439 0.144908
v 0.001025 -0.010908 0.145876
v 0.001120 -0.009466 0.146279
v 0.005372 -0.004533 0.152213
v 0.006235 -0.001875 0.155255
v 0.010191 0.001550 0.167226
v 0.012602 -0.001250 0.105239
v 0.013198 -0.001978 0.104340
v 0.024072 -0.004829 0.111389
v 0.020953 -0.002837 0.112763
v 0.002949 -0.000730 0.103493
v 0.003338 -0.002713 0.100184
v 0.033995 -0.006822 0.129297
v 0.036410 -0.008024 0.127401
v 0.047069 -0.006758 0.142786
v 0.051324 -0.008043 0.141568
v 0.052243 -0.007731 0.143623
v 0.055578 -0.008355 0.144299
v 0.056313 -0.008938 0.142521
v 0.061078 -0.008942 0.147051
v 0.065673 -0.007266 0.157763
v 0.063221 -0.009305 0.147614
v 0.067863 -0.007369 0.159399
v 0.067426 -0.007265 0.159786
v 0.064297 -0.010021 0.145962
v 0.053297 -0.005734 0.152409
v 0.056350 -0.007442 0.148599
v 0.061736 -0.003732 0.166639
v 0.063679 -0.005459 0.162257
v 0.074020 0.000423 0.186033
v 0.076985 -0.000906 0.183476
v 0.074948 0.001453 0.189075
v 0.081429 -0.000058 0.187325
v 0.079226 0.001549 0.190631
v 0.090413 0.002757 0.196840
v 0.091195 0.005035 0.202188
v 0.100661 0.007447 0.209719
v 0.098648 0.008405 0.211127
v 0.100130 0.009908 0.215054
v 0.102180 0.009741 0.215371
v 0.102596 0.010281 0.221079
v 0.107524 0.011480 0.229798
v 0.109054 0.011789 0.228898
v 0.022203 -0.005430 0.112157
v 0.003218 -0.003288 0.101859
v 0.035294 -0.008581 0.129152
v 0.050604 -0.008554 0.142667
v 0.055128 -0.008034 0.149992
v 0.068688 -0.004171 0.173518
v 0.078260 -0.001172 0.187128
v 0.090021 0.001983 0.198579
v 0.100961 0.008393 0.214420
v 0.108344 0.010796 0.229095
v 0.109572 0.012022 0.231592
v 0.012446 -0.004239 0.105910
v 0.048716 -0.007835 0.143761
v 0.053476 -0.007508 0.150554
v 0.062777 -0.005106 0.166498
v 0.075696 -0.000824 0.187236
v 0.080178 -0.000354 0.190365
v 0.099751 0.006992 0.211032
v 0.101126 0.008724 0.216183
v 0.003102 -0.002573 0.103061
v 0.047941 -0.006329 0.145022
v 0.062934 -0.010331 0.146348
v 0.051392 -0.008330 0.143826
v 0.055813 -0.009695 0.143903
v 0.061689 -0.009988 0.146852
v 0.062163 -0.009792 0.148389
v 0.065250 -0.008550 0.155582
v 0.013726 -0.003778 0.104330
v 0.023142 -0.002958 0.110997
v 0.003224 -0.000938 0.100473
v 0.035649 -0.006259 0.128156
v 0.050344 -0.006757 0.141915
v 0.051333 -0.006749 0.143196
v 0.055439 -0.005856 0.149093
v 0.063239 -0.004002 0.163184
v 0.076550 0.000813 0.184165
v 0.081968 0.002069 0.188931
v 0.090405 0.004642 0.197567
v 0.100316 0.009286 0.210819
v 0.101481 0.010840 0.214568
v 0.103465 0.011263 0.220650
v 0.108184 0.012481 0.229357
v 0.011964 -0.001824 0.106760
v 0.022065 -0.002227 0.111581
v 0.049051 -0.006130 0.143091
v 0.054214 -0.005249 0.150266
v 0.063208 -0.003177 0.165903
v 0.076210 0.001701 0.186327
v 0.080100 0.002418 0.189226
v 0.092385 0.006005 0.201368
v 0.003108 -0.000209 0.101680
v 0.063234 -0.008939 0.146044
v 0.056467 -0.007613 0.143393
v 0.062048 -0.008459 0.146548
v 0.062557 -0.008124 0.147960
v 0.065593 -0.007096 0.155207
v 0.067596 -0.006968 0.159686
v 0.047568 -0.005860 0.144480
v 0.048890 -0.007257 0.146300
v 0.046025 -0.007279 0.147656
v 0.048435 -0.006161 0.146406
v 0.045233 -0.013366 0.162822
v 0.044661 -0.014259 0.164224
v 0.054339 -0.015517 0.180292
v 0.051061 -0.015882 0.176168
v 0.054129 -0.016094 0.182575
v 0.054601 -0.015943 0.182548
v 0.042863 -0.014581 0.163959
v 0.047969 -0.005615 0.145783
v 0.043432 -0.013579 0.163454
v 0.054301 -0.015792 0.182670
v 0.046462 -0.006111 0.148148
v 0.044375 -0.013179 0.163364
v 0.044997 -0.013251 0.164223
v 0.053723 -0.015291 0.180472
v 0.048147 -0.007119 0.144499
v 0.044015 -0.014747 0.163310
v 0.048629 -0.007609 0.145161
v 0.047260 -0.007799 0.147824
v 0.044998 -0.014085 0.162617
v 0.045626 -0.014546 0.163963
v 0.053176 -0.016279 0.178226
v 0.044554 -0.012333 0.159099
v 0.044530 -0.012742 0.160897
v 0.044205 -0.015656 0.163723
v 0.043737 -0.017835 0.163469
v 0.042204 -0.020213 0.166679
v 0.039863 -0.022246 0.174285
v 0.041436 -0.021606 0.167040
v 0.038768 -0.023416 0.175272
v 0.038848 -0.023251 0.175417
v 0.041165 -0.022424 0.165787
v 0.041246 -0.021217 0.165858
v 0.043517 -0.012362 0.160137
v 0.043398 -0.015498 0.162977
v 0.041501 -0.020450 0.166220
v 0.041114 -0.020662 0.167368
v 0.039665 -0.022002 0.172296
v 0.038646 -0.023205 0.175411
v 0.042299 -0.021608 0.166023
v 0.045563 -0.012740 0.160114
v 0.044989 -0.015961 0.163027
v 0.042432 -0.021078 0.166656
v 0.042249 -0.021249 0.167552
v 0.040113 -0.022857 0.174148
v 0.081792 -0.044366 0.216548
v 0.080557 -0.044171 0.212228
v 0.080153 -0.044906 0.208928
v 0.077470 -0.044325 0.205169
v 0.074837 -0.042421 0.202215
v 0.072988 -0.040084 0.199899
v 0.068769 -0.038618 0.199424
v 0.070552 -0.038576 0.198582
v 0.084328 -0.028088 0.194703
v 0.083527 -0.027956 0.193307
v 0.076699 -0.026279 0.187299
v 0.072950 -0.025953 0.186946
v 0.069077 -0.025753 0.185805
v 0.067053 -0.025952 0.186136
v 0.066439 -0.024570 0.185111
v 0.059218 -0.043289 0.208108
v 0.065317 -0.014878 0.177844
v 0.064480 -0.042769 0.203493
v 0.069794 -0.037342 0.196839
v 0.069258 -0.035118 0.193455
v 0.065783 -0.024674 0.185422
v 0.064963 -0.022999 0.182389
v 0.064416 -0.016083 0.179044
v 0.064779 -0.014186 0.177859
v 0.064795 -0.006693 0.170684
v 0.063778 -0.004109 0.168100
v 0.081750 -0.043939 0.216587
v 0.080483 -0.043541 0.212021
v 0.080338 -0.044198 0.208800
v 0.077712 -0.043503 0.205660
v 0.075116 -0.041254 0.202647
v 0.073364 -0.038853 0.200495
v 0.070738 -0.036584 0.198239
v 0.079517 -0.044343 0.209249
v 0.070952 -0.037305 0.199279
v 0.084508 -0.027941 0.194691
v 0.083382 -0.027951 0.193678
v 0.069556 -0.025124 0.186790
v 0.067117 -0.024866 0.187192
v 0.066084 -0.023568 0.186342
v 0.069371 -0.037496 0.200075
v 0.065879 -0.004059 0.168362
v 0.057630 -0.042905 0.208944
v 0.059384 -0.042577 0.207836
v 0.064932 -0.041814 0.204070
v 0.066774 -0.039775 0.202671
v 0.069714 -0.036451 0.198742
v 0.069758 -0.033889 0.194485
v 0.065790 -0.021735 0.183609
v 0.065462 -0.015003 0.180403
v 0.066410 -0.013434 0.179087
v 0.067243 -0.005913 0.171586
v 0.065519 -0.003436 0.168844
v 0.081087 -0.044205 0.215965
v 0.081993 -0.044167 0.216458
v 0.080044 -0.043846 0.212121
v 0.080972 -0.043868 0.212097
v 0.080686 -0.044558 0.208710
v 0.076798 -0.043854 0.205315
v 0.077977 -0.043817 0.205044
v 0.071714 -0.038643 0.199620
v 0.073235 -0.039227 0.199617
v 0.057712 -0.043235 0.208974
v 0.057351 -0.042850 0.208661
v 0.064863 -0.041921 0.203111
v 0.064761 -0.042687 0.204286
v 0.068228 -0.038014 0.200174
v 0.069984 -0.038272 0.199624
v 0.069214 -0.036566 0.197717
v 0.084475 -0.027707 0.194428
v 0.083512 -0.027540 0.193241
v 0.076652 -0.026340 0.187907
v 0.076636 -0.025765 0.187434
v 0.073050 -0.025345 0.187284
v 0.067791 -0.025783 0.186724
v 0.069197 -0.024768 0.185796
v 0.071182 -0.037454 0.197865
v 0.068869 -0.034509 0.194201
v 0.070422 -0.035090 0.194255
v 0.065336 -0.023983 0.185834
v 0.067177 -0.023860 0.185373
v 0.066305 -0.022716 0.182812
v 0.064524 -0.021871 0.183030
v 0.064297 -0.015096 0.179805
v 0.065133 -0.012884 0.178256
v 0.066509 -0.015493 0.178756
v 0.066497 -0.007027 0.170448
v 0.064394 -0.003207 0.168921
v 0.065282 -0.004935 0.167596
v 0.033993 -0.006614 0.125092
v 0.032716 -0.000537 0.130583
v 0.033090 0.000619 0.135558
v 0.032114 0.002131 0.132522
v 0.034879 0.007789 0.141321
v 0.036116 0.006007 0.142711
v 0.039001 0.008532 0.146836
v 0.037440 0.010261 0.145020
v 0.039456 0.010913 0.147783
v 0.043667 0.022124 0.154834
v 0.042932 0.024082 0.154293
v 0.046676 0.026430 0.159209
v 0.040068 0.009821 0.148448
v 0.043108 0.007403 0.152297
v 0.043338 0.008751 0.152617
v 0.049119 0.010146 0.162687
v 0.048659 0.011277 0.162036
v 0.050086 0.011044 0.165194
v 0.044932 0.027830 0.157386
v 0.046020 0.030411 0.159969
v 0.044969 0.031213 0.158876
v 0.049269 0.046441 0.161669
v 0.048444 0.046850 0.160695
v 0.053102 0.053042 0.164403
v 0.056621 0.055179 0.167201
v 0.056347 0.055896 0.166742
v 0.048068 0.029054 0.159860
v 0.054091 0.028600 0.160038
v 0.055708 0.030470 0.161038
v 0.060497 0.030453 0.162545
v 0.062279 0.030356 0.162842
v 0.063779 0.032248 0.163787
v 0.061713 0.032245 0.163429
v 0.068450 0.036786 0.166396
v 0.067100 0.036611 0.165992
v 0.070188 0.039005 0.167313
v 0.070114 0.039071 0.167524
v 0.033593 0.001817 0.133105
v 0.036636 0.007261 0.141520
v 0.038695 0.010519 0.145245
v 0.043685 0.022822 0.153288
v 0.049522 0.046545 0.160556
v 0.054010 0.052827 0.164624
v 0.056678 0.055503 0.166772
v 0.032431 -0.007463 0.126962
v 0.032483 -0.006909 0.126058
v 0.033917 0.001405 0.134425
v 0.045899 0.026726 0.156951
v 0.039400 0.009454 0.145782
v 0.039651 0.010851 0.146373
v 0.040611 0.009133 0.147868
v 0.043716 0.008156 0.152248
v 0.049422 0.010825 0.162696
v 0.050264 0.011704 0.165267
v 0.046580 0.029402 0.158584
v 0.048316 0.028725 0.158698
v 0.061834 0.031941 0.162872
v 0.045725 0.031146 0.158618
v 0.046779 0.027631 0.158153
v 0.054524 0.029561 0.159696
v 0.062058 0.031037 0.162560
v 0.067615 0.036521 0.165739
v 0.069091 0.038349 0.166334
v 0.070180 0.039176 0.167181
v 0.035364 -0.007882 0.126544
v 0.035446 -0.007338 0.125694
v 0.031160 0.001580 0.133909
v 0.034573 0.006991 0.142941
v 0.037106 0.009974 0.146098
v 0.042104 0.022846 0.154680
v 0.044878 0.027520 0.159326
v 0.044853 0.031476 0.160274
v 0.046773 0.039853 0.160791
v 0.048310 0.046924 0.161902
v 0.053182 0.052821 0.165281
v 0.033871 -0.008242 0.127654
v 0.031569 0.001307 0.135317
v 0.042464 0.022290 0.155010
v 0.056271 0.055614 0.167123
v 0.037729 0.009220 0.146989
v 0.038029 0.010655 0.147576
v 0.039478 0.009028 0.148745
v 0.042892 0.008051 0.152845
v 0.048765 0.010728 0.162769
v 0.050017 0.011643 0.165440
v 0.045830 0.028633 0.160475
v 0.060360 0.032045 0.163287
v 0.061748 0.031546 0.163683
v 0.068923 0.038657 0.167126
v 0.046097 0.026897 0.160047
v 0.048573 0.027615 0.160562
v 0.054936 0.029325 0.161217
v 0.061912 0.030758 0.163460
v 0.043195 0.006966 0.220923
v 0.041383 0.005819 0.216970
v 0.039460 0.004328 0.214588
v 0.037595 0.004754 0.210345
v 0.037152 0.005793 0.206101
v 0.037608 0.006582 0.202438
v 0.037016 0.010143 0.199766
v 0.037471 0.008224 0.199751
v 0.050815 -0.003588 0.196335
v 0.049840 -0.003414 0.195223
v 0.046487 -0.000469 0.187123
v 0.045154 0.002553 0.185284
v 0.043393 0.005250 0.182841
v 0.042535 0.007080 0.182443
v 0.043253 0.007226 0.180674
v 0.032241 0.021752 0.205322
v 0.047832 0.002828 0.164547
v 0.054764 -0.005742 0.152234
v 0.031988 0.023469 0.205414
v 0.033183 0.015067 0.203406
v 0.037619 0.008190 0.197490
v 0.038133 0.007310 0.193534
v 0.042871 0.008012 0.180777
v 0.042926 0.007450 0.177369
v 0.047652 0.003636 0.164201
v 0.049446 0.001763 0.162330
v 0.053694 -0.004120 0.155491
v 0.043555 0.007100 0.220728
v 0.041818 0.005890 0.216469
v 0.040092 0.004237 0.214208
v 0.038559 0.004953 0.210416
v 0.038405 0.005994 0.205970
v 0.039011 0.006798 0.202441
v 0.039121 0.008257 0.198569
v 0.039797 0.005129 0.214325
v 0.038950 0.008480 0.199822
v 0.050720 -0.003523 0.196669
v 0.049915 -0.003102 0.195457
v 0.044458 0.005470 0.183484
v 0.043847 0.007768 0.182761
v 0.044249 0.008435 0.181068
v 0.032225 0.023583 0.205198
v 0.038434 0.010179 0.199950
v 0.048743 0.003743 0.166490
v 0.055430 -0.004805 0.157487
v 0.055691 -0.006736 0.153857
v 0.032819 0.021604 0.204820
v 0.034375 0.015159 0.203558
v 0.036359 0.013271 0.202143
v 0.039001 0.009398 0.198516
v 0.039732 0.007645 0.193925
v 0.044703 0.007685 0.178188
v 0.049607 0.003803 0.164996
v 0.055798 -0.004504 0.157012
v 0.056244 -0.006157 0.153526
v 0.042851 0.007287 0.220122
v 0.043413 0.006788 0.220830
v 0.041418 0.006253 0.216535
v 0.041761 0.005459 0.216873
v 0.039894 0.003833 0.214444
v 0.037779 0.005478 0.209976
v 0.038185 0.004357 0.210186
v 0.038233 0.007770 0.201033
v 0.038338 0.006387 0.201888
v 0.032063 0.023682 0.204843
v 0.033925 0.014705 0.202831
v 0.033638 0.015253 0.204094
v 0.037575 0.011092 0.199856
v 0.037862 0.009290 0.200207
v 0.038351 0.009270 0.197580
v 0.050526 -0.003393 0.196684
v 0.050166 -0.003360 0.194960
v 0.046626 -0.000128 0.187612
v 0.046946 -0.000251 0.186952
v 0.045828 0.002754 0.185287
v 0.043173 0.006795 0.183097
v 0.044276 0.005326 0.182393
v 0.038428 0.007533 0.198869
v 0.038753 0.008130 0.193675
v 0.038894 0.006750 0.194584
v 0.043424 0.008725 0.180594
v 0.044101 0.006968 0.180859
v 0.043932 0.008353 0.177046
v 0.048969 0.004080 0.163868
v 0.048122 0.002857 0.166197
v 0.055333 -0.004014 0.155560
v 0.053981 -0.005278 0.156772
v 0.054464 -0.006989 0.153481
v 0.055992 -0.005390 0.152566
v 0.078000 0.000057 0.185734
v 0.077982 0.000525 0.188337
v 0.086714 0.003696 0.189264
v 0.086147 0.003856 0.185935
v 0.096352 0.008687 0.191624
v 0.096265 0.007691 0.194067
v 0.102428 0.009129 0.197485
v 0.102917 0.010248 0.195117
v 0.110834 0.017829 0.195956
v 0.111530 0.017504 0.197479
v 0.121289 0.023916 0.203377
v 0.104712 0.009414 0.200026
v 0.105022 0.011128 0.197823
v 0.108425 0.008539 0.203678
v 0.110515 0.007730 0.207930
v 0.110942 0.008467 0.207512
v 0.118181 0.007344 0.213081
v 0.118857 0.008307 0.212600
v 0.120798 0.024942 0.201091
v 0.122661 0.026119 0.202922
v 0.127739 0.036051 0.203360
v 0.126858 0.036293 0.202893
v 0.127701 0.036416 0.204105
v 0.135336 0.040822 0.204540
v 0.135012 0.041377 0.203528
v 0.137631 0.042325 0.205119
v 0.137495 0.042820 0.204350
v 0.121652 0.024042 0.205729
v 0.122762 0.024825 0.204660
v 0.124461 0.023926 0.209086
v 0.126708 0.023641 0.213303
v 0.127368 0.025204 0.213359
v 0.127899 0.024896 0.218956
v 0.129974 0.026106 0.220167
v 0.135578 0.029183 0.224423
v 0.129145 0.026472 0.218304
v 0.136952 0.029842 0.225048
v 0.078350 -0.001073 0.186873
v 0.086683 0.002574 0.186732
v 0.097322 0.007288 0.192578
v 0.103467 0.009292 0.195371
v 0.111602 0.016912 0.196175
v 0.121894 0.024476 0.201324
v 0.124179 0.027688 0.201909
v 0.125450 0.030794 0.202005
v 0.135518 0.040895 0.203805
v 0.087569 0.002905 0.188225
v 0.121252 0.023597 0.201684
v 0.137679 0.042376 0.204580
v 0.104256 0.009016 0.196935
v 0.105118 0.010126 0.196466
v 0.105929 0.009603 0.199704
v 0.117616 0.007747 0.211822
v 0.118839 0.007972 0.212855
v 0.122654 0.024680 0.202397
v 0.126228 0.025052 0.209732
v 0.128888 0.025643 0.218057
v 0.135748 0.029753 0.223431
v 0.137210 0.030165 0.224820
v 0.122985 0.023413 0.205009
v 0.124041 0.023734 0.206451
v 0.127601 0.024062 0.213262
v 0.128477 0.024962 0.218465
v 0.077601 0.001738 0.186945
v 0.085568 0.004875 0.186967
v 0.096044 0.009391 0.193370
v 0.102787 0.011030 0.196128
v 0.110126 0.017966 0.196912
v 0.119529 0.024608 0.202013
v 0.124690 0.032418 0.202829
v 0.127120 0.037117 0.203936
v 0.135113 0.041494 0.204277
v 0.137415 0.042806 0.204981
v 0.085307 0.004578 0.188180
v 0.102736 0.010486 0.197500
v 0.103697 0.011536 0.197216
v 0.104666 0.010693 0.199999
v 0.107989 0.009367 0.203781
v 0.110323 0.008398 0.208036
v 0.117215 0.008066 0.211959
v 0.118611 0.008193 0.213089
v 0.128041 0.026347 0.216492
v 0.128336 0.026221 0.218567
v 0.136858 0.030165 0.225079
v 0.122202 0.027439 0.202373
v 0.121377 0.025086 0.204046
v 0.122973 0.025006 0.207169
v 0.126428 0.024629 0.213492
v 0.127728 0.025545 0.218717
v 0.135673 0.029915 0.224472
v 0.109364 0.012131 0.231654
v 0.109488 0.012307 0.231563
v 0.052749 -0.043576 0.209153
v 0.059147 -0.043392 0.207190
v 0.059741 -0.042731 0.208045
v 0.056028 -0.040624 0.212812
v 0.048755 -0.039255 0.214680
v 0.045803 -0.043107 0.211559
v 0.053364 -0.037749 0.217852
v 0.041614 -0.040545 0.214079
v 0.050050 -0.034592 0.221094
v 0.041994 -0.033319 0.218455
v 0.038848 -0.036469 0.217108
v 0.045041 -0.032284 0.222002
v 0.039846 -0.030421 0.219194
v 0.039224 -0.031561 0.218936
v 0.040622 -0.030621 0.219958
v 0.029788 0.027659 0.203868
v 0.031809 0.021321 0.204625
v 0.032901 0.021383 0.205194
v 0.034861 0.027330 0.206515
v 0.033782 0.034637 0.204590
v 0.028258 0.034803 0.202931
v 0.037985 0.032679 0.208065
v 0.029641 0.040078 0.202085
v 0.040472 0.037701 0.207819
v 0.037447 0.043332 0.202107
v 0.033054 0.044699 0.201424
v 0.040759 0.042789 0.205523
v 0.039314 0.046043 0.200457
v 0.038009 0.046224 0.200584
v 0.039715 0.045748 0.201446
v 0.060081 -0.042870 0.207937
v 0.057158 -0.045068 0.212514
v 0.054270 -0.047213 0.219264
v 0.051694 -0.047777 0.216598
v 0.050323 -0.050802 0.225016
v 0.046067 -0.054005 0.227408
v 0.044385 -0.053139 0.222103
v 0.041603 -0.057701 0.226611
v 0.040116 -0.059166 0.226109
v 0.039250 -0.059882 0.225418
v 0.038744 -0.059087 0.224667
v 0.038784 -0.057438 0.223446
v 0.039377 -0.053344 0.219955
v 0.042796 -0.050070 0.216915
v 0.048434 -0.047052 0.214337
v 0.055279 -0.044986 0.210928
v 0.058792 -0.042820 0.206868
v 0.032881 0.021017 0.205305
v 0.031427 0.025415 0.208892
v 0.030780 0.030909 0.214174
v 0.028359 0.031596 0.211394
v 0.028140 0.036513 0.218988
v 0.024549 0.040722 0.220855
v 0.022792 0.039567 0.215630
v 0.019358 0.043377 0.220381
v 0.017349 0.044097 0.220152
v 0.016157 0.044337 0.219638
v 0.016374 0.044521 0.218468
v 0.017372 0.044163 0.216710
v 0.019889 0.042624 0.212171
v 0.022985 0.038797 0.209448
v 0.026902 0.033300 0.208041
v 0.030204 0.026191 0.206903
v 0.032044 0.021559 0.203958
v 0.061153 -0.033192 0.214155
v 0.064635 -0.041859 0.203233
v 0.065107 -0.035416 0.215849
v 0.058625 -0.031647 0.220015
v 0.062938 -0.034166 0.222409
v 0.057078 -0.032189 0.224353
v 0.060742 -0.033652 0.226357
v 0.057098 -0.032723 0.226909
v 0.059229 -0.032108 0.228725
v 0.060210 -0.033958 0.228695
v 0.062964 -0.036811 0.227316
v 0.066858 -0.038219 0.224143
v 0.068244 -0.040136 0.217925
v 0.065676 -0.041284 0.208431
v 0.065674 -0.042671 0.203938
v 0.043681 0.025087 0.205824
v 0.033929 0.014969 0.202812
v 0.043943 0.022234 0.209729
v 0.046011 0.030499 0.208725
v 0.046404 0.027651 0.213459
v 0.046428 0.033924 0.211823
v 0.047329 0.031613 0.215488
v 0.046863 0.035121 0.214102
v 0.048858 0.034381 0.216023
v 0.047663 0.033203 0.217277
v 0.045855 0.029664 0.218628
v 0.045110 0.024512 0.218283
v 0.041888 0.019805 0.214858
v 0.036622 0.016872 0.207003
v 0.033894 0.014313 0.204153
v 0.070983 -0.037396 0.198429
v 0.070409 -0.036954 0.198081
v 0.070380 -0.039639 0.198740
v 0.070365 -0.044507 0.199407
v 0.068120 -0.046209 0.198263
v 0.069802 -0.053058 0.201867
v 0.069234 -0.057918 0.201124
v 0.066709 -0.053270 0.199760
v 0.067089 -0.062933 0.198866
v 0.066540 -0.063494 0.198360
v 0.065591 -0.062770 0.198523
v 0.063580 -0.057514 0.199784
v 0.062962 -0.052319 0.200482
v 0.063477 -0.047852 0.199342
v 0.065286 -0.042538 0.198144
v 0.068587 -0.039122 0.198194
v 0.069676 -0.036830 0.197848
v 0.038592 0.008001 0.199210
v 0.038621 0.008383 0.198504
v 0.036552 0.008254 0.200334
v 0.032634 0.007716 0.203250
v 0.029901 0.008698 0.202351
v 0.025984 0.007883 0.209185
v 0.021368 0.007087 0.210783
v 0.023850 0.009355 0.206478
v 0.015473 0.006806 0.210677
v 0.014603 0.006903 0.210350
v 0.014898 0.007916 0.209768
v 0.019005 0.011212 0.207417
v 0.023419 0.013042 0.205176
v 0.027031 0.012844 0.202273
v 0.031858 0.011686 0.199389
v 0.036092 0.009572 0.198979
v 0.038355 0.008901 0.197987
v 0.086041 -0.045944 0.219739
v 0.081409 -0.044236 0.214552
v 0.080241 -0.044041 0.215083
v 0.080341 -0.044972 0.221488
v 0.083528 -0.049630 0.226315
v 0.089504 -0.049905 0.225502
v 0.078145 -0.047243 0.227331
v 0.089401 -0.054031 0.229610
v 0.076738 -0.051060 0.231628
v 0.082196 -0.058159 0.232860
v 0.087072 -0.058217 0.233383
v 0.078013 -0.055963 0.234642
v 0.081233 -0.061633 0.234303
v 0.082564 -0.061245 0.234463
v 0.080556 -0.060754 0.234669
v 0.044638 0.004754 0.225797
v 0.042466 0.006286 0.219146
v 0.042351 0.007573 0.219032
v 0.043805 0.010608 0.224562
v 0.042770 0.009561 0.231841
v 0.044629 0.004084 0.233571
v 0.043013 0.015033 0.229452
v 0.042492 0.005524 0.238793
v 0.040686 0.017719 0.234183
v 0.037239 0.012475 0.240689
v 0.039306 0.008645 0.242950
v 0.038059 0.017299 0.239444
v 0.034398 0.013387 0.243174
v 0.035311 0.012424 0.243606
v 0.035003 0.014303 0.242776
v 0.080017 -0.043619 0.211814
v 0.079898 -0.042158 0.214957
v 0.078876 -0.040380 0.219005
v 0.080924 -0.040566 0.218705
v 0.078861 -0.036109 0.221714
v 0.082373 -0.037070 0.221661
v 0.080024 -0.031375 0.223376
v 0.082211 -0.027821 0.225099
v 0.085593 -0.028993 0.224711
v 0.086642 -0.024374 0.225573
v 0.087739 -0.024276 0.225624
v 0.088142 -0.024878 0.225884
v 0.087826 -0.029862 0.226458
v 0.087799 -0.034412 0.225455
v 0.086207 -0.039882 0.223420
v 0.083846 -0.043025 0.219709
v 0.082113 -0.043275 0.215229
v 0.081320 -0.044239 0.212089
v 0.041496 0.006160 0.216171
v 0.043773 0.008142 0.217878
v 0.046274 0.011403 0.219801
v 0.046826 0.009498 0.220422
v 0.050834 0.013590 0.219821
v 0.051393 0.010443 0.221564
v 0.055896 0.014337 0.219229
v 0.060382 0.014040 0.219650
v 0.060594 0.010791 0.221187
v 0.065236 0.011201 0.219981
v 0.065773 0.010326 0.220383
v 0.065510 0.010011 0.221035
v 0.061342 0.009657 0.223822
v 0.057116 0.008330 0.225265
v 0.051129 0.007616 0.225765
v 0.046240 0.007113 0.223515
v 0.043796 0.006220 0.219469
v 0.041580 0.005096 0.217180
v 0.082891 -0.028059 0.193150
v 0.082891 -0.027963 0.197058
v 0.081495 -0.026679 0.204951
v 0.084626 -0.024262 0.204052
v 0.080884 -0.024182 0.209990
v 0.081187 -0.021696 0.212951
v 0.084126 -0.019966 0.211068
v 0.081896 -0.020001 0.214210
v 0.082458 -0.017714 0.213719
v 0.084168 -0.017932 0.213374
v 0.087335 -0.019190 0.211753
v 0.089464 -0.020541 0.208268
v 0.089481 -0.023117 0.203215
v 0.085644 -0.026816 0.196783
v 0.084009 -0.027505 0.193049
v 0.049447 -0.002980 0.194912
v 0.050874 -0.000956 0.197936
v 0.054130 0.004503 0.202985
v 0.057120 0.001860 0.202258
v 0.057747 0.008061 0.205487
v 0.061002 0.009783 0.206703
v 0.062993 0.006669 0.205470
v 0.063159 0.010146 0.207122
v 0.065159 0.009842 0.205820
v 0.065533 0.008191 0.206295
v 0.065163 0.004474 0.206825
v 0.063658 0.000651 0.205547
v 0.059733 -0.002430 0.202851
v 0.052849 -0.003195 0.198184
v 0.050327 -0.003868 0.194978
v 0.083727 -0.027345 0.192746
v 0.082899 -0.028170 0.194092
v 0.086494 -0.028368 0.193239
v 0.096913 -0.030965 0.200903
v 0.098606 -0.031560 0.202077
v 0.095017 -0.032849 0.202723
v 0.098415 -0.035073 0.203152
v 0.091485 -0.034731 0.204210
v 0.097233 -0.038388 0.204922
v 0.087717 -0.038352 0.205502
v 0.086196 -0.041427 0.206010
v 0.093953 -0.043319 0.206596
v 0.090729 -0.045593 0.206806
v 0.087379 -0.046680 0.205305
v 0.102983 -0.032424 0.204574
v 0.103290 -0.029337 0.205945
v 0.108990 -0.029752 0.210731
v 0.108203 -0.035668 0.208109
v 0.113615 -0.030872 0.213155
v 0.112812 -0.037602 0.210079
v 0.119051 -0.033337 0.214304
v 0.118520 -0.038432 0.211712
v 0.122046 -0.036041 0.212192
v 0.121816 -0.037671 0.211381
v 0.085683 -0.029100 0.194596
v 0.099686 -0.030250 0.202240
v 0.111171 -0.033517 0.209800
v 0.097691 -0.029539 0.200661
v 0.096715 -0.034920 0.202882
v 0.089291 -0.042776 0.205528
v 0.086198 -0.045934 0.205153
v 0.092114 -0.030263 0.196127
v 0.091820 -0.030859 0.197830
v 0.050153 -0.003701 0.194663
v 0.049669 -0.002704 0.195599
v 0.050477 -0.005533 0.196229
v 0.050073 -0.004524 0.197140
v 0.054190 -0.009822 0.205333
v 0.054654 -0.010574 0.206836
v 0.052785 -0.008050 0.206675
v 0.052463 -0.010519 0.208872
v 0.050759 -0.005302 0.207306
v 0.050284 -0.009469 0.210972
v 0.047399 -0.002735 0.208437
v 0.044923 -0.001945 0.209531
v 0.046282 -0.007269 0.213020
v 0.043728 -0.005323 0.213086
v 0.041474 -0.003829 0.211544
v 0.056169 -0.012644 0.210109
v 0.058787 -0.011821 0.209841
v 0.061681 -0.013769 0.214798
v 0.056600 -0.015209 0.215253
v 0.063078 -0.016077 0.218201
v 0.057302 -0.017817 0.218687
v 0.063450 -0.019669 0.221575
v 0.059028 -0.021149 0.221798
v 0.061955 -0.022996 0.222219
v 0.049581 -0.003135 0.194785
v 0.055954 -0.011047 0.206744
v 0.059520 -0.016206 0.216374
v 0.060526 -0.023420 0.222284
v 0.055360 -0.010241 0.204844
v 0.051945 -0.009450 0.208121
v 0.044854 -0.004457 0.210703
v 0.041566 -0.002976 0.210789
v 0.051554 -0.007302 0.201335
v 0.051773 -0.008391 0.200491
v 0.039917 -0.023092 0.172287
v 0.040403 -0.022364 0.172289
v 0.038094 -0.023263 0.174260
v 0.036263 -0.025712 0.178730
v 0.036240 -0.023331 0.179061
v 0.032557 -0.027130 0.182393
v 0.032642 -0.023917 0.183352
v 0.027724 -0.027629 0.184603
v 0.023771 -0.027250 0.186661
v 0.024319 -0.023709 0.187391
v 0.018653 -0.024418 0.188417
v 0.017930 -0.023592 0.188620
v 0.019038 -0.022976 0.189188
v 0.024999 -0.021695 0.189451
v 0.029858 -0.020181 0.188201
v 0.034465 -0.019853 0.185877
v 0.037997 -0.020286 0.180400
v 0.038817 -0.021367 0.174906
v 0.040633 -0.021613 0.172608
v 0.082731 -0.000260 0.190649
v 0.085487 -0.000804 0.194916
v 0.083935 -0.000082 0.195442
v 0.088360 -0.005098 0.201182
v 0.089120 -0.009929 0.206832
v 0.085165 -0.004120 0.203511
v 0.088086 -0.013228 0.211615
v 0.084170 -0.011226 0.212402
v 0.083704 -0.015368 0.215747
v 0.082508 -0.015278 0.216466
v 0.082046 -0.013854 0.216598
v 0.082028 -0.008052 0.214715
v 0.081654 -0.003448 0.210735
v 0.081690 0.000748 0.204502
v 0.082631 0.001526 0.196060
v 0.081314 0.000938 0.191239
v 0.041483 -0.021472 0.170757
v 0.041782 -0.023658 0.172611
v 0.040928 -0.021470 0.169920
v 0.042951 -0.026531 0.177178
v 0.041422 -0.027924 0.175736
v 0.044996 -0.030608 0.180537
v 0.042623 -0.032701 0.178996
v 0.047973 -0.035120 0.182001
v 0.049836 -0.039346 0.182830
v 0.047020 -0.041135 0.180937
v 0.051259 -0.045459 0.181548
v 0.051229 -0.046510 0.181029
v 0.049786 -0.046344 0.181158
v 0.044431 -0.042835 0.181160
v 0.040421 -0.039365 0.179710
v 0.037763 -0.034867 0.178253
v 0.037725 -0.028946 0.174804
v 0.039814 -0.024423 0.171844
v 0.039939 -0.021875 0.170026
v 0.042255 -0.020932 0.166089
v 0.042432 -0.023640 0.167414
v 0.043984 -0.029227 0.167044
v 0.041372 -0.029110 0.165721
v 0.045637 -0.032884 0.165421
v 0.046307 -0.035537 0.163874
v 0.043539 -0.035446 0.163835
v 0.046037 -0.037023 0.163133
v 0.044865 -0.037499 0.161987
v 0.043830 -0.037584 0.162868
v 0.041206 -0.036501 0.164644
v 0.038304 -0.033461 0.165069
v 0.037525 -0.028819 0.165263
v 0.040329 -0.023496 0.166682
v 0.041387 -0.020975 0.165774
v 0.043102 -0.014231 0.162759
v 0.043698 -0.014284 0.162549
v 0.042909 -0.014054 0.164696
v 0.041160 -0.014271 0.168400
v 0.040147 -0.013739 0.172523
v 0.042377 -0.013503 0.170603
v 0.039807 -0.012572 0.176397
v 0.040534 -0.010720 0.179400
v 0.042430 -0.010658 0.176696
v 0.042046 -0.006614 0.181157
v 0.042335 -0.005858 0.181159
v 0.043013 -0.006240 0.180518
v 0.045805 -0.011685 0.175157
v 0.046119 -0.013325 0.172107
v 0.045825 -0.014428 0.168331
v 0.044450 -0.014139 0.164753
v 0.044306 -0.014312 0.162634
v 0.046835 -0.014518 0.168437
v 0.046990 -0.013144 0.170067
v 0.047382 -0.014561 0.168006
v 0.045976 -0.011121 0.173898
v 0.045969 -0.008563 0.177806
v 0.047772 -0.008072 0.175715
v 0.047212 -0.006755 0.181597
v 0.049708 -0.005688 0.184383
v 0.049898 -0.005440 0.180302
v 0.053381 -0.002947 0.186125
v 0.053912 -0.002239 0.186123
v 0.054151 -0.002579 0.185104
v 0.053167 -0.004597 0.180908
v 0.052587 -0.006305 0.177223
v 0.050667 -0.010753 0.171882
v 0.048558 -0.012910 0.169478
v 0.048010 -0.014419 0.167827
v 0.053753 -0.016549 0.180862
v 0.053873 -0.016028 0.180369
v 0.053369 -0.015828 0.182941
v 0.054625 -0.015565 0.187250
v 0.054064 -0.013759 0.186614
v 0.054010 -0.015000 0.191654
v 0.053534 -0.012328 0.191032
v 0.051798 -0.014481 0.195457
v 0.049864 -0.013395 0.198435
v 0.049514 -0.010586 0.197341
v 0.046332 -0.010770 0.200950
v 0.045692 -0.010123 0.201130
v 0.046487 -0.009408 0.200696
v 0.050219 -0.008236 0.197477
v 0.052542 -0.007614 0.193852
v 0.054606 -0.008309 0.190154
v 0.054908 -0.010987 0.185450
v 0.053571 -0.014196 0.182290
v 0.053940 -0.015355 0.180175
v 0.053791 -0.015705 0.178989
v 0.054287 -0.016352 0.180265
v 0.053315 -0.015768 0.178769
v 0.055868 -0.016916 0.182632
v 0.057425 -0.018431 0.184668
v 0.055397 -0.018541 0.184589
v 0.058847 -0.020709 0.185876
v 0.059619 -0.022774 0.186981
v 0.057732 -0.023410 0.187297
v 0.059492 -0.026024 0.187853
v 0.059266 -0.026590 0.187941
v 0.058672 -0.026211 0.188243
v 0.056533 -0.023618 0.188384
v 0.054588 -0.021599 0.187680
v 0.053309 -0.019388 0.186413
v 0.052739 -0.017462 0.183423
v 0.053153 -0.016468 0.180574
v 0.052879 -0.015735 0.179126
v 0.062457 -0.010429 0.146553
v 0.068775 -0.007188 0.146574
v 0.068070 -0.012773 0.146533
v 0.076154 -0.006039 0.145899
v 0.072880 -0.016598 0.146283
v 0.081228 -0.008154 0.143672
v 0.076706 -0.019604 0.144530
v 0.084592 -0.012375 0.140760
v 0.080762 -0.020256 0.141528
v 0.084367 -0.016509 0.137389
v 0.083470 -0.018221 0.137534
v 0.062475 -0.009216 0.146575
v 0.075683 -0.011592 0.144366
v 0.081884 -0.016019 0.139431
v 0.083758 -0.017498 0.136678
v 0.045632 -0.006203 0.139043
v 0.049382 -0.003093 0.139789
v 0.054764 0.002597 0.140677
v 0.060095 0.007433 0.140191
v 0.058908 0.001224 0.138818
v 0.064952 0.010069 0.138801
v 0.066485 0.006592 0.136757
v 0.069900 0.010094 0.135114
v 0.070839 0.009505 0.134343
v 0.071007 0.008105 0.134679
v 0.069003 0.003095 0.137041
v 0.065161 -0.001240 0.138088
v 0.059132 -0.005212 0.138788
v 0.051127 -0.006289 0.138997
v 0.046527 -0.007803 0.138653
v 0.055165 -0.006854 0.150068
v 0.053959 -0.006952 0.150957
v 0.059605 -0.010870 0.152406
v 0.057352 -0.011503 0.154906
v 0.063020 -0.014932 0.151420
v 0.059742 -0.016913 0.156353
v 0.065713 -0.019476 0.149862
v 0.062324 -0.021454 0.154982
v 0.066687 -0.024727 0.149447
v 0.064501 -0.025958 0.153056
v 0.066472 -0.027021 0.149558
v 0.065948 -0.027306 0.150304
v 0.067279 -0.007779 0.157142
v 0.066747 -0.007444 0.157220
v 0.068006 -0.008610 0.158787
v 0.070220 -0.010061 0.161482
v 0.073669 -0.014462 0.166676
v 0.070761 -0.013164 0.167275
v 0.074364 -0.016585 0.168965
v 0.072711 -0.019181 0.172855
v 0.073535 -0.019603 0.172083
v 0.073121 -0.020055 0.172609
v 0.071139 -0.015160 0.171894
v 0.069204 -0.012305 0.170321
v 0.067705 -0.010080 0.167793
v 0.066886 -0.008266 0.163502
v 0.066787 -0.007972 0.159487
v 0.066292 -0.007217 0.157562
v 0.065680 -0.008238 0.157773
v 0.066741 -0.005069 0.159941
v 0.067570 -0.002064 0.162792
v 0.069421 -0.001967 0.161296
v 0.067808 0.002510 0.165608
v 0.069166 0.007661 0.167585
v 0.072919 0.005531 0.163919
v 0.070832 0.011657 0.168237
v 0.074735 0.011484 0.165144
v 0.072740 0.015471 0.167295
v 0.074171 0.016364 0.165585
v 0.076842 0.014351 0.165210
v 0.078967 0.010398 0.164328
v 0.079434 0.005426 0.162224
v 0.076468 0.000553 0.160777
v 0.072407 -0.003210 0.159984
v 0.069246 -0.005449 0.158634
v 0.067524 -0.008341 0.156960
v 0.063945 -0.009591 0.150733
v 0.064292 -0.011114 0.154152
v 0.063713 -0.010988 0.156819
v 0.064436 -0.015030 0.159992
v 0.062791 -0.011924 0.160603
v 0.063071 -0.017000 0.163778
v 0.060342 -0.013718 0.163957
v 0.061077 -0.018484 0.166111
v 0.058144 -0.019502 0.167634
v 0.056391 -0.019013 0.167687
v 0.056039 -0.016412 0.167919
v 0.056586 -0.012925 0.167110
v 0.058940 -0.008922 0.165423
v 0.062458 -0.007612 0.161843
v 0.063697 -0.008225 0.157468
v 0.063558 -0.008803 0.154274
v 0.063642 -0.008157 0.151370
v 0.064438 -0.007573 0.153756
v 0.066783 -0.006837 0.154822
v 0.064391 -0.008122 0.153047
v 0.070075 -0.005097 0.157249
v 0.073041 -0.005625 0.156636
v 0.076782 -0.000450 0.159813
v 0.079883 0.001561 0.159613
v 0.079952 -0.001768 0.158140
v 0.084128 0.003292 0.157550
v 0.084843 0.003360 0.156975
v 0.084918 0.002231 0.157145
v 0.082924 -0.002318 0.157904
v 0.080472 -0.005980 0.157507
v 0.077001 -0.008243 0.156335
v 0.071822 -0.009151 0.155173
v 0.067446 -0.008298 0.154110
v 0.064778 -0.008759 0.153140
v 0.063902 -0.003996 0.168452
v 0.064293 -0.001160 0.170986
v 0.064516 0.001700 0.174905
v 0.066350 0.002498 0.173732
v 0.064322 0.005714 0.178187
v 0.064816 0.010186 0.181037
v 0.068527 0.009671 0.178092
v 0.066421 0.014471 0.182691
v 0.069293 0.019789 0.182108
v 0.070285 0.020304 0.181833
v 0.070926 0.019948 0.181532
v 0.072692 0.014900 0.180667
v 0.073681 0.010556 0.178350
v 0.072888 0.005359 0.175167
v 0.070309 0.001258 0.172660
v 0.066896 -0.001324 0.169996
v 0.065474 -0.003989 0.167953
v 0.080251 -0.043938 0.208285
v 0.082240 -0.046423 0.211391
v 0.085673 -0.047591 0.216182
v 0.083866 -0.050056 0.215703
v 0.089991 -0.051134 0.218327
v 0.092069 -0.054907 0.219207
v 0.088150 -0.055928 0.217944
v 0.092431 -0.060665 0.218160
v 0.092130 -0.061690 0.217734
v 0.091174 -0.061778 0.217996
v 0.086147 -0.059573 0.218677
v 0.083508 -0.056365 0.217848
v 0.081264 -0.051992 0.216169
v 0.080491 -0.047404 0.211375
v 0.079027 -0.044548 0.208369
v 0.040102 0.004093 0.213642
v 0.039847 0.003565 0.218050
v 0.041867 0.002934 0.223675
v 0.038887 0.003750 0.223837
v 0.041305 -0.000234 0.228719
v 0.039223 -0.002216 0.232046
v 0.036364 0.000233 0.230092
v 0.034108 -0.004113 0.234195
v 0.032971 -0.004268 0.234252
v 0.032606 -0.003348 0.234144
v 0.032720 0.001620 0.231715
v 0.034116 0.003995 0.228496
v 0.036367 0.005815 0.224184
v 0.038313 0.004843 0.217867
v 0.039126 0.005050 0.213551
v 0.074915 -0.021309 0.189901
v 0.076211 -0.026421 0.187164
v 0.077300 -0.026541 0.187137
v 0.079881 -0.022338 0.189494
v 0.079321 -0.016096 0.192107
v 0.074336 -0.015711 0.193242
v 0.083687 -0.018809 0.191816
v 0.075847 -0.011260 0.194638
v 0.086264 -0.014727 0.193057
v 0.082506 -0.008102 0.193170
v 0.078950 -0.007186 0.195065
v 0.086337 -0.009824 0.193850
v 0.083748 -0.005119 0.192654
v 0.082783 -0.005173 0.193324
v 0.084395 -0.005774 0.193002
v 0.050903 0.003275 0.186053
v 0.046126 -0.000155 0.186904
v 0.046446 -0.001103 0.187349
v 0.051859 -0.001286 0.188096
v 0.057847 0.001670 0.186865
v 0.056586 0.006502 0.185704
v 0.057172 -0.002637 0.189604
v 0.061454 0.006769 0.185174
v 0.062095 -0.003411 0.189532
v 0.066278 0.001012 0.184953
v 0.066298 0.005134 0.184662
v 0.066569 -0.002166 0.187768
v 0.069131 0.000253 0.183543
v 0.068934 0.001396 0.183735
v 0.068951 -0.000231 0.184380
v 0.077275 -0.025902 0.187204
v 0.077803 -0.027636 0.190894
v 0.080871 -0.029157 0.195319
v 0.078686 -0.031033 0.194891
v 0.083690 -0.032490 0.199466
v 0.084486 -0.036104 0.201992
v 0.080712 -0.036935 0.200058
v 0.083510 -0.041943 0.202811
v 0.083037 -0.042999 0.202627
v 0.082040 -0.042814 0.202623
v 0.077660 -0.039576 0.201166
v 0.076162 -0.036371 0.198691
v 0.075899 -0.032262 0.195367
v 0.075971 -0.028076 0.190732
v 0.076027 -0.026203 0.187123
v 0.047003 -0.000931 0.187077
v 0.047009 0.000204 0.191029
v 0.048458 -0.000375 0.196403
v 0.045846 0.000893 0.196174
v 0.048170 -0.001219 0.202357
v 0.046281 -0.001252 0.206420
v 0.043409 0.000766 0.203899
v 0.041208 -0.001084 0.209575
v 0.040058 -0.000976 0.209775
v 0.039818 -0.000108 0.209307
v 0.040332 0.003409 0.204930
v 0.041612 0.003981 0.200846
v 0.043858 0.003249 0.196112
v 0.045852 0.001575 0.190434
v 0.046224 0.000018 0.186696
v 0.103925 0.037568 0.194813
v 0.104088 0.038412 0.182233
v 0.102579 0.041547 0.194172
v 0.105871 0.038412 0.200170
v 0.107943 0.040080 0.203249
v 0.105850 0.043543 0.202286
v 0.108621 0.041640 0.204784
v 0.107126 0.043284 0.205960
v 0.107376 0.044727 0.204850
v 0.106677 0.046908 0.201965
v 0.104153 0.048010 0.198309
v 0.103131 0.046614 0.192734
v 0.103931 0.041214 0.185976
v 0.103893 0.039705 0.182137
v 0.079483 0.033072 0.166354
v 0.065786 0.034988 0.164261
v 0.077710 0.032290 0.170651
v 0.085367 0.034639 0.168294
v 0.083750 0.033942 0.173390
v 0.088640 0.036759 0.170567
v 0.087627 0.035690 0.174614
v 0.090056 0.037540 0.172528
v 0.090728 0.036008 0.174760
v 0.089256 0.036641 0.176019
v 0.085565 0.036579 0.177770
v 0.080994 0.034460 0.178399
v 0.075140 0.033846 0.175699
v 0.069176 0.034764 0.168185
v 0.065369 0.034984 0.165655
v 0.053248 -0.015303 0.168270
v 0.047399 -0.014445 0.167081
v 0.046880 -0.015363 0.167433
v 0.050367 -0.019321 0.169760
v 0.056942 -0.021306 0.170060
v 0.059587 -0.016875 0.169437
v 0.052895 -0.023987 0.171976
v 0.063379 -0.020067 0.169823
v 0.055913 -0.027980 0.172662
v 0.062984 -0.027670 0.169575
v 0.065861 -0.024645 0.169929
v 0.060375 -0.030189 0.171911
v 0.064845 -0.030227 0.168576
v 0.065433 -0.029244 0.168907
v 0.064191 -0.030450 0.169295
v 0.045762 -0.010742 0.155861
v 0.044625 -0.010998 0.156797
v 0.046821 -0.013625 0.157763
v 0.052161 -0.024813 0.160621
v 0.045705 -0.013623 0.158738
v 0.049844 -0.023775 0.160532
v 0.050836 -0.025261 0.160722
v 0.049117 -0.026346 0.162787
v 0.051559 -0.028422 0.160687
v 0.047101 -0.028452 0.165536
v 0.051240 -0.031865 0.161994
v 0.044565 -0.032096 0.167947
v 0.043314 -0.035029 0.168599
v 0.049101 -0.036783 0.164141
v 0.046537 -0.038940 0.165726
v 0.043073 -0.039619 0.166398
v 0.054951 -0.027403 0.160182
v 0.056586 -0.025236 0.161025
v 0.062454 -0.027376 0.160996
v 0.059200 -0.031496 0.159490
v 0.066286 -0.029465 0.160004
v 0.062594 -0.034150 0.158181
v 0.069647 -0.032521 0.157702
v 0.065538 -0.036239 0.153977
v 0.068522 -0.034866 0.152376
v 0.067602 -0.036093 0.152021
v 0.045080 -0.010888 0.155985
v 0.050672 -0.024481 0.160401
v 0.063634 -0.031255 0.158684
v 0.050123 -0.028468 0.161602
v 0.045138 -0.036099 0.166197
v 0.042219 -0.038921 0.167120
v 0.046597 -0.017935 0.158605
v 0.048011 -0.018137 0.158143
v 0.026400 0.007743 0.142129
v 0.025911 0.008319 0.141384
v 0.024512 0.008126 0.146639
v 0.021183 0.010551 0.143601
v 0.019936 0.006794 0.149633
v 0.024188 0.006108 0.152022
v 0.016597 0.009372 0.147150
v 0.021433 0.003716 0.155026
v 0.012981 0.007369 0.149596
v 0.014579 0.001658 0.153923
v 0.017413 0.001363 0.156706
v 0.011477 0.004040 0.152690
v 0.012657 -0.000704 0.154743
v 0.013495 -0.000465 0.155467
v 0.012213 0.000107 0.154532
v 0.023992 0.014903 0.150161
v 0.023412 0.018322 0.152212
v 0.021823 0.022513 0.155866
v 0.023944 0.023504 0.154208
v 0.020612 0.027728 0.158419
v 0.020893 0.032086 0.159066
v 0.024002 0.031208 0.156292
v 0.022590 0.037287 0.156890
v 0.023086 0.038027 0.156156
v 0.024007 0.037656 0.156039
v 0.027429 0.033326 0.155415
v 0.027863 0.029198 0.154485
v 0.026817 0.024188 0.153494
v 0.025031 0.018846 0.151461
v 0.025103 0.015264 0.149669
v 0.025617 0.012594 0.146936
v 0.025726 0.013267 0.150880
v 0.026960 0.013927 0.156040
v 0.026908 0.014173 0.161688
v 0.025204 0.014344 0.165532
v 0.022074 0.014859 0.163000
v 0.020598 0.013635 0.168660
v 0.019538 0.013444 0.168881
v 0.019079 0.014055 0.168312
v 0.018563 0.016502 0.163645
v 0.019569 0.016630 0.159719
v 0.021814 0.015767 0.155371
v 0.024030 0.013755 0.150510
v 0.024498 0.013027 0.146791
v 0.026587 0.007505 0.139883
v 0.026344 0.011202 0.140891
v 0.024156 0.016487 0.143348
v 0.027586 0.016591 0.142675
v 0.022625 0.020976 0.143835
v 0.022986 0.025589 0.144564
v 0.028640 0.025567 0.143707
v 0.026844 0.029197 0.143356
v 0.027925 0.030519 0.143127
v 0.028815 0.031075 0.142992
v 0.029459 0.030629 0.143559
v 0.030126 0.029298 0.144262
v 0.032433 0.025798 0.146847
v 0.032845 0.021322 0.146444
v 0.029949 0.015996 0.144473
v 0.028079 0.011056 0.141226
v 0.027770 0.007416 0.140114
v 0.031553 0.000631 0.133163
v 0.032906 0.002093 0.134388
v 0.027037 0.006507 0.139338
v 0.025320 0.008142 0.142046
v 0.026522 0.008546 0.141964
v 0.023871 0.015992 0.150660
v 0.024981 0.016452 0.150772
v 0.032276 0.000532 0.134141
v 0.032813 0.001133 0.134566
v 0.027636 0.006389 0.139953
v 0.025920 0.008157 0.142619
v 0.024526 0.016228 0.151066
v 0.031821 0.001828 0.133119
v 0.032394 0.002422 0.133618
v 0.031327 0.002390 0.134432
v 0.027340 0.007290 0.139150
v 0.025672 0.008803 0.142082
v 0.024412 0.016587 0.150715
v 0.076744 -0.042871 0.203361
v 0.076580 -0.047255 0.204091
v 0.078665 -0.052715 0.205488
v 0.075584 -0.052791 0.205762
v 0.078694 -0.058474 0.203865
v 0.077012 -0.062329 0.202585
v 0.073748 -0.059909 0.203805
v 0.072338 -0.065188 0.200495
v 0.071250 -0.065345 0.200160
v 0.070719 -0.064999 0.200927
v 0.069904 -0.061256 0.204917
v 0.070837 -0.057428 0.206473
v 0.072719 -0.052666 0.207347
v 0.074833 -0.046795 0.204962
v 0.075606 -0.042562 0.204058
v 0.037921 0.004699 0.207936
v 0.034378 0.004408 0.210608
v 0.031042 0.002377 0.215174
v 0.029848 0.005087 0.214276
v 0.025595 0.000463 0.216746
v 0.021207 0.000509 0.217011
v 0.022390 0.004314 0.215558
v 0.016199 0.002829 0.215030
v 0.015518 0.003540 0.214437
v 0.015865 0.004443 0.214671
v 0.020101 0.007862 0.215659
v 0.024263 0.008580 0.215345
v 0.029363 0.008325 0.214390
v 0.034375 0.006404 0.210413
v 0.037972 0.006068 0.207906
v 0.078683 0.029529 0.206904
v 0.078308 0.024637 0.208456
v 0.079162 0.024458 0.209022
v 0.082366 0.027900 0.208664
v 0.083721 0.033244 0.206360
v 0.079719 0.034890 0.205419
v 0.086346 0.030779 0.209058
v 0.082222 0.038038 0.204077
v 0.089599 0.033454 0.208144
v 0.085958 0.040104 0.202848
v 0.091141 0.036692 0.205782
v 0.090646 0.038964 0.201632
v 0.089818 0.039485 0.201740
v 0.090930 0.038719 0.202396
v 0.077436 0.020742 0.207289
v 0.080287 0.022941 0.209800
v 0.085075 0.026236 0.212230
v 0.082839 0.025986 0.214399
v 0.089466 0.028880 0.216166
v 0.091311 0.030387 0.220344
v 0.086911 0.029297 0.221332
v 0.090985 0.030156 0.226747
v 0.090522 0.029862 0.227878
v 0.089482 0.030179 0.227816
v 0.084304 0.030668 0.224723
v 0.081783 0.029316 0.221077
v 0.080209 0.026967 0.216152
v 0.078709 0.023191 0.211047
v 0.076364 0.020936 0.208137
v 0.075200 0.014760 0.205930
v 0.074694 0.018081 0.208514
v 0.074567 0.021756 0.213519
v 0.071938 0.022025 0.212022
v 0.072183 0.023104 0.219168
v 0.068845 0.023998 0.222314
v 0.066707 0.024024 0.218347
v 0.062770 0.023744 0.223681
v 0.061577 0.023560 0.223497
v 0.061376 0.024112 0.222616
v 0.062922 0.025886 0.217228
v 0.065592 0.025292 0.213653
v 0.069657 0.023554 0.210351
v 0.073209 0.018582 0.207327
v 0.074182 0.015093 0.205122
v 0.077639 0.014688 0.203174
v 0.074188 0.010847 0.201166
v 0.073822 0.010299 0.201941
v 0.075669 0.011862 0.206407
v 0.080580 0.013975 0.208332
v 0.082252 0.017541 0.205719
v 0.077823 0.011549 0.211201
v 0.086074 0.017201 0.208177
v 0.081126 0.010534 0.214285
v 0.089274 0.015296 0.211166
v 0.085600 0.010519 0.215421
v 0.090328 0.010589 0.213474
v 0.090456 0.011584 0.213141
v 0.089623 0.010549 0.214055
v 0.075823 0.006979 0.196622
v 0.076573 0.006274 0.201622
v 0.074050 0.007309 0.196590
v 0.080499 0.004890 0.208327
v 0.082602 0.002843 0.215871
v 0.077180 0.004976 0.214756
v 0.081772 0.001718 0.221731
v 0.076385 0.003061 0.222254
v 0.077896 0.000650 0.226233
v 0.076317 0.000113 0.227690
v 0.075096 -0.000027 0.228277
v 0.074504 0.001030 0.227998
v 0.074030 0.002652 0.226722
v 0.072660 0.006497 0.222908
v 0.072595 0.008173 0.217352
v 0.073781 0.008486 0.210344
v 0.074420 0.007458 0.202261
v 0.075756 0.006717 0.199044
v 0.073945 0.007714 0.199582
v 0.077962 0.002385 0.188707
v 0.076600 0.000360 0.189263
v 0.077294 0.002263 0.190532
v 0.073420 0.009858 0.201028
v 0.074202 0.010570 0.200528
v 0.074217 0.014610 0.206028
v 0.075082 0.015398 0.205475
v 0.079502 0.025953 0.208162
v 0.078165 0.023887 0.209085
v 0.076328 0.001176 0.189152
v 0.073184 0.010676 0.200584
v 0.074118 0.015583 0.205573
v 0.077730 0.023428 0.208312
v 0.079311 0.025970 0.208423
v 0.076684 0.001593 0.189104
v 0.079247 0.026056 0.208298
v 0.078124 0.000437 0.188884
v 0.077561 0.001538 0.191244
v 0.074363 0.009902 0.201277
v 0.075253 0.014714 0.206153
v 0.079220 0.025093 0.208596
v 0.078646 0.001280 0.188754
v -0.022849 -0.010747 0.137055
v -0.025714 -0.009467 0.139628
v -0.030280 -0.008806 0.143185
v -0.028577 -0.006484 0.143435
v -0.034739 -0.006607 0.146499
v -0.036970 -0.003542 0.148824
v -0.033161 -0.001737 0.148028
v -0.037638 0.002216 0.150078
v -0.037399 0.003354 0.150069
v -0.036426 0.003391 0.150328
v -0.031223 0.001359 0.150006
v -0.028449 -0.001165 0.147934
v -0.026394 -0.004744 0.144687
v -0.024450 -0.008175 0.140122
v -0.021989 -0.009873 0.137411
v -0.019361 -0.010195 0.134571
v -0.020816 -0.011952 0.137896
v -0.021723 -0.014116 0.142743
v -0.023603 -0.017243 0.147117
v -0.026233 -0.019830 0.149205
v -0.028264 -0.018818 0.145803
v -0.030536 -0.023481 0.148859
v -0.031362 -0.024051 0.148388
v -0.031877 -0.023373 0.147945
v -0.032151 -0.018898 0.145057
v -0.030216 -0.016226 0.142650
v -0.026636 -0.013729 0.140199
v -0.022329 -0.011828 0.136898
v -0.020446 -0.010086 0.134031
v -0.014755 -0.010914 0.129451
v -0.015223 -0.010169 0.128845
v -0.017845 -0.013778 0.132031
v -0.020876 -0.011051 0.128875
v -0.021760 -0.017824 0.131359
v -0.018690 -0.018573 0.135183
v -0.025046 -0.015305 0.128680
v -0.020585 -0.022939 0.135081
v -0.027670 -0.019283 0.127843
v -0.024725 -0.025781 0.129789
v -0.023123 -0.026850 0.133309
v -0.028096 -0.024078 0.128115
v -0.025301 -0.028616 0.128478
v -0.024966 -0.028623 0.129569
v -0.026017 -0.027990 0.128394
v -0.013799 -0.009733 0.127746
v -0.016221 -0.007535 0.129813
v -0.021477 -0.005495 0.132559
v -0.018553 -0.004072 0.133915
v -0.025192 -0.002738 0.133847
v -0.027515 0.000498 0.136376
v -0.022672 0.002548 0.138730
v -0.025902 0.005059 0.138905
v -0.025645 0.006512 0.139818
v -0.025173 0.007267 0.140404
v -0.024593 0.006769 0.141008
v -0.023575 0.005515 0.141386
v -0.020677 0.001940 0.143236
v -0.017898 -0.001166 0.141420
v -0.016878 -0.004929 0.136317
v -0.014843 -0.007363 0.130937
v -0.012867 -0.009610 0.128519
v -0.001049 -0.006722 0.122202
v -0.001940 -0.006611 0.124424
v -0.015852 -0.011009 0.128997
v -0.015321 -0.010418 0.129919
v -0.020179 -0.010377 0.134410
v -0.023603 -0.010476 0.138230
v -0.023416 -0.009910 0.138753
v -0.001067 -0.007534 0.123328
v -0.001414 -0.007401 0.124148
v -0.015185 -0.011104 0.129543
v -0.020370 -0.009903 0.135769
v -0.023398 -0.010231 0.138905
v -0.001737 -0.005918 0.122920
v -0.002086 -0.005884 0.123827
v -0.003040 -0.006680 0.123241
v -0.015893 -0.010272 0.129369
v -0.020337 -0.009865 0.134948
v -0.006899 -0.008027 0.123669
v -0.006975 -0.007788 0.124953
v -0.006780 -0.008488 0.124493
v -0.007290 -0.007391 0.124216
v 0.042196 0.008652 0.151892
v 0.042085 0.007517 0.152329
v 0.047420 0.010896 0.152281
v 0.048031 0.005208 0.153747
v 0.053593 0.011049 0.151432
v 0.051302 0.015935 0.152201
v 0.054694 0.005455 0.152889
v 0.055467 0.017522 0.151175
v 0.059457 0.005894 0.150786
v 0.061365 0.013259 0.147117
v 0.060572 0.017506 0.148645
v 0.063230 0.009118 0.148397
v 0.063936 0.013864 0.144629
v 0.063604 0.014881 0.145375
v 0.064135 0.013016 0.145285
v 0.046926 0.027182 0.159767
v 0.046099 0.028028 0.159145
v 0.049847 0.029502 0.164691
v 0.045499 0.033978 0.163071
v 0.048652 0.031766 0.171303
v 0.053789 0.028346 0.170669
v 0.044873 0.036478 0.170065
v 0.053546 0.028223 0.176615
v 0.043622 0.037296 0.175927
v 0.046546 0.030827 0.181852
v 0.051140 0.028869 0.182334
v 0.044027 0.035330 0.181613
v 0.044916 0.029861 0.185342
v 0.046313 0.029605 0.185206
v 0.044712 0.030986 0.184998
v 0.100413 0.000408 0.232597
v 0.100439 0.000776 0.236609
v 0.100669 0.000059 0.242343
v 0.100658 0.002871 0.241775
v 0.100098 0.000661 0.248216
v 0.099462 0.002794 0.252028
v 0.099887 0.005882 0.249127
v 0.097590 0.007715 0.254664
v 0.097202 0.008799 0.254751
v 0.097844 0.009321 0.254190
v 0.100956 0.009833 0.249618
v 0.101807 0.008463 0.245683
v 0.101885 0.005612 0.241319
v 0.100851 0.002558 0.236272
v 0.100711 0.001621 0.232380
v 0.115457 0.019843 0.247336
v 0.115798 0.019398 0.246916
v 0.118133 0.020631 0.250819
v 0.122512 0.023024 0.253673
v 0.123465 0.020666 0.252346
v 0.127874 0.024968 0.255302
v 0.132285 0.025032 0.255461
v 0.131335 0.021395 0.253460
v 0.137327 0.023189 0.253042
v 0.138016 0.022594 0.252333
v 0.137701 0.021651 0.252440
v 0.133582 0.017968 0.253009
v 0.129419 0.017160 0.252683
v 0.124270 0.017746 0.252119
v 0.118625 0.018833 0.250438
v 0.115982 0.018717 0.247072
v 0.099954 0.001915 0.228611
v 0.102538 0.000462 0.231301
v 0.106709 -0.000773 0.234409
v 0.110478 -0.003371 0.237726
v 0.111930 -0.006329 0.240345
v 0.107955 -0.007093 0.240038
v 0.111210 -0.011468 0.242482
v 0.110710 -0.012429 0.242677
v 0.109835 -0.012171 0.242955
v 0.105578 -0.009060 0.242472
v 0.103518 -0.006408 0.240200
v 0.102284 -0.003181 0.236629
v 0.101011 -0.000322 0.231855
v 0.098983 0.001408 0.229121
v 0.114421 0.017946 0.244489
v 0.114422 0.018464 0.244009
v 0.113723 0.018090 0.247836
v 0.110681 0.017750 0.252397
v 0.107035 0.018624 0.256629
v 0.109289 0.021551 0.254094
v 0.104490 0.020846 0.259138
v 0.105156 0.024443 0.257801
v 0.101668 0.025636 0.259906
v 0.101336 0.026665 0.259704
v 0.102152 0.027143 0.259590
v 0.107090 0.027441 0.257701
v 0.109882 0.025943 0.255173
v 0.112282 0.023000 0.251968
v 0.114334 0.019772 0.247846
v 0.114882 0.019060 0.244380
v 0.098028 0.001408 0.222278
v 0.097593 0.002335 0.222556
v 0.100040 -0.001118 0.225928
v 0.097594 0.002735 0.228221
v 0.102232 -0.006100 0.227881
v 0.096690 -0.000346 0.233191
v 0.098359 -0.006575 0.233323
v 0.101978 -0.009489 0.231400
v 0.096002 -0.002155 0.236377
v 0.098169 -0.009070 0.237545
v 0.101362 -0.010954 0.236090
v 0.097029 -0.005644 0.239489
v 0.098824 -0.009729 0.240896
v 0.099691 -0.009994 0.240216
v 0.098645 -0.008804 0.240793
v 0.111366 0.017137 0.238294
v 0.110711 0.021396 0.240475
v 0.111570 0.016866 0.237721
v 0.112343 0.016795 0.238006
v 0.112465 0.020966 0.239257
v 0.115521 0.021132 0.238698
v 0.110915 0.030521 0.240471
v 0.107661 0.025503 0.243035
v 0.116345 0.026967 0.239230
v 0.107245 0.030320 0.243780
v 0.117022 0.030625 0.239468
v 0.111783 0.035321 0.241430
v 0.109091 0.034857 0.244513
v 0.116046 0.034927 0.241327
v 0.113202 0.038077 0.243004
v 0.112654 0.037659 0.244078
v 0.114114 0.037555 0.243240
v 0.097241 0.003347 0.220415
v 0.096696 0.004594 0.224006
v 0.095387 0.004582 0.230092
v 0.097182 0.007403 0.229069
v 0.093396 0.005565 0.234311
v 0.092796 0.007848 0.238357
v 0.095985 0.012280 0.236655
v 0.093492 0.013031 0.239776
v 0.093672 0.014591 0.240485
v 0.094012 0.015576 0.240668
v 0.094959 0.015537 0.240482
v 0.096273 0.014994 0.239652
v 0.100602 0.013610 0.237756
v 0.101901 0.011795 0.233833
v 0.100165 0.007928 0.229072
v 0.098125 0.005599 0.223700
v 0.098214 0.004035 0.220217
v 0.111874 0.016212 0.235954
v 0.115060 0.016590 0.238063
v 0.119320 0.019051 0.241878
v 0.119581 0.015578 0.241570
v 0.123442 0.020678 0.243637
v 0.127577 0.020442 0.245826
v 0.127744 0.014734 0.245495
v 0.131323 0.016542 0.246166
v 0.132633 0.015463 0.246465
v 0.133189 0.014571 0.246590
v 0.132576 0.013973 0.247039
v 0.131080 0.013351 0.247336
v 0.126906 0.011230 0.248859
v 0.122786 0.010725 0.247087
v 0.118409 0.013371 0.243281
v 0.114789 0.014889 0.238481
v 0.111698 0.015053 0.236245
v 0.098191 0.006791 0.209282
v 0.099469 0.007978 0.210933
v 0.097457 0.003414 0.219214
v 0.097695 0.001741 0.222391
v 0.098323 0.002846 0.222415
v 0.100357 0.000644 0.233777
v 0.101042 0.001619 0.233972
v 0.099358 0.006809 0.209590
v 0.099817 0.007297 0.210184
v 0.098312 0.003488 0.219328
v 0.098484 0.001904 0.222590
v 0.101005 0.001039 0.234050
v 0.098027 0.007981 0.210535
v 0.098154 0.006689 0.212283
v 0.097303 0.004122 0.219677
v 0.097763 0.002315 0.222869
v 0.100583 0.001310 0.234171
v 0.107823 0.012491 0.228309
v 0.108664 0.010877 0.229803
v 0.111745 0.017417 0.237741
v 0.111558 0.014765 0.235762
v 0.115462 0.019736 0.246868
v 0.114568 0.017947 0.244257
v 0.116821 0.019663 0.248809
v 0.107333 0.011804 0.229062
v 0.107658 0.011155 0.229607
v 0.110759 0.015125 0.235707
v 0.111573 0.017151 0.238724
v 0.112374 0.017050 0.239600
v 0.115419 0.019215 0.247272
v 0.116871 0.019414 0.248973
v 0.109287 0.011805 0.228765
v 0.109584 0.012812 0.230716
v 0.111882 0.015378 0.235239
v 0.112483 0.017227 0.238334
v 0.114269 0.018509 0.243499
v 0.117000 0.019475 0.248909
v 0.117227 0.007819 0.212991
v 0.117137 0.007510 0.212322
v 0.118996 0.009249 0.213176
v 0.123075 0.010290 0.215012
v 0.123137 0.010617 0.213002
v 0.126475 0.013066 0.216313
v 0.126985 0.013392 0.213534
v 0.128628 0.016962 0.217137
v 0.130527 0.020245 0.217131
v 0.130790 0.020235 0.214042
v 0.132008 0.024842 0.215264
v 0.132140 0.025551 0.214650
v 0.132505 0.024686 0.213939
v 0.132305 0.019862 0.212076
v 0.130866 0.016047 0.210309
v 0.128646 0.012322 0.209668
v 0.123896 0.009508 0.210109
v 0.119330 0.008876 0.211441
v 0.117325 0.007407 0.211636
v 0.142326 0.042054 0.208860
v 0.137070 0.041508 0.204782
v 0.136672 0.042656 0.204593
v 0.140063 0.047148 0.207600
v 0.144945 0.048206 0.213342
v 0.147763 0.043201 0.213662
v 0.142426 0.052413 0.210286
v 0.150186 0.045896 0.217802
v 0.144243 0.056158 0.214022
v 0.147663 0.053161 0.221259
v 0.151001 0.049985 0.221785
v 0.146631 0.057209 0.218947
v 0.147723 0.054820 0.224534
v 0.148691 0.053954 0.224300
v 0.147670 0.055510 0.223674
v 0.126954 0.037314 0.203744
v 0.129387 0.039362 0.200933
v 0.132242 0.043376 0.197347
v 0.133625 0.040701 0.197086
v 0.135436 0.046154 0.192749
v 0.138387 0.046434 0.189164
v 0.138951 0.042285 0.190774
v 0.141554 0.043367 0.184801
v 0.141998 0.042409 0.184196
v 0.142436 0.041823 0.184954
v 0.142323 0.039578 0.190358
v 0.139910 0.038650 0.194018
v 0.135852 0.038491 0.197716
v 0.130556 0.037795 0.201074
v 0.127767 0.036260 0.203846
v 0.126248 0.033563 0.203567
v 0.127758 0.036675 0.206344
v 0.125805 0.033960 0.203096
v 0.131008 0.040137 0.210614
v 0.132942 0.044691 0.214906
v 0.129427 0.045586 0.211569
v 0.133043 0.049072 0.217040
v 0.130256 0.054976 0.217721
v 0.129404 0.055768 0.217585
v 0.129461 0.055904 0.216587
v 0.129434 0.053500 0.210909
v 0.129050 0.049702 0.208172
v 0.128601 0.044252 0.206376
v 0.127000 0.037993 0.204962
v 0.125731 0.034462 0.202623
v 0.136323 0.042106 0.204069
v 0.139269 0.040761 0.203211
v 0.143236 0.042026 0.200635
v 0.150204 0.041890 0.196577
v 0.145129 0.040421 0.202011
v 0.151272 0.039527 0.198528
v 0.152773 0.040352 0.195579
v 0.153706 0.039354 0.195288
v 0.154164 0.038631 0.195336
v 0.154277 0.038551 0.196077
v 0.152586 0.038220 0.201409
v 0.149247 0.038572 0.204192
v 0.144788 0.039722 0.204756
v 0.139524 0.040175 0.204677
v 0.136395 0.041837 0.205125
v 0.129027 0.025301 0.218455
v 0.128457 0.025851 0.218535
v 0.130439 0.024987 0.222207
v 0.132793 0.022994 0.228222
v 0.131911 0.020440 0.234361
v 0.129911 0.024590 0.230124
v 0.129770 0.019883 0.238705
v 0.124659 0.021258 0.242585
v 0.123586 0.021667 0.242822
v 0.123748 0.022652 0.242676
v 0.125709 0.027206 0.239010
v 0.127451 0.028531 0.234855
v 0.129669 0.028449 0.229300
v 0.129696 0.026807 0.222862
v 0.128362 0.026519 0.218657
v 0.134950 0.029974 0.223561
v 0.138443 0.031700 0.224272
v 0.142778 0.034962 0.225967
v 0.143823 0.032683 0.224677
v 0.147890 0.037723 0.226451
v 0.152129 0.038396 0.225816
v 0.151431 0.034558 0.224303
v 0.156829 0.037067 0.222712
v 0.157460 0.036517 0.221946
v 0.157317 0.035571 0.222170
v 0.154019 0.031498 0.223701
v 0.150101 0.030122 0.224181
v 0.144992 0.029941 0.224513
v 0.139147 0.030074 0.223822
v 0.135440 0.028866 0.223274
v 0.127845 0.025074 0.215982
v 0.131490 0.024896 0.217007
v 0.136646 0.022193 0.217640
v 0.141694 0.020690 0.218503
v 0.137171 0.021537 0.220910
v 0.145083 0.020387 0.220499
v 0.147213 0.019612 0.223938
v 0.146369 0.019472 0.225382
v 0.147706 0.018935 0.225242
v 0.147704 0.018545 0.226129
v 0.147250 0.019156 0.226588
v 0.146132 0.020114 0.226763
v 0.142545 0.021609 0.227175
v 0.138876 0.022247 0.225831
v 0.130946 0.025349 0.218629
v 0.127447 0.025378 0.217084
v 0.115901 0.021113 0.198315
v 0.115673 0.020823 0.198949
v 0.118135 0.021385 0.198125
v 0.122256 0.023179 0.196617
v 0.127020 0.023910 0.195510
v 0.124953 0.022175 0.197599
v 0.131641 0.023601 0.194762
v 0.135436 0.021890 0.194722
v 0.132432 0.020360 0.196515
v 0.138258 0.017249 0.194280
v 0.138412 0.016330 0.194194
v 0.137634 0.016256 0.195057
v 0.130605 0.019397 0.200453
v 0.126833 0.020351 0.201459
v 0.122312 0.020936 0.201524
v 0.118239 0.020692 0.199767
v 0.115786 0.020555 0.199597
v 0.118213 0.022222 0.200801
v 0.118207 0.023193 0.203267
v 0.117504 0.022428 0.200201
v 0.119840 0.024032 0.208472
v 0.120628 0.025993 0.213867
v 0.117820 0.027373 0.213162
v 0.119294 0.027922 0.219141
v 0.116265 0.029873 0.222717
v 0.115762 0.029508 0.217853
v 0.110846 0.031604 0.224868
v 0.109749 0.031592 0.224896
v 0.109869 0.031967 0.223589
v 0.112463 0.032050 0.218287
v 0.114140 0.032103 0.213880
v 0.115330 0.030673 0.209839
v 0.115920 0.028103 0.205577
v 0.116865 0.024592 0.202465
v 0.117144 0.023182 0.199997
v 0.110222 0.007485 0.206725
v 0.112621 0.006446 0.209516
v 0.115899 0.003453 0.212934
v 0.114308 0.005103 0.214435
v 0.116429 -0.000552 0.216904
v 0.115664 -0.002497 0.220565
v 0.113759 0.001080 0.220886
v 0.112244 -0.002996 0.225000
v 0.111402 -0.002759 0.225670
v 0.111504 -0.001823 0.225831
v 0.112642 0.003060 0.224101
v 0.113150 0.005539 0.220924
v 0.113735 0.007259 0.216289
v 0.111897 0.007774 0.210442
v 0.109721 0.008388 0.207356
v 0.115248 0.008950 0.208288
v 0.110349 0.008282 0.207552
v 0.110194 0.007391 0.207393
v 0.114060 0.004933 0.207499
v 0.118965 0.005649 0.206193
v 0.120607 0.009293 0.207678
v 0.117332 0.001775 0.206128
v 0.123866 0.008519 0.205294
v 0.120213 0.000140 0.203581
v 0.126202 0.006667 0.202184
v 0.123452 0.000717 0.201028
v 0.125537 0.003831 0.198338
v 0.125961 0.004424 0.198953
v 0.125339 0.003129 0.198723
v 0.117532 0.007369 0.211801
v 0.119006 0.006853 0.213152
v 0.116960 0.007787 0.211930
v 0.122424 0.005561 0.214667
v 0.121572 0.006528 0.215933
v 0.125038 0.003550 0.217032
v 0.124207 0.005037 0.218891
v 0.126298 0.000889 0.219757
v 0.127133 -0.000933 0.222457
v 0.126047 0.000912 0.224180
v 0.126632 -0.002594 0.226707
v 0.126345 -0.002676 0.227492
v 0.126486 -0.001641 0.227523
v 0.126448 0.002542 0.225641
v 0.125323 0.005815 0.223759
v 0.124055 0.008248 0.221007
v 0.121148 0.009053 0.217133
v 0.118604 0.008181 0.213969
v 0.117110 0.008437 0.212314
v 0.122747 0.023780 0.205185
v 0.131756 0.020484 0.205962
v 0.126985 0.022416 0.205357
v 0.136738 0.018198 0.206442
v 0.134247 0.015268 0.207129
v 0.139334 0.015382 0.208976
v 0.139972 0.009798 0.210157
v 0.138609 0.010226 0.210041
v 0.139689 0.008806 0.210129
v 0.139030 0.008896 0.210719
v 0.137805 0.009546 0.211240
v 0.134754 0.011178 0.211394
v 0.132499 0.013636 0.210098
v 0.129812 0.017193 0.208434
v 0.126082 0.022338 0.207057
v 0.122529 0.023569 0.206356
v 0.111721 0.003417 0.186380
v 0.108358 0.001871 0.183578
v 0.108558 0.002218 0.182729
v 0.111633 0.005158 0.182817
v 0.115204 0.007854 0.185823
v 0.115581 0.005476 0.189011
v 0.114662 0.008256 0.181820
v 0.117934 0.008339 0.189956
v 0.116911 0.011424 0.181938
v 0.119644 0.011961 0.189803
v 0.118802 0.014072 0.184043
v 0.118928 0.015960 0.187894
v 0.119268 0.015339 0.188429
v 0.119071 0.015775 0.187163
v 0.104659 0.001381 0.183183
v 0.107809 0.002527 0.181074
v 0.112082 0.005282 0.178533
v 0.112410 0.002516 0.178090
v 0.116366 0.006935 0.174940
v 0.119469 0.006440 0.171948
v 0.118352 0.002537 0.172969
v 0.121739 0.003047 0.167846
v 0.121879 0.002116 0.167213
v 0.121959 0.001397 0.167878
v 0.120401 -0.000935 0.172562
v 0.117533 -0.001191 0.175593
v 0.113503 -0.000214 0.178602
v 0.108271 0.000758 0.181118
v 0.104992 0.000182 0.183221
v 0.099020 -0.000257 0.182724
v 0.102615 -0.001554 0.182624
v 0.107494 -0.003711 0.180910
v 0.106748 -0.004928 0.183249
v 0.110440 -0.008119 0.178918
v 0.111906 -0.012071 0.178827
v 0.110070 -0.011740 0.182440
v 0.111367 -0.017331 0.180738
v 0.110976 -0.018157 0.181355
v 0.111044 -0.017821 0.182246
v 0.110581 -0.013846 0.185727
v 0.109091 -0.010156 0.186537
v 0.106992 -0.005669 0.186042
v 0.102340 -0.002039 0.184307
v 0.098825 -0.000593 0.183871
v 0.098235 0.002914 0.183323
v 0.093881 0.000902 0.184730
v 0.093693 0.000191 0.184180
v 0.096954 -0.000437 0.181022
v 0.100100 0.002534 0.178275
v 0.102174 0.005435 0.180613
v 0.098885 -0.001190 0.176748
v 0.103410 0.007074 0.177051
v 0.099750 -0.000317 0.172755
v 0.103511 0.007823 0.172809
v 0.100823 0.002490 0.169872
v 0.100797 0.007001 0.168907
v 0.101481 0.007363 0.169464
v 0.100890 0.006183 0.168850
v 0.090154 0.000461 0.185539
v 0.094523 -0.001145 0.187255
v 0.100441 -0.004734 0.188924
v 0.100806 -0.001396 0.190019
v 0.106532 -0.007189 0.192117
v 0.110944 -0.006966 0.195284
v 0.109177 -0.002033 0.195125
v 0.113677 -0.004362 0.199208
v 0.114447 -0.003353 0.200752
v 0.114671 -0.002456 0.201561
v 0.114603 -0.001422 0.200896
v 0.111629 0.002324 0.196009
v 0.107465 0.003053 0.192919
v 0.101926 0.002165 0.189799
v 0.095002 0.001080 0.187509
v 0.090502 0.001974 0.185698
v 0.086346 0.003694 0.187558
v 0.087043 0.002976 0.186561
v 0.099110 -0.000099 0.183405
v 0.098871 -0.001126 0.183099
v 0.109468 0.003048 0.183729
v 0.107983 0.001378 0.182934
v 0.085344 0.001826 0.186960
v 0.099093 -0.000860 0.183956
v 0.107251 0.001382 0.183460
v 0.109556 0.002779 0.183657
v 0.086021 0.002292 0.187462
v 0.109566 0.002801 0.183803
v 0.085005 0.003258 0.186487
v 0.086815 0.002815 0.185661
v 0.098763 -0.000429 0.182654
v 0.108908 0.002536 0.183234
v 0.085530 0.003942 0.186753
v 0.136065 0.029521 0.223941
v 0.137746 0.029745 0.226268
v 0.140125 0.029260 0.229252
v 0.142058 0.029500 0.232823
v 0.142907 0.030752 0.235446
v 0.141516 0.032890 0.234024
v 0.142201 0.033613 0.238206
v 0.141862 0.034252 0.238529
v 0.141906 0.034724 0.238033
v 0.141689 0.035693 0.234355
v 0.140792 0.034985 0.231671
v 0.139533 0.033158 0.228868
v 0.137435 0.030991 0.226081
v 0.135956 0.030378 0.223848
v -0.002125 0.047405 0.103775
v -0.003982 0.046443 0.099205
v -0.006479 0.045869 0.096343
v -0.006716 0.045942 0.091055
v -0.005675 0.044898 0.086374
v -0.004390 0.043228 0.082721
v -0.001154 0.044453 0.079086
v -0.006092 0.046295 0.095729
v -0.002712 0.042993 0.079633
v -0.005912 0.024026 0.084440
v -0.006225 0.023908 0.082667
v -0.004786 0.024576 0.072456
v -0.002557 0.026521 0.069441
v -0.000841 0.028364 0.065691
v 0.000427 0.029922 0.064566
v 0.001120 0.028759 0.063038
v 0.007091 0.058053 0.080469
v 0.005219 0.055916 0.080260
v 0.000722 0.016173 0.050324
v 0.000326 0.012060 0.048784
v 0.001023 0.052152 0.080156
v -0.002491 0.041785 0.077419
v -0.002737 0.038998 0.073811
v 0.001632 0.029372 0.062853
v 0.001380 0.027409 0.059538
v 0.001479 0.015087 0.049014
v 0.000883 0.011646 0.048262
v -0.001728 0.001555 0.044321
v -0.002406 -0.001786 0.041804
v -0.001774 0.047083 0.103709
v -0.003623 0.045878 0.098875
v -0.006035 0.045356 0.096150
v -0.005969 0.045270 0.091511
v -0.004743 0.043888 0.086751
v -0.003367 0.042161 0.083296
v -0.001631 0.041057 0.079153
v -0.005368 0.046158 0.095969
v -0.001611 0.041915 0.080303
v 0.002261 0.029948 0.064907
v -0.005923 0.023783 0.084535
v -0.005991 0.024118 0.082827
v -0.005304 0.024326 0.080373
v -0.000058 0.027887 0.066764
v 0.001823 0.029343 0.065331
v 0.002726 0.028471 0.063822
v -0.000307 0.043358 0.079884
v -0.001778 0.037703 0.074708
v 0.002049 0.015299 0.051785
v -0.001513 0.000643 0.047227
v -0.002929 -0.002360 0.044038
v 0.008425 0.058544 0.079932
v 0.006918 0.056762 0.080186
v 0.001794 0.051266 0.080813
v 0.001260 0.047868 0.080607
v -0.000613 0.041769 0.078830
v -0.001428 0.038403 0.074906
v 0.002579 0.026420 0.061097
v 0.002719 0.013898 0.050641
v -0.000978 0.000275 0.046851
v -0.002033 -0.002663 0.043835
v -0.001963 0.047499 0.102754
v -0.002161 0.047078 0.103809
v -0.003517 0.046449 0.098698
v -0.004096 0.045877 0.099340
v -0.006553 0.045411 0.096378
v -0.005893 0.046015 0.090625
v -0.006737 0.045146 0.091228
v -0.002793 0.042699 0.081349
v -0.004109 0.042241 0.082521
v 0.008163 0.058783 0.080069
v 0.008451 0.058569 0.079485
v 0.001153 0.051051 0.079968
v 0.001413 0.052194 0.081015
v 0.000067 0.044550 0.079241
v -0.001503 0.043469 0.080063
v -0.001045 0.041808 0.077625
v -0.005904 0.023509 0.084250
v -0.005965 0.023539 0.082534
v -0.004418 0.024879 0.072947
v -0.004299 0.024228 0.072442
v -0.001973 0.026064 0.069700
v 0.000480 0.029530 0.065560
v -0.000221 0.027448 0.065609
v -0.002745 0.041382 0.079292
v -0.001606 0.038995 0.074069
v -0.002903 0.038535 0.075311
v 0.002645 0.029214 0.062773
v 0.001350 0.027788 0.063670
v 0.001059 0.026430 0.060696
v 0.002849 0.026907 0.059479
v 0.002693 0.014062 0.049169
v 0.000866 0.015195 0.051386
v -0.000676 0.000258 0.045087
v -0.002755 0.001270 0.045961
v -0.003857 -0.001639 0.043170
v -0.001379 -0.002475 0.042609
v -0.001016 -0.001257 0.040350
v -0.000009 -0.001634 0.043713
v 0.003571 -0.002876 0.041803
v 0.002421 -0.004060 0.043290
v 0.016047 -0.009293 0.049962
v 0.018831 -0.012251 0.054530
v 0.020920 -0.012694 0.055390
v 0.024315 -0.026610 0.075967
v 0.024625 -0.022359 0.070361
v 0.026511 -0.028163 0.077611
v 0.025958 -0.028357 0.077866
v 0.022688 -0.012018 0.053578
v -0.000618 -0.002709 0.041420
v 0.021242 -0.012509 0.053258
v 0.026222 -0.028546 0.077643
v 0.020312 -0.013444 0.054936
v -0.000266 -0.002828 0.042636
v 0.002931 -0.004491 0.041791
v 0.013137 -0.009750 0.048813
v 0.019580 -0.012895 0.054027
v 0.023195 -0.021890 0.068083
v 0.024829 -0.027220 0.075640
v -0.000700 -0.000082 0.041739
v 0.021188 -0.011373 0.054465
v 0.020373 -0.012109 0.056065
v -0.000347 -0.000236 0.042951
v 0.003155 -0.002545 0.043350
v 0.019696 -0.011419 0.054804
v 0.019780 -0.012394 0.056457
v 0.024415 -0.023937 0.073998
v 0.026074 -0.028158 0.078060
v 0.016102 -0.009801 0.050727
v 0.017672 -0.011073 0.052130
v 0.021904 -0.010882 0.055529
v 0.023591 -0.008544 0.056324
v 0.028845 -0.009193 0.058452
v 0.037734 -0.014220 0.062410
v 0.030724 -0.008170 0.058843
v 0.040210 -0.013982 0.062744
v 0.040131 -0.014277 0.062808
v 0.030623 -0.006218 0.058303
v 0.029801 -0.007444 0.057643
v 0.040331 -0.014226 0.062502
v 0.017808 -0.010707 0.050411
v 0.022007 -0.010323 0.054163
v 0.029319 -0.008523 0.057627
v 0.030629 -0.009371 0.058131
v 0.036341 -0.012609 0.060776
v 0.038649 -0.013968 0.062095
v 0.029214 -0.007249 0.059026
v 0.037583 -0.013035 0.062723
v 0.016169 -0.010375 0.052626
v 0.020893 -0.009965 0.056038
v 0.029191 -0.008347 0.059219
v 0.030108 -0.009008 0.059731
v 0.037819 -0.013752 0.062918
v 0.010975 0.062251 0.076750
v 0.006075 0.057370 0.079601
v 0.006729 0.056746 0.080642
v 0.013427 0.059016 0.081704
v 0.019883 0.063089 0.077900
v 0.016941 0.067081 0.073779
v 0.020218 0.060073 0.083620
v 0.022823 0.068444 0.072527
v 0.026458 0.060645 0.083505
v 0.030466 0.063652 0.075341
v 0.029254 0.067814 0.072472
v 0.031631 0.062152 0.080343
v 0.034253 0.062802 0.073973
v 0.033654 0.064068 0.073497
v 0.034134 0.062764 0.075204
v 0.006362 0.056611 0.080814
v 0.009429 0.061978 0.082971
v 0.013885 0.068068 0.086985
v 0.013330 0.069193 0.082987
v 0.017317 0.075687 0.089634
v 0.019086 0.081949 0.089154
v 0.017347 0.080337 0.083324
v 0.018617 0.087601 0.085903
v 0.018146 0.089597 0.084658
v 0.017717 0.090498 0.083573
v 0.018104 0.089865 0.082449
v 0.018476 0.087993 0.081177
v 0.018814 0.082869 0.077979
v 0.017183 0.076836 0.077305
v 0.014347 0.069798 0.078638
v 0.009600 0.062509 0.080279
v 0.006487 0.056988 0.078984
v 0.016489 0.049970 0.085285
v 0.001409 0.051186 0.079900
v 0.013644 0.049999 0.089887
v 0.022777 0.052371 0.088206
v 0.019952 0.052681 0.093705
v 0.026048 0.055381 0.090871
v 0.024109 0.055056 0.095407
v 0.027272 0.056751 0.093138
v 0.027591 0.055553 0.096091
v 0.025683 0.056500 0.097060
v 0.021165 0.056699 0.098308
v 0.015861 0.054301 0.098612
v 0.009760 0.052802 0.094636
v 0.004479 0.051935 0.084952
v 0.000665 0.051482 0.081366
v -0.002230 0.041664 0.079619
v -0.001798 0.041520 0.078845
v -0.003262 0.044062 0.079816
v -0.006034 0.047836 0.080891
v -0.008354 0.052153 0.082509
v -0.006866 0.050893 0.078865
v -0.010428 0.056975 0.084217
v -0.013994 0.061194 0.083967
v -0.010074 0.058327 0.080269
v -0.017691 0.065983 0.081339
v -0.018082 0.066620 0.080610
v -0.016905 0.066659 0.079958
v -0.011204 0.063908 0.078750
v -0.006726 0.060131 0.078066
v -0.004595 0.055594 0.076746
v -0.002668 0.049504 0.076159
v -0.002178 0.044548 0.077995
v -0.001423 0.041790 0.078108
v -0.003745 0.047245 0.109751
v -0.003066 0.046809 0.101789
v -0.001901 0.047569 0.101379
v 0.001424 0.050627 0.107028
v -0.000710 0.054347 0.114133
v -0.004958 0.050539 0.117733
v 0.004808 0.056061 0.110785
v -0.005220 0.055607 0.121806
v 0.005656 0.061753 0.114042
v -0.001817 0.064817 0.120108
v -0.004417 0.061999 0.124024
v 0.003338 0.066219 0.118292
v -0.002790 0.068900 0.121206
v -0.003204 0.067794 0.122224
v -0.001537 0.068710 0.120894
v -0.003533 0.046161 0.098382
v -0.000447 0.046137 0.100725
v 0.003969 0.046737 0.103143
v 0.002435 0.045502 0.104374
v 0.008706 0.044099 0.104740
v 0.005912 0.042695 0.107344
v 0.012411 0.039948 0.106211
v 0.014714 0.036181 0.108651
v 0.011637 0.034917 0.110914
v 0.014822 0.030644 0.111645
v 0.014274 0.029892 0.112452
v 0.013774 0.030246 0.113056
v 0.010802 0.034892 0.114121
v 0.006970 0.038413 0.113985
v 0.002764 0.043323 0.112011
v -0.000400 0.046127 0.107696
v -0.002377 0.045797 0.102709
v -0.004570 0.045972 0.099640
v -0.006020 0.024337 0.082099
v -0.003486 0.025676 0.085396
v 0.003229 0.028331 0.090885
v 0.002514 0.023985 0.091958
v 0.008536 0.028423 0.094319
v 0.011982 0.027195 0.096643
v 0.010274 0.023196 0.096857
v 0.013553 0.025767 0.097940
v 0.014526 0.023291 0.097555
v 0.013142 0.022279 0.098512
v 0.009354 0.020773 0.099591
v 0.004937 0.019321 0.098368
v -0.000081 0.019663 0.094513
v -0.004480 0.022875 0.086934
v -0.006355 0.023128 0.082719
v -0.006266 0.023058 0.082236
v -0.005509 0.024769 0.082921
v -0.008317 0.022373 0.084783
v -0.011490 0.020839 0.099098
v -0.012172 0.020710 0.101391
v -0.010549 0.024291 0.099598
v -0.013864 0.024209 0.102733
v -0.008847 0.028647 0.098652
v -0.014388 0.028413 0.103928
v -0.008358 0.034559 0.097654
v -0.009309 0.038312 0.097499
v -0.014872 0.035273 0.103811
v -0.014436 0.039303 0.102065
v -0.014167 0.041782 0.098589
v -0.013801 0.019609 0.106756
v -0.010936 0.017289 0.107638
v -0.011586 0.015811 0.115809
v -0.016955 0.020382 0.113982
v -0.013589 0.014745 0.121329
v -0.019810 0.019854 0.119237
v -0.017826 0.013852 0.126561
v -0.022748 0.017576 0.124809
v -0.022845 0.013507 0.127336
v -0.024372 0.014742 0.126748
v -0.007498 0.023999 0.085475
v -0.011784 0.018978 0.102085
v -0.015072 0.017561 0.114347
v -0.017699 0.016692 0.119860
v -0.011096 0.019050 0.099215
v -0.012918 0.025046 0.101271
v -0.012400 0.037344 0.099506
v -0.013035 0.041832 0.097501
v -0.011164 0.021513 0.091529
v -0.010337 0.022823 0.092859
v -0.006125 0.045002 0.095608
v -0.007099 0.046998 0.100054
v -0.006935 0.047582 0.106741
v -0.007908 0.050638 0.105449
v -0.010643 0.048669 0.112197
v -0.013985 0.050896 0.115027
v -0.013182 0.053762 0.111338
v -0.018929 0.055186 0.115325
v -0.019744 0.056090 0.114915
v -0.019075 0.056861 0.114472
v -0.014108 0.058384 0.111123
v -0.010801 0.057008 0.108029
v -0.007441 0.054085 0.104307
v -0.006766 0.048923 0.098956
v -0.005777 0.046319 0.094908
v 0.001425 0.022414 0.072592
v -0.004683 0.024954 0.072018
v -0.005430 0.024364 0.072787
v -0.002501 0.020028 0.075941
v 0.003890 0.016020 0.076751
v 0.007832 0.019230 0.074110
v -0.000798 0.015485 0.080043
v 0.010963 0.015005 0.075649
v 0.001343 0.010850 0.082268
v 0.008322 0.007612 0.078626
v 0.012273 0.009751 0.077558
v 0.005264 0.006922 0.082201
v 0.009368 0.004109 0.078590
v 0.010326 0.005003 0.078482
v 0.008742 0.004386 0.079450
v -0.004921 0.023860 0.072724
v -0.004130 0.026346 0.076505
v -0.004230 0.027326 0.082680
v -0.004531 0.030136 0.081067
v -0.005638 0.029902 0.088733
v -0.007070 0.033395 0.092022
v -0.006641 0.035765 0.087835
v -0.010101 0.039272 0.092964
v -0.010683 0.040399 0.092642
v -0.009963 0.040865 0.091900
v -0.006000 0.040327 0.087032
v -0.004409 0.037640 0.083355
v -0.003448 0.033102 0.079689
v -0.003458 0.027809 0.075138
v -0.004445 0.024869 0.071817
v -0.006400 0.044502 0.088773
v -0.008940 0.048599 0.089982
v -0.013152 0.052444 0.093526
v -0.011207 0.054540 0.091582
v -0.018262 0.056734 0.093099
v -0.020797 0.060601 0.091441
v -0.016384 0.061033 0.089767
v -0.021367 0.065203 0.086812
v -0.021045 0.065896 0.085780
v -0.020002 0.066215 0.085997
v -0.014355 0.064993 0.088196
v -0.011222 0.061718 0.089560
v -0.008421 0.056807 0.090871
v -0.007030 0.049620 0.089404
v -0.005067 0.045206 0.088505
v 0.001772 -0.004447 0.115747
v -0.001760 -0.004443 0.115459
v 0.000730 0.000649 0.121345
v -0.003913 0.000557 0.120966
v -0.001767 0.003235 0.122772
v -0.013600 0.020666 0.132388
v -0.009191 0.018929 0.130450
v -0.010252 0.022203 0.131849
v -0.016845 0.028106 0.140060
v -0.018858 0.026150 0.140702
v -0.021819 0.027864 0.145983
v -0.019422 0.029846 0.144881
v -0.021809 0.030006 0.147950
v -0.024219 0.039589 0.159930
v -0.022963 0.041642 0.160108
v -0.026721 0.042907 0.166341
v -0.022864 0.028842 0.148150
v -0.027466 0.025773 0.150940
v -0.027254 0.027095 0.151913
v -0.032013 0.027217 0.156258
v -0.036515 0.027729 0.161110
v -0.035442 0.028841 0.161077
v -0.038656 0.028664 0.163247
v -0.038450 0.029174 0.163784
v -0.024466 0.044699 0.164891
v -0.026005 0.047103 0.168050
v -0.024670 0.048148 0.167156
v -0.021055 0.060109 0.180050
v -0.019973 0.060696 0.179198
v -0.020849 0.064546 0.187947
v -0.022516 0.065160 0.193218
v -0.021786 0.065842 0.193200
v -0.026202 0.044627 0.169225
v -0.025893 0.040675 0.174691
v -0.026011 0.041678 0.177494
v -0.027048 0.039230 0.182434
v -0.027196 0.038163 0.184145
v -0.027261 0.039240 0.186833
v -0.027121 0.040369 0.184785
v -0.027651 0.041280 0.194392
v -0.027450 0.041815 0.192912
v -0.027362 0.043081 0.195658
v -0.027529 0.042504 0.197468
v 0.000487 -0.005907 0.116482
v -0.000793 -0.000829 0.122236
v -0.009441 0.016984 0.131389
v -0.010864 0.021323 0.133342
v -0.017064 0.026636 0.141489
v -0.019414 0.029394 0.146262
v -0.022334 0.039775 0.159848
v -0.021634 0.054396 0.174935
v -0.019907 0.060076 0.180300
v -0.021063 0.063873 0.188752
v -0.021936 0.065298 0.193312
v -0.002994 0.000144 0.122780
v -0.008572 0.012003 0.129139
v -0.012320 0.020997 0.133726
v -0.024344 0.043004 0.165086
v -0.020315 0.028163 0.146526
v -0.020347 0.029439 0.147675
v -0.022474 0.027735 0.148122
v -0.027064 0.026229 0.151843
v -0.036221 0.028163 0.161755
v -0.024904 0.045470 0.167626
v -0.025097 0.043857 0.168933
v -0.026648 0.039866 0.184571
v -0.027325 0.042626 0.197510
v -0.024343 0.047564 0.167753
v -0.025136 0.043634 0.166751
v -0.025109 0.041188 0.175500
v -0.026658 0.038829 0.184210
v -0.027165 0.041355 0.193272
v -0.026894 0.042291 0.195798
v 0.000686 -0.003015 0.114839
v -0.001566 0.002901 0.120813
v -0.011750 0.022227 0.130875
v -0.014490 0.024151 0.133149
v -0.018878 0.028022 0.139840
v -0.020693 0.030089 0.144741
v -0.023948 0.041129 0.158798
v -0.026611 0.044995 0.165262
v -0.026030 0.048846 0.167608
v -0.023033 0.055405 0.173975
v -0.021211 0.061182 0.179475
v -0.021841 0.064545 0.188170
v -0.000575 -0.003028 0.114749
v -0.002451 0.001785 0.119883
v -0.012110 0.020206 0.130057
v -0.024470 0.040506 0.158942
v -0.022302 0.065740 0.193095
v -0.021848 0.029286 0.145198
v -0.021856 0.030567 0.146412
v -0.023552 0.028562 0.147268
v -0.027818 0.026793 0.151195
v -0.036409 0.028488 0.161110
v -0.038682 0.029316 0.163571
v -0.027256 0.045754 0.167089
v -0.026611 0.041467 0.176306
v -0.027204 0.040955 0.183367
v -0.027657 0.039788 0.184527
v -0.027787 0.042266 0.195164
v -0.027470 0.043908 0.166296
v -0.027445 0.043224 0.169153
v -0.026641 0.040967 0.175845
v -0.027720 0.038917 0.184198
v -0.027731 0.042666 0.197497
v -0.021955 -0.065604 0.201669
v -0.021094 -0.067085 0.195575
v -0.020674 -0.068295 0.195572
v -0.019245 -0.070214 0.200858
v -0.018919 -0.068736 0.208052
v -0.022510 -0.064668 0.208546
v -0.017419 -0.073481 0.205627
v -0.020839 -0.065120 0.213467
v -0.015180 -0.074946 0.210205
v -0.014544 -0.069335 0.216015
v -0.017662 -0.066689 0.217629
v -0.013652 -0.073678 0.215101
v -0.012147 -0.069183 0.218535
v -0.013247 -0.068641 0.218783
v -0.012337 -0.070148 0.218177
v -0.019164 -0.065518 0.191103
v -0.019538 -0.069991 0.194106
v -0.018681 -0.075810 0.199155
v -0.022090 -0.076191 0.197418
v -0.018956 -0.082807 0.202920
v -0.021091 -0.088148 0.204309
v -0.025135 -0.085784 0.201048
v -0.024761 -0.092600 0.202943
v -0.026048 -0.094175 0.202170
v -0.027001 -0.094806 0.201477
v -0.027932 -0.094016 0.201465
v -0.028743 -0.092102 0.201389
v -0.030523 -0.086960 0.200689
v -0.029437 -0.081603 0.199068
v -0.026124 -0.075800 0.197023
v -0.021940 -0.069963 0.193437
v -0.020808 -0.065500 0.190674
v -0.017300 -0.062840 0.183762
v -0.021189 -0.064743 0.186668
v -0.026673 -0.069240 0.189509
v -0.028009 -0.065771 0.189137
v -0.033494 -0.072759 0.188640
v -0.039116 -0.073167 0.187507
v -0.038115 -0.067716 0.187685
v -0.043841 -0.070711 0.185313
v -0.045408 -0.069698 0.184318
v -0.046114 -0.068750 0.183779
v -0.045912 -0.067719 0.184548
v -0.041490 -0.063631 0.188556
v -0.036281 -0.062281 0.189870
v -0.029512 -0.062329 0.190377
v -0.021861 -0.062435 0.186939
v -0.017759 -0.061264 0.183936
v -0.013125 -0.063097 0.186789
v -0.012797 -0.057653 0.180246
v -0.013577 -0.058271 0.179038
v -0.016537 -0.065288 0.180762
v -0.014173 -0.072154 0.185617
v -0.012089 -0.070369 0.192345
v -0.018350 -0.073126 0.179878
v -0.009946 -0.077005 0.193006
v -0.016943 -0.080064 0.179121
v -0.008893 -0.084236 0.185141
v -0.008039 -0.083795 0.190966
v -0.013082 -0.085717 0.180992
v -0.006200 -0.087909 0.184092
v -0.006402 -0.087578 0.185727
v -0.007472 -0.087934 0.183495
v -0.011067 -0.054636 0.176296
v -0.016135 -0.054655 0.180777
v -0.024562 -0.055320 0.185555
v -0.021041 -0.054571 0.188757
v -0.032018 -0.054319 0.192081
v -0.025931 -0.053507 0.196349
v -0.035195 -0.052783 0.198599
v -0.029634 -0.051500 0.202407
v -0.034579 -0.049697 0.205325
v -0.034152 -0.048315 0.207636
v -0.033376 -0.047542 0.208902
v -0.032142 -0.048406 0.209165
v -0.030170 -0.049937 0.208418
v -0.024793 -0.053418 0.205929
v -0.020666 -0.055112 0.200353
v -0.017537 -0.055897 0.192216
v -0.013864 -0.054877 0.182911
v -0.009536 -0.054817 0.177763
v 0.012251 -0.036395 0.172770
v 0.014822 -0.039458 0.176184
v 0.019036 -0.042422 0.181698
v 0.017017 -0.045163 0.180139
v 0.023332 -0.047093 0.186130
v 0.025358 -0.052106 0.188121
v 0.021137 -0.053520 0.184795
v 0.025882 -0.057806 0.187382
v 0.026093 -0.059843 0.186841
v 0.025895 -0.060993 0.186264
v 0.024598 -0.061077 0.186146
v 0.018187 -0.058019 0.184701
v 0.015431 -0.053728 0.182509
v 0.013958 -0.047662 0.179806
v 0.013165 -0.041130 0.175588
v 0.011116 -0.037537 0.172391
v 0.008936 -0.035607 0.168266
v 0.009255 -0.035044 0.173739
v 0.008155 -0.035066 0.181572
v 0.008487 -0.033531 0.189531
v 0.013017 -0.031920 0.185765
v 0.010896 -0.031534 0.194695
v 0.015176 -0.028236 0.197414
v 0.017249 -0.027338 0.196648
v 0.016722 -0.026843 0.198188
v 0.017828 -0.026005 0.198237
v 0.018708 -0.026718 0.197656
v 0.019368 -0.028027 0.196121
v 0.020813 -0.031091 0.191664
v 0.019493 -0.033096 0.186365
v 0.015956 -0.034682 0.180381
v 0.011767 -0.034950 0.173347
v 0.010646 -0.035488 0.168011
v -0.013266 -0.044423 0.196665
v -0.006344 -0.046071 0.191780
v -0.005148 -0.045251 0.192433
v -0.007241 -0.040939 0.199148
v -0.014974 -0.037140 0.203901
v -0.020543 -0.041748 0.202147
v -0.007813 -0.035877 0.205613
v -0.024068 -0.037106 0.206226
v -0.009872 -0.030586 0.210091
v -0.020457 -0.027431 0.209721
v -0.025388 -0.030829 0.210026
v -0.015109 -0.026315 0.212596
v -0.022208 -0.023148 0.210782
v -0.023274 -0.024467 0.210971
v -0.020989 -0.023468 0.211452
v -0.006013 -0.038524 0.210960
v -0.007819 -0.046259 0.197498
v -0.001856 -0.041758 0.210982
v -0.006314 -0.037581 0.218032
v -0.001614 -0.041306 0.218601
v -0.006535 -0.038721 0.222940
v -0.002421 -0.041160 0.223478
v -0.005758 -0.039753 0.225469
v -0.002864 -0.039732 0.226628
v -0.002235 -0.041832 0.226013
v -0.000452 -0.045008 0.223260
v 0.002167 -0.046486 0.218449
v 0.001116 -0.047598 0.211376
v -0.004904 -0.046736 0.202489
v -0.006684 -0.047397 0.197741
v -0.004748 -0.044965 0.187978
v -0.004078 -0.048456 0.192342
v -0.002839 -0.051979 0.199506
v -0.004153 -0.054755 0.196931
v -0.001085 -0.057313 0.205600
v -0.000346 -0.062828 0.208258
v -0.002853 -0.064020 0.202997
v 0.000232 -0.068940 0.207557
v 0.000595 -0.071121 0.207053
v 0.000627 -0.072328 0.206356
v -0.000470 -0.072342 0.205711
v -0.002075 -0.071400 0.204600
v -0.005847 -0.068641 0.201304
v -0.007221 -0.063848 0.198073
v -0.007038 -0.057228 0.195042
v -0.005456 -0.050128 0.190908
v -0.005707 -0.046108 0.187023
v -0.007922 -0.049091 0.203235
v -0.008345 -0.048560 0.202316
v -0.010999 -0.050505 0.206765
v -0.014935 -0.054499 0.212484
v -0.017067 -0.051611 0.211047
v -0.020879 -0.058166 0.216815
v -0.026576 -0.059160 0.218810
v -0.026922 -0.054118 0.215766
v -0.032577 -0.058148 0.218094
v -0.034727 -0.057781 0.217542
v -0.035857 -0.057220 0.216977
v -0.035637 -0.055978 0.217018
v -0.034363 -0.054249 0.216911
v -0.030791 -0.049926 0.216069
v -0.025648 -0.047976 0.213950
v -0.019006 -0.047745 0.211122
v -0.012001 -0.048597 0.206440
v -0.008573 -0.047770 0.203027
v 0.005053 -0.032194 0.158277
v 0.006617 -0.036066 0.161049
v 0.010763 -0.040372 0.166551
v 0.006891 -0.042390 0.165225
v 0.014360 -0.044702 0.169203
v 0.015669 -0.050026 0.171906
v 0.009129 -0.053046 0.169952
v 0.012925 -0.056512 0.171267
v 0.012256 -0.058657 0.171350
v 0.011462 -0.059785 0.171267
v 0.010336 -0.059399 0.171684
v 0.008766 -0.057949 0.171907
v 0.003762 -0.054171 0.173315
v 0.001488 -0.049281 0.170947
v 0.003280 -0.042279 0.166826
v 0.004376 -0.036639 0.161129
v 0.003529 -0.032597 0.158340
v 0.001428 0.015102 0.132504
v 0.001496 0.016354 0.136756
v 0.061363 0.056119 0.167010
v 0.055943 0.054769 0.166064
v 0.055361 0.055192 0.166956
v 0.058442 0.056813 0.170807
v 0.064612 0.057711 0.172907
v 0.067114 0.057799 0.168722
v 0.060487 0.058812 0.175418
v 0.070558 0.058330 0.171827
v 0.063165 0.059469 0.179279
v 0.070115 0.057436 0.178911
v 0.072797 0.058339 0.176177
v 0.067380 0.059102 0.181391
v 0.071931 0.056512 0.181268
v 0.072454 0.056967 0.180388
v 0.071235 0.057087 0.181518
v 0.053063 0.051441 0.164802
v 0.053379 0.055044 0.168007
v 0.054560 0.059190 0.173442
v 0.053322 0.061098 0.170860
v 0.054313 0.064378 0.178305
v 0.053134 0.069156 0.180260
v 0.052016 0.069486 0.175287
v 0.050362 0.073653 0.179770
v 0.049158 0.075158 0.179496
v 0.048415 0.075935 0.178970
v 0.048857 0.076066 0.177863
v 0.051633 0.073475 0.172388
v 0.052723 0.069290 0.169681
v 0.053513 0.063324 0.167982
v 0.053066 0.056369 0.166239
v 0.052871 0.052356 0.163603
v 0.048486 0.046742 0.161858
v 0.050165 0.051080 0.161487
v 0.050748 0.057893 0.161441
v 0.052135 0.056658 0.158661
v 0.049028 0.063989 0.158674
v 0.048416 0.067478 0.154943
v 0.050937 0.063781 0.152800
v 0.048040 0.068656 0.148193
v 0.048099 0.068383 0.146877
v 0.049140 0.067875 0.146753
v 0.053719 0.063824 0.148881
v 0.054927 0.060108 0.151931
v 0.054762 0.055982 0.156387
v 0.051469 0.050263 0.159965
v 0.049368 0.046181 0.160815
v 0.050367 0.045063 0.165730
v 0.047774 0.039976 0.160680
v 0.046628 0.040496 0.160065
v 0.045014 0.046844 0.162500
v 0.045455 0.050580 0.169351
v 0.051267 0.050061 0.172221
v 0.040936 0.052228 0.165113
v 0.048607 0.052671 0.177263
v 0.037107 0.055093 0.169325
v 0.039213 0.054002 0.178771
v 0.043821 0.054786 0.181235
v 0.035685 0.056380 0.175380
v 0.036534 0.054108 0.181983
v 0.037956 0.054490 0.182289
v 0.036165 0.054766 0.180977
v 0.045965 0.036088 0.158732
v 0.049799 0.040524 0.157225
v 0.053835 0.047538 0.154057
v 0.056356 0.045746 0.157060
v 0.059889 0.053459 0.151280
v 0.065842 0.056361 0.150903
v 0.066378 0.052196 0.155729
v 0.072356 0.056029 0.152174
v 0.074722 0.055596 0.152579
v 0.075984 0.055005 0.153132
v 0.075698 0.054787 0.154453
v 0.074276 0.054209 0.156208
v 0.070367 0.052114 0.160469
v 0.064991 0.048956 0.161872
v 0.058138 0.045218 0.161229
v 0.051160 0.039789 0.159553
v 0.046890 0.035618 0.160329
v 0.066405 0.037166 0.159583
v 0.061361 0.032398 0.162971
v 0.062139 0.031348 0.163536
v 0.069413 0.032031 0.162467
v 0.075391 0.036050 0.157403
v 0.072400 0.041736 0.155660
v 0.076713 0.031254 0.161869
v 0.077910 0.042424 0.152546
v 0.082707 0.030751 0.159483
v 0.084683 0.035559 0.151070
v 0.083770 0.040706 0.149860
v 0.086975 0.032310 0.154906
v 0.087572 0.034511 0.148137
v 0.087205 0.035990 0.148225
v 0.087846 0.034102 0.149315
v 0.058814 0.029725 0.161987
v 0.060537 0.032474 0.165840
v 0.064351 0.035640 0.171103
v 0.061222 0.037361 0.170770
v 0.066485 0.039223 0.177235
v 0.065976 0.042623 0.181552
v 0.061593 0.043468 0.178652
v 0.062630 0.045556 0.184835
v 0.061228 0.046435 0.186010
v 0.060145 0.046915 0.186400
v 0.059670 0.047471 0.185387
v 0.058440 0.047545 0.178553
v 0.058232 0.044805 0.174001
v 0.058880 0.040090 0.169549
v 0.058788 0.033915 0.165315
v 0.057640 0.030727 0.161627
v 0.068922 0.038223 0.167795
v 0.068489 0.037939 0.166913
v 0.071238 0.041935 0.167910
v 0.074137 0.048259 0.169639
v 0.074507 0.047572 0.166267
v 0.076276 0.055292 0.169424
v 0.077810 0.060010 0.167109
v 0.077777 0.056527 0.163141
v 0.078190 0.063042 0.162555
v 0.078102 0.064045 0.160813
v 0.078009 0.064288 0.159603
v 0.078615 0.063356 0.159055
v 0.080209 0.056668 0.158647
v 0.079057 0.051722 0.160072
v 0.076465 0.046615 0.163068
v 0.071930 0.041394 0.166169
v 0.069411 0.037825 0.166623
vn -0.9513 0.1375 0.2758
vn 0.9865 -0.0559 -0.1537
vn -0.9932 0.0775 -0.0869
vn 0.9907 0.0359 0.1309
vn 0.9934 0.0398 0.1078
vn -0.9994 -0.0320 0.0135
vn -0.9933 0.0204 -0.1135
vn 0.9882 -0.0104 0.1527
vn -0.9772 -0.0499 -0.2062
vn 0.9908 -0.0574 0.1222
vn 0.9991 -0.0430 -0.0016
vn 0.1852 -0.0561 0.9811
vn -0.9003 -0.0983 -0.4239
vn 0.9795 0.0243 0.2001
vn 0.9989 -0.0070 -0.0462
vn -0.5931 -0.0078 0.8051
vn -0.9403 -0.0014 0.3402
vn 0.9938 -0.0146 0.1104
vn -0.9580 0.0141 0.2865
vn 0.9996 -0.0163 0.0227
vn -0.9929 -0.0344 0.1137
vn 0.9840 -0.0749 -0.1615
vn -0.9859 -0.0894 0.1412
vn 0.9880 0.0593 -0.1428
vn 0.9834 0.0479 -0.1751
vn -0.9973 0.0619 0.0394
vn 0.9971 0.0108 0.0747
vn -0.9795 0.0117 -0.2011
vn 0.9477 -0.0437 0.3161
vn 0.9993 0.0304 0.0239
vn -0.9976 0.0019 -0.0691
vn -0.9749 -0.0268 0.2211
vn 0.9852 -0.0463 -0.1650
vn -0.9323 -0.1281 0.3381
vn 0.7693 0.5588 -0.3096
vn -0.9465 -0.3008 0.1165
vn -0.7984 -0.5596 0.2224
vn -0.5068 -0.7365 0.4481
vn 0.6348 0.5933 -0.4950
vn 0.4254 0.6773 -0.6002
vn -0.6937 -0.6564 0.2966
vn 0.7097 0.2194 0.6695
vn 0.7335 0.6796 0.0110
vn 0.4301 0.7155 -0.5505
vn 0.1763 0.6486 -0.7404
vn 0.2444 -0.4655 0.8506
vn -0.1221 0.6362 -0.7618
vn 0.0533 0.6379 -0.7682
vn -0.2235 -0.5338 0.8156
vn 0.1085 0.8591 -0.5001
vn -0.3898 -0.5744 0.7198
vn -0.7231 -0.6609 -0.2007
vn 0.6925 0.0804 0.7169
vn -0.8565 -0.4367 -0.2752
vn 0.7828 0.4728 0.4046
vn -0.6589 -0.6195 -0.4268
vn 0.7989 0.5427 0.2592
vn 0.6832 0.6946 0.2254
vn -0.7311 -0.6629 -0.1614
vn 0.6978 0.6966 0.1669
vn -0.6639 -0.7455 -0.0586
vn 0.2272 0.6598 -0.7163
vn 0.0252 -0.7453 0.6663
vn 0.3178 0.6722 -0.6687
vn 0.1235 0.8974 -0.4235
vn -0.2569 -0.8322 0.4914
vn 0.5988 0.6630 -0.4493
vn 0.7163 0.6616 -0.2216
vn -0.5402 -0.7761 0.3252
vn 0.6929 0.6834 -0.2299
vn -0.6168 -0.7602 0.2040
vn 0.8554 -0.2014 -0.4773
vn -0.9054 0.1800 0.3844
vn -0.3002 0.9259 -0.2292
vn -0.3237 0.9415 -0.0938
vn -0.3869 0.9154 0.1110
vn -0.3757 0.9254 0.0501
vn -0.3380 0.9326 -0.1265
vn -0.3400 0.9391 0.0498
vn -0.4045 0.9129 0.0556
vn -0.3273 0.9422 0.0714
vn -0.4221 0.9007 0.1033
vn -0.4570 0.8729 0.1711
vn -0.4460 0.8358 0.3203
vn -0.5365 0.7910 0.2939
vn -0.6232 0.7779 0.0813
vn -0.8426 0.4575 0.2841
vn -0.8548 0.3077 0.4178
vn -0.8801 0.3289 0.3423
vn -0.9165 0.1555 0.3685
vn -0.8832 0.2774 0.3781
vn -0.5521 0.4175 0.7218
vn -0.7070 0.3091 0.6360
vn -0.6463 0.5920 0.4815
vn -0.7272 0.6168 0.3012
vn -0.4584 0.8825 -0.1049
vn 0.4228 0.8177 -0.3906
vn 0.3654 0.9280 0.0733
vn 0.3607 0.9090 0.2090
vn 0.3387 0.9249 0.1728
vn 0.2772 0.9607 0.0128
vn 0.2716 0.9617 -0.0361
vn 0.3272 0.9448 -0.0156
vn 0.3242 0.9427 0.0784
vn 0.3347 0.9022 0.2720
vn 0.4167 0.8799 0.2285
vn 0.3422 0.9175 0.2027
vn 0.3403 0.9403 -0.0070
vn -0.1697 0.9849 0.0342
vn -0.3320 0.9431 -0.0200
vn -0.1829 0.8969 0.4026
vn -0.6656 0.6422 0.3803
vn 0.3697 0.9167 -0.1514
vn 0.2834 0.8220 -0.4940
vn 0.9983 -0.0119 -0.0573
vn -0.4025 0.9151 -0.0244
vn -0.1998 0.9753 0.0939
vn -0.0023 0.9690 0.2469
vn 0.2299 0.9732 0.0058
vn 0.1809 0.9823 0.0486
vn 0.0405 0.9990 0.0168
vn 0.3962 0.8990 0.1866
vn -0.5162 0.8484 0.1171
vn -0.5342 0.6157 0.5793
vn -0.6532 0.5786 0.4884
vn -0.7401 0.4192 0.5259
vn -0.7833 0.5951 0.1799
vn -0.8858 0.3315 0.3249
vn -0.7829 0.4699 0.4078
vn -0.4457 0.5077 0.7373
vn -0.3878 -0.4512 0.8038
vn -0.6022 0.4029 0.6892
vn -0.8256 0.2664 0.4974
vn -0.3903 0.8620 0.3235
vn -0.2977 0.9541 0.0329
vn -0.5379 0.6060 0.5860
vn -0.4123 0.5820 0.7009
vn -0.1529 0.9345 0.3215
vn -0.3121 0.8890 0.3350
vn -0.3495 -0.8507 0.3926
vn -0.4084 -0.9118 -0.0432
vn -0.4281 -0.8888 0.1633
vn -0.3756 -0.9046 -0.2018
vn -0.3452 -0.9235 -0.1675
vn -0.2522 -0.9622 -0.1031
vn -0.2314 -0.9673 0.1043
vn -0.2940 -0.9535 0.0672
vn -0.2787 -0.9600 0.0257
vn -0.3054 -0.9337 -0.1867
vn -0.4810 -0.8459 -0.2305
vn -0.4928 -0.8685 -0.0536
vn 0.0699 -0.9975 0.0064
vn -0.1631 -0.9834 0.0799
vn 0.0447 -0.9990 0.0064
vn 0.6372 -0.7530 -0.1642
vn 0.2564 -0.9463 -0.1967
vn 0.1026 -0.9142 -0.3920
vn 0.5632 -0.6181 -0.5484
vn 0.5438 -0.4590 -0.7026
vn 0.6206 -0.6555 -0.4302
vn 0.6652 -0.6971 -0.2676
vn 0.7468 -0.5998 -0.2874
vn -0.4919 -0.6946 0.5249
vn 0.3888 -0.9003 0.1957
vn 0.3561 -0.9332 0.0473
vn 0.3572 -0.9285 -0.1017
vn 0.3311 -0.9412 -0.0674
vn 0.2516 -0.9677 -0.0120
vn 0.2686 -0.9629 0.0245
vn 0.3229 -0.9463 -0.0191
vn 0.3945 -0.9144 -0.0905
vn 0.3680 -0.9155 -0.1627
vn 0.3628 -0.9294 -0.0672
vn 0.4675 -0.8678 -0.1682
vn 0.3460 -0.9055 -0.2457
vn 0.6480 -0.7579 -0.0759
vn 0.7969 -0.5588 -0.2296
vn 0.9020 -0.2182 -0.3726
vn 0.3795 -0.8968 0.2274
vn 0.2482 -0.9464 0.2065
vn -0.4473 -0.8910 -0.0771
vn -0.0022 -0.9755 0.2202
vn 0.2354 -0.9719 0.0002
vn 0.1741 -0.9836 0.0464
vn 0.0369 -0.9992 0.0174
vn 0.3849 -0.9043 0.1850
vn 0.7607 -0.4005 -0.5108
vn 0.7182 -0.6212 -0.3135
vn 0.8317 -0.4606 -0.3100
vn 0.7772 -0.4131 -0.4747
vn 0.8595 -0.3821 -0.3396
vn 0.8656 -0.4473 -0.2252
vn 0.7601 -0.6107 -0.2221
vn 0.2689 -0.9621 0.0454
vn -0.1235 -0.9670 0.2229
vn 0.4036 -0.8454 -0.3498
vn -0.0308 -0.6917 -0.7216
vn 0.8886 -0.3889 -0.2433
vn 0.7506 -0.4735 -0.4608
vn 0.5860 -0.1700 -0.7923
vn 0.5846 -0.7358 -0.3418
vn 0.4476 -0.4354 -0.7811
vn 0.5880 -0.3533 -0.7277
vn 0.8399 -0.2954 -0.4553
vn 0.5413 -0.7353 -0.4079
vn -0.9974 0.0706 -0.0131
vn -0.9357 -0.0951 -0.3398
vn 0.9474 0.2208 0.2316
vn -0.9105 -0.1994 -0.3622
vn -0.7975 -0.5513 -0.2451
vn 0.8457 0.4969 0.1947
vn 0.7254 0.6773 -0.1228
vn -0.8164 -0.4477 -0.3647
vn 0.5214 -0.1345 0.8426
vn 0.8365 0.3248 0.4413
vn -0.8112 -0.3684 -0.4542
vn 0.6692 0.7099 0.2194
vn -0.2599 -0.6618 0.7032
vn 0.6622 0.7215 -0.2022
vn -0.7182 -0.6411 0.2706
vn 0.8279 0.5480 -0.1198
vn 0.7689 0.6360 -0.0662
vn -0.7729 -0.6208 0.1309
vn 0.9255 0.3785 0.0112
vn -0.7462 -0.2586 -0.6134
vn 0.1523 -0.1745 0.9728
vn -0.4691 -0.2217 -0.8549
vn 0.7330 0.2001 0.6501
vn -0.7475 -0.1614 -0.6444
vn -0.8660 -0.3771 -0.3284
vn 0.8655 0.3259 0.3805
vn -0.9185 -0.3346 -0.2106
vn -0.3210 -0.7443 0.5857
vn 0.3357 0.9338 -0.1239
vn -0.6104 -0.7911 0.0409
vn 0.4599 0.8744 -0.1546
vn 0.4018 0.9152 0.0303
vn 0.2642 0.8901 0.3713
vn -0.3816 -0.9225 -0.0585
vn 0.5914 0.6899 0.4173
vn -0.6113 -0.6893 -0.3887
vn -0.3463 -0.9004 -0.2635
vn 0.2904 0.8407 0.4571
vn 0.4528 -0.6981 0.5547
vn -0.7681 0.3200 0.5546
vn -0.5947 0.6180 0.5141
vn -0.8902 0.4156 0.1865
vn -0.8571 0.4792 0.1889
vn -0.5440 0.7970 0.2625
vn -0.5825 0.7687 0.2642
vn -0.5958 0.7720 0.2215
vn -0.4535 0.8490 0.2712
vn 0.5270 -0.3791 -0.7606
vn -0.4763 -0.3217 -0.8183
vn 0.0997 0.6087 0.7871
vn -0.6911 0.6489 0.3183
vn -0.2827 0.8493 0.4457
vn -0.4665 0.6294 0.6215
vn -0.4054 0.7232 0.5591
vn -0.4536 0.7046 0.5457
vn -0.4206 0.6520 0.6309
vn -0.8905 -0.2323 0.3912
vn -0.8529 0.3198 0.4128
vn -0.9975 0.0669 0.0241
vn -0.9922 0.0648 -0.1065
vn -0.8240 0.5591 0.0917
vn -0.5250 0.8338 0.1709
vn -0.8624 0.4935 -0.1126
vn -0.6657 0.7422 -0.0775
vn -0.8180 0.5651 -0.1077
vn -0.8601 0.5084 -0.0417
vn -0.9402 0.0194 0.3402
vn 0.2989 0.3338 0.8940
vn -0.5154 0.3518 0.7814
vn -0.1171 -0.5803 -0.8060
vn 0.4977 -0.6894 -0.5263
vn 0.0725 -0.8103 -0.5815
vn 0.0822 -0.7591 -0.6458
vn 0.4895 -0.6620 -0.5676
vn 0.5022 -0.8110 -0.3001
vn 0.4171 -0.8202 -0.3916
vn 0.3709 -0.8610 -0.3481
vn 0.4323 -0.8733 -0.2244
vn 0.9733 0.0147 0.2291
vn 0.6614 -0.4727 -0.5823
vn 0.8871 -0.4199 -0.1916
vn 0.3409 -0.9182 -0.2018
vn 0.7838 -0.4562 -0.4213
vn 0.6245 -0.7304 -0.2767
vn 0.6748 -0.6542 -0.3416
vn 0.5738 -0.6637 -0.4799
vn 0.4720 -0.6702 -0.5728
vn -0.2771 -0.8702 -0.4074
vn 0.7219 -0.6709 0.1696
vn 0.6504 -0.7269 0.2204
vn -0.1380 -0.9808 0.1379
vn 0.7650 -0.6370 0.0948
vn 0.8273 -0.5550 0.0874
vn 0.9728 -0.2314 -0.0105
vn 0.9033 -0.2797 0.3254
vn 0.9912 0.0733 0.1103
vn 0.9898 -0.0611 0.1290
vn 0.0728 -0.0920 0.9931
vn 0.0729 -0.0914 0.9931
vn -0.1096 -0.0429 0.9931
vn -0.2487 -0.3196 0.9143
vn -0.1594 -0.0818 0.9838
vn 0.1359 -0.3714 0.9185
vn 0.2069 -0.1816 0.9614
vn 0.3026 -0.4265 0.8524
vn 0.3745 -0.4662 0.8015
vn 0.4862 -0.2055 0.8494
vn 0.4438 -0.6013 0.6644
vn 0.5827 -0.2826 0.7620
vn 0.6416 0.1061 0.7597
vn 0.5013 0.0893 0.8607
vn 0.4420 -0.0043 0.8970
vn 0.2567 0.0129 0.9664
vn -0.0047 0.1430 0.9897
vn -0.0732 0.0361 0.9967
vn 0.0730 -0.0902 0.9932
vn 0.6505 -0.5873 -0.4816
vn 0.5306 -0.7283 -0.4337
vn 0.4410 -0.8613 -0.2522
vn 0.6778 -0.5955 -0.4312
vn 0.5382 -0.7829 -0.3121
vn 0.7892 -0.6070 -0.0934
vn 0.6657 -0.7462 -0.0024
vn 0.8417 -0.5352 0.0716
vn 0.8670 -0.4769 0.1445
vn 0.6953 -0.6597 0.2852
vn 0.9306 -0.2959 0.2153
vn 0.7401 -0.5530 0.3826
vn 0.4239 -0.7543 0.5014
vn 0.4551 -0.8212 0.3442
vn 0.5383 -0.7999 0.2654
vn 0.5151 -0.8538 0.0755
vn 0.3817 -0.9144 -0.1349
vn 0.3256 -0.9213 -0.2124
vn 0.2435 -0.9699 -0.0032
vn 0.4860 -0.8738 -0.0190
vn 0.7126 -0.6800 0.1728
vn 0.8884 -0.3635 0.2803
vn 0.7802 -0.4870 0.3926
vn 0.7653 -0.2735 0.5827
vn 0.7230 -0.2686 0.6365
vn 0.5868 -0.3745 0.7179
vn 0.8353 -0.0820 0.5437
vn 0.6645 -0.0770 0.7433
vn 0.1485 -0.3515 0.9243
vn 0.2790 -0.6607 0.6969
vn 0.5312 -0.5984 0.5998
vn 0.6718 -0.5932 0.4437
vn 0.6816 -0.6938 0.2325
vn 0.4665 -0.8845 -0.0060
vn 0.5780 0.6593 0.4809
vn 0.5771 0.6592 0.4820
vn 0.5647 0.6603 0.4951
vn 0.3480 0.5498 0.7593
vn 0.5338 0.6052 0.5906
vn 0.3198 0.4067 0.8557
vn 0.5387 0.4250 0.7274
vn 0.1852 0.3397 0.9221
vn 0.0827 0.1054 0.9910
vn 0.4221 0.1780 0.8889
vn -0.1812 -0.0335 0.9829
vn 0.1262 -0.0356 0.9914
vn 0.5207 -0.0309 0.8532
vn 0.6488 -0.0147 0.7608
vn 0.7003 0.2367 0.6735
vn 0.7307 0.4143 0.5426
vn 0.7205 0.5755 0.3868
vn 0.5913 0.6703 0.4485
vn 0.5765 0.6591 0.4830
vn 0.3920 0.1156 0.9127
vn 0.3243 0.1032 0.9403
vn 0.4313 0.1208 0.8941
vn 0.1575 0.1176 0.9805
vn 0.1549 0.3349 0.9295
vn 0.3646 0.2335 0.9014
vn 0.1622 0.5355 0.8288
vn 0.0219 0.6069 0.7945
vn 0.3235 0.4745 0.8187
vn -0.2939 0.5662 0.7701
vn 0.0467 0.5388 0.8412
vn 0.5031 0.4002 0.7660
vn 0.5487 0.3740 0.7477
vn 0.5585 0.3215 0.7647
vn 0.6108 0.1601 0.7755
vn 0.6387 0.1198 0.7601
vn 0.5292 0.1128 0.8410
vn 0.4474 0.1347 0.8841
vn -0.4537 0.4077 0.7924
vn -0.4531 0.4080 0.7926
vn -0.4680 0.5610 0.6829
vn -0.7183 0.4838 0.4999
vn -0.5133 0.5725 0.6394
vn -0.6452 0.1880 0.7405
vn -0.4766 0.2527 0.8420
vn -0.6146 0.0095 0.7888
vn -0.6061 -0.0868 0.7906
vn -0.3657 -0.0137 0.9306
vn -0.6463 -0.2717 0.7131
vn -0.3673 -0.1642 0.9155
vn -0.0129 -0.0164 0.9998
vn -0.1113 0.1260 0.9858
vn -0.2250 0.1405 0.9642
vn -0.2955 0.3154 0.9018
vn -0.2737 0.5762 0.7701
vn -0.3900 0.5757 0.7186
vn -0.4522 0.4085 0.7929
vn -0.1119 -0.9933 -0.0285
vn -0.2899 -0.9532 -0.0857
vn -0.5049 -0.8629 -0.0207
vn -0.1306 -0.9911 0.0262
vn -0.3832 -0.9237 0.0051
vn -0.2410 -0.9040 0.3531
vn -0.4358 -0.8386 0.3268
vn -0.2287 -0.8221 0.5213
vn -0.1997 -0.7745 0.6003
vn -0.4670 -0.6711 0.5758
vn -0.0521 -0.6948 0.7174
vn -0.4000 -0.6010 0.6920
vn -0.7192 -0.4155 0.5569
vn -0.7044 -0.5502 0.4483
vn -0.6287 -0.6387 0.4436
vn -0.6065 -0.7452 0.2773
vn -0.6160 -0.7873 0.0245
vn -0.6085 -0.7904 -0.0710
vn -0.7595 -0.6498 0.0304
vn 0.5336 0.2609 0.8045
vn 0.3295 0.4880 0.8083
vn 0.4481 -0.0339 0.8934
vn 0.2410 0.4576 0.8559
vn 0.2350 -0.0032 0.9720
vn 0.1448 0.4632 0.8744
vn 0.0496 -0.0056 0.9988
vn -0.0021 0.5662 0.8243
vn -0.1391 -0.0726 0.9876
vn -0.1763 0.6750 0.7165
vn -0.3265 -0.2122 0.9211
vn 0.4769 0.2486 0.8431
vn 0.2698 0.2612 0.9268
vn 0.0714 0.2539 0.9646
vn -0.1835 0.2632 0.9471
vn -0.3094 0.2446 0.9189
vn 0.4127 0.4291 0.8035
vn -0.0341 0.6411 0.7667
vn 0.1448 0.4789 0.8659
vn 0.0664 0.3877 0.9194
vn 0.3030 0.3132 0.9001
vn -0.0192 0.3549 0.9347
vn 0.1902 0.1493 0.9703
vn -0.0690 0.2356 0.9694
vn 0.1369 0.0640 0.9885
vn 0.3187 -0.1076 0.9417
vn 0.4176 -0.0083 0.9086
vn 0.4410 0.1447 0.8858
vn 0.4875 0.2313 0.8419
vn 0.5229 0.2536 0.8138
vn 0.4429 0.4561 0.7719
vn -0.0665 -0.8540 0.5160
vn -0.0642 -0.8538 0.5165
vn -0.0527 -0.8614 0.5052
vn 0.4820 -0.7345 0.4778
vn 0.1639 -0.6917 0.7033
vn -0.0686 -0.7492 0.6588
vn 0.1800 -0.5831 0.7922
vn -0.1313 -0.5839 0.8011
vn 0.2615 -0.4258 0.8662
vn -0.0847 -0.4895 0.8679
vn -0.4521 -0.4969 0.7407
vn -0.3769 -0.6174 0.6905
vn -0.2609 -0.7307 0.6309
vn -0.2526 -0.7637 0.5941
vn -0.2580 -0.7870 0.5604
vn -0.0635 -0.8929 0.4457
vn -0.0598 -0.8531 0.5183
vn -0.0295 0.6773 0.7352
vn -0.1106 0.6720 0.7322
vn -0.2498 0.5714 0.7817
vn -0.0573 0.6231 0.7800
vn -0.1507 0.4917 0.8576
vn -0.1255 0.4257 0.8961
vn 0.0353 0.4905 0.8707
vn -0.1262 0.2959 0.9468
vn 0.1423 0.3217 0.9361
vn -0.1720 0.0535 0.9836
vn 0.0240 0.0961 0.9951
vn 0.4111 0.3136 0.8560
vn 0.2942 0.4325 0.8523
vn 0.1819 0.5251 0.8314
vn 0.1778 0.5524 0.8144
vn 0.1689 0.6344 0.7544
vn 0.0482 0.7039 0.7087
vn -0.0174 0.6796 0.7334
vn -0.6349 -0.4096 0.6551
vn -0.4135 -0.6103 0.6757
vn -0.6863 -0.1725 0.7066
vn -0.2367 -0.4470 0.8626
vn -0.3771 -0.2094 0.9022
vn 0.0133 -0.4323 0.9016
vn -0.0641 -0.1702 0.9833
vn 0.3191 -0.2969 0.9000
vn 0.4599 -0.4256 0.7793
vn 0.2063 -0.1972 0.9584
vn -0.2030 -0.0392 0.9784
vn -0.0965 0.0296 0.9949
vn -0.1988 0.0540 0.9786
vn -0.4146 0.0133 0.9099
vn -0.7004 -0.1775 0.6913
vn -0.7222 -0.3161 0.6153
vn -0.6725 -0.3596 0.6468
vn 0.0988 0.9011 0.4222
vn 0.0848 0.9034 0.4204
vn 0.4888 0.6810 0.5452
vn 0.1187 0.8580 0.4998
vn 0.3754 0.6646 0.6461
vn 0.1169 0.6502 0.7507
vn -0.0132 0.4395 0.8981
vn 0.2967 0.4424 0.8463
vn -0.1981 0.4174 0.8869
vn 0.1614 0.2750 0.9478
vn 0.5150 0.0828 0.8532
vn 0.4762 0.2072 0.8546
vn 0.5257 0.4337 0.7318
vn 0.5094 0.5496 0.6621
vn 0.5793 0.5624 0.5900
vn 0.6879 0.4775 0.5466
vn 0.7430 0.3623 0.5627
vn -0.0117 0.7491 0.6624
vn -0.0798 0.7361 0.6721
vn -0.3559 0.5705 0.7402
vn -0.0926 0.6930 0.7150
vn -0.1950 0.5465 0.8144
vn -0.1628 0.5202 0.8384
vn 0.0518 0.6140 0.7876
vn -0.1788 0.3971 0.9002
vn 0.1649 0.4672 0.8686
vn -0.0928 0.3093 0.9464
vn 0.1819 0.3995 0.8985
vn 0.4387 0.4462 0.7800
vn 0.4420 0.5566 0.7035
vn 0.2756 0.6671 0.6921
vn 0.2512 0.7007 0.6678
vn 0.2156 0.7627 0.6098
vn 0.0397 0.7778 0.6272
vn -0.0097 0.7497 0.6617
vn 0.4482 0.8637 0.2304
vn 0.6481 0.6920 0.3179
vn 0.7084 0.6148 0.3468
vn 0.6956 0.6394 0.3276
vn 0.5042 0.7711 0.3889
vn 0.4093 0.8649 0.2904
vn 0.6361 0.6531 0.4109
vn 0.3276 0.8612 0.3886
vn 0.5679 0.6286 0.5314
vn 0.3187 0.7157 0.6214
vn 0.1735 0.8863 0.4293
vn 0.5465 0.5249 0.6526
vn 0.2297 0.6435 0.7302
vn -0.0274 0.8694 0.4933
vn 0.4632 0.3474 0.8154
vn 0.2359 -0.5270 0.8165
vn 0.3631 -0.4754 0.8013
vn 0.4339 -0.3851 0.8145
vn 0.2494 -0.4581 0.8532
vn 0.4049 -0.3240 0.8550
vn 0.3965 -0.1917 0.8978
vn 0.2070 -0.2714 0.9400
vn 0.4843 -0.0328 0.8743
vn 0.5102 -0.0098 0.8600
vn 0.1484 -0.0972 0.9841
vn -0.2005 -0.1698 0.9649
vn -0.1588 -0.1629 0.9738
vn -0.0152 -0.2546 0.9669
vn 0.0310 -0.3955 0.9179
vn 0.0303 -0.4857 0.8736
vn 0.1665 -0.5418 0.8238
vn 0.2328 -0.5314 0.8145
vn -0.6500 -0.3611 0.6686
vn -0.5538 -0.3094 0.7730
vn -0.1849 -0.2394 0.9531
vn -0.3330 -0.1007 0.9375
vn -0.0248 -0.0823 0.9963
vn 0.1008 -0.0222 0.9947
vn -0.0297 0.1392 0.9898
vn 0.2749 -0.0662 0.9592
vn 0.3031 -0.0886 0.9488
vn 0.1220 0.2434 0.9622
vn -0.0453 0.4961 0.8671
vn -0.0839 0.3601 0.9291
vn -0.2137 0.2501 0.9443
vn -0.3833 0.1329 0.9140
vn -0.5864 -0.2635 0.7659
vn -0.6512 -0.3602 0.6680
vn 0.8261 0.0888 0.5565
vn 0.8642 -0.1451 0.4818
vn 0.8636 -0.1453 0.4828
vn 0.7810 0.0502 0.6225
vn 0.6676 0.3638 0.6496
vn 0.7533 0.3991 0.5228
vn 0.5865 0.2860 0.7578
vn 0.6449 0.5722 0.5066
vn 0.4508 0.4290 0.7827
vn 0.4195 0.6582 0.6251
vn 0.6067 0.6869 0.4000
vn 0.3065 0.4652 0.8304
vn 0.2809 0.7400 0.6112
vn 0.5055 0.8195 0.2699
vn 0.0585 0.5289 0.8467
vn -0.2998 0.9540 -0.0080
vn -0.4112 0.9095 0.0604
vn -0.4554 0.8777 0.1489
vn -0.3002 0.9520 0.0591
vn -0.3905 0.8933 0.2226
vn -0.2330 0.9553 0.1822
vn -0.3759 0.8577 0.3508
vn -0.1613 0.9258 0.3420
vn -0.3837 0.7703 0.5093
vn -0.4354 0.7351 0.5196
vn -0.0890 0.8979 0.4310
vn 0.2201 0.9413 0.2559
vn 0.1646 0.9381 0.3049
vn 0.0212 0.9758 0.2178
vn -0.0736 0.9905 0.1161
vn -0.1008 0.9949 -0.0043
vn -0.2358 0.9712 -0.0343
vn -0.2980 0.9545 -0.0134
vn -0.1249 0.8783 0.4615
vn -0.2053 0.8720 0.4444
vn -0.4916 0.6442 0.5860
vn -0.4143 0.6628 0.6237
vn -0.5966 0.3771 0.7085
vn -0.7112 0.3850 0.5881
vn -0.4588 0.4277 0.7788
vn -0.7405 0.2401 0.6277
vn -0.4529 0.2862 0.8444
vn -0.6123 0.0639 0.7880
vn -0.8112 0.1035 0.5755
vn -0.3630 0.1760 0.9150
vn -0.5707 -0.0875 0.8165
vn -0.8541 -0.0932 0.5117
vn -0.2227 -0.0293 0.9744
vn 0.5064 -0.1813 0.8430
vn 0.5614 -0.0559 0.8256
vn 0.5481 0.0585 0.8344
vn 0.4664 -0.1215 0.8762
vn 0.4831 0.0831 0.8716
vn 0.3828 0.1728 0.9075
vn 0.3004 -0.0121 0.9537
vn 0.3349 0.3466 0.8762
vn 0.3377 0.3807 0.8608
vn 0.1430 0.0815 0.9864
vn -0.0364 -0.1806 0.9829
vn 0.1160 -0.1558 0.9809
vn 0.2644 -0.2281 0.9370
vn 0.3288 -0.2942 0.8974
vn 0.4670 -0.2403 0.8510
vn 0.5073 -0.1867 0.8413
vn -0.4558 0.8813 0.1246
vn -0.7959 0.6048 -0.0279
vn -0.7760 0.6306 0.0127
vn -0.7495 0.6576 0.0762
vn -0.5216 0.8131 0.2585
vn -0.7873 0.6110 0.0827
vn -0.7912 0.5661 0.2313
vn -0.5697 0.6826 0.4577
vn -0.8215 0.4722 0.3196
vn -0.5646 0.6018 0.5648
vn -0.2826 0.6729 0.6836
vn -0.2891 0.7473 0.5982
vn -0.1919 0.8352 0.5153
vn -0.2206 0.8688 0.4432
vn -0.0961 0.9190 0.3825
vn -0.1818 0.9313 0.3157
vn -0.4524 0.8866 0.0965
vn -0.5704 0.5268 0.6302
vn -0.5996 0.5917 0.5389
vn -0.6021 0.5899 0.5381
vn -0.5078 0.5907 0.6271
vn -0.4625 0.4748 0.7488
vn -0.5930 0.3818 0.7090
vn -0.3613 0.6089 0.7062
vn -0.5369 0.2974 0.7895
vn -0.2731 0.5452 0.7926
vn -0.2926 0.2931 0.9102
vn -0.5328 0.1413 0.8344
vn -0.1209 0.5286 0.8402
vn -0.1707 0.2071 0.9633
vn -0.4789 -0.0587 0.8759
vn 0.1183 0.4515 0.8844
vn 0.2182 0.8877 0.4053
vn 0.3652 0.7346 0.5719
vn 0.3878 0.7911 0.4731
vn 0.2857 0.9526 0.1051
vn 0.4201 0.8987 0.1256
vn 0.2093 0.9777 -0.0168
vn 0.4185 0.8948 0.1555
vn -0.0070 0.9893 0.1454
vn 0.1578 0.8939 0.4195
vn 0.7244 0.6627 0.1900
vn 0.6225 0.7817 0.0379
vn 0.5656 0.8053 0.1777
vn 0.5610 0.6416 0.5231
vn 0.5445 0.5377 0.6437
vn 0.3433 0.7860 0.5141
vn 0.8108 -0.0761 0.5804
vn 0.8540 0.0398 0.5188
vn 0.8458 0.1547 0.5106
vn 0.7884 -0.0085 0.6151
vn 0.8022 0.1904 0.5658
vn 0.7262 0.2927 0.6220
vn 0.6712 0.1220 0.7311
vn 0.6701 0.4620 0.5810
vn 0.6664 0.4926 0.5597
vn 0.5356 0.2241 0.8142
vn 0.3488 -0.0547 0.9356
vn 0.3748 -0.0213 0.9268
vn 0.5259 -0.0004 0.8506
vn 0.6298 -0.0866 0.7719
vn 0.6716 -0.1634 0.7227
vn 0.7782 -0.1295 0.6146
vn 0.8109 -0.0817 0.5795
vn 0.1025 -0.9190 0.3807
vn -0.5334 -0.6350 0.5587
vn -0.0324 -0.8898 0.4551
vn -0.1971 -0.7333 0.6507
vn -0.3663 -0.6271 0.6875
vn -0.1609 -0.6742 0.7208
vn -0.0590 -0.6096 0.7905
vn -0.2312 -0.4982 0.8357
vn 0.1237 -0.5995 0.7908
vn 0.1584 -0.6070 0.7788
vn -0.1207 -0.3706 0.9209
vn -0.3636 -0.1089 0.9252
vn -0.3367 -0.1425 0.9308
vn -0.3373 -0.3079 0.8896
vn -0.4257 -0.4075 0.8079
vn -0.4984 -0.4493 0.7414
vn -0.8107 -0.2298 0.5385
vn -0.8937 -0.0184 0.4483
vn 0.3777 -0.8913 0.2508
vn 0.3572 -0.9232 0.1415
vn 0.3600 -0.9223 0.1404
vn 0.2937 -0.9221 0.2519
vn 0.3287 -0.8521 0.4073
vn 0.4772 -0.8049 0.3528
vn 0.1720 -0.9143 0.3667
vn 0.4810 -0.7426 0.4661
vn 0.1396 -0.8602 0.4904
vn 0.2917 -0.6956 0.6565
vn 0.5559 -0.6244 0.5487
vn 0.0228 -0.8088 0.5876
vn 0.2336 -0.5980 0.7667
vn 0.6064 -0.4495 0.6559
vn -0.1434 -0.6730 0.7256
vn 0.1183 -0.9860 0.1178
vn -0.5136 -0.7510 0.4151
vn 0.2459 -0.8996 0.3608
vn 0.7483 -0.4750 0.4631
vn -0.4955 -0.5843 0.6427
vn -0.2754 -0.8401 0.4672
vn 0.2933 -0.9054 0.3069
vn -0.2568 -0.5037 0.8248
vn -0.0078 -0.7200 0.6939
vn -0.1617 -0.3532 0.9215
vn 0.0815 -0.7909 0.6065
vn -0.1268 -0.3271 0.9364
vn 0.0128 -0.2637 0.9645
vn 0.0572 -0.7350 0.6756
vn 0.2537 -0.6687 0.6989
vn 0.2966 -0.5009 0.8131
vn 0.4762 -0.6601 0.5809
vn 0.7884 -0.2706 0.5525
vn 0.7968 -0.1934 0.5725
vn 0.4447 -0.6066 0.6590
vn 0.7597 -0.1383 0.6354
vn 0.3044 -0.3672 0.8789
vn 0.7497 0.2213 0.6237
vn 0.1970 -0.0848 0.9767
vn 0.3826 0.0791 0.9205
vn 0.1996 0.0264 0.9795
vn -0.1561 -0.9529 0.2598
vn -0.1751 -0.8304 0.5290
vn 0.1397 -0.8755 0.4626
vn 0.6522 -0.4122 0.6362
vn 0.5838 -0.1949 0.7882
vn -0.0868 -0.6224 0.7779
vn 0.0895 -0.4918 0.8661
vn 0.1921 -0.3222 0.9270
vn 0.5663 -0.7901 0.2345
vn -0.2783 -0.7063 0.6509
vn 0.1491 -0.8534 0.4995
vn 0.1418 -0.5602 0.8161
vn 0.2130 -0.5209 0.8266
vn 0.3670 -0.2709 0.8899
vn 0.0775 -0.5394 0.8385
vn 0.2582 -0.2538 0.9322
vn 0.2610 -0.1902 0.9464
vn -0.1126 -0.4155 0.9026
vn 0.0844 -0.0870 0.9926
vn 0.1088 -0.1232 0.9864
vn -0.1952 -0.3572 0.9134
vn -0.4282 -0.5490 0.7178
vn -0.4433 -0.5303 0.7226
vn -0.3516 -0.6526 0.6712
vn -0.2940 -0.6353 0.7141
vn -0.2788 -0.6855 0.6726
vn 0.0718 -0.6166 0.7840
vn 0.1387 -0.5624 0.8152
vn -0.4632 -0.2911 0.8371
vn -0.5037 -0.3464 0.7914
vn -0.3942 -0.6807 0.6175
vn -0.3535 -0.6388 0.6834
vn -0.1837 -0.8610 0.4742
vn -0.3027 -0.8825 0.3599
vn -0.1225 -0.7865 0.6053
vn -0.1898 -0.9423 0.2758
vn 0.0171 -0.8329 0.5532
vn 0.0789 -0.9485 0.3067
vn -0.1485 -0.9812 0.1236
vn 0.1744 -0.8116 0.5576
vn 0.2229 -0.9453 0.2382
vn -0.0566 -0.9962 -0.0660
vn 0.4183 -0.7517 0.5098
vn 0.7816 0.0256 0.6233
vn 0.6988 0.0955 0.7089
vn 0.6122 0.0920 0.7853
vn 0.7391 -0.0186 0.6734
vn 0.5889 0.0201 0.8079
vn 0.4925 -0.0808 0.8665
vn 0.6340 -0.1924 0.7490
vn 0.3203 -0.0768 0.9442
vn 0.5197 -0.3285 0.7887
vn 0.6489 -0.5153 0.5599
vn 0.6873 -0.3783 0.6200
vn 0.7749 -0.2355 0.5866
vn 0.8280 -0.1676 0.5351
vn 0.8152 -0.0189 0.5788
vn 0.7851 0.0267 0.6188
vn -0.7752 -0.3258 0.5412
vn -0.8047 -0.4063 0.4329
vn -0.7803 -0.5020 0.3730
vn -0.7410 -0.3973 0.5414
vn -0.7286 -0.5514 0.4063
vn -0.6272 -0.6638 0.4073
vn -0.5942 -0.5501 0.5868
vn -0.5542 -0.7836 0.2807
vn -0.4507 -0.6614 0.5996
vn -0.3138 -0.4736 0.8230
vn -0.4525 -0.4747 0.7550
vn -0.5861 -0.3748 0.7184
vn -0.6417 -0.2917 0.7093
vn -0.7487 -0.2893 0.5964
vn -0.7762 -0.3204 0.5430
vn 0.8671 -0.4795 0.1353
vn 0.8792 -0.4320 0.2012
vn 0.8055 -0.3476 0.4799
vn 0.8308 -0.5406 0.1325
vn 0.7593 -0.4552 0.4651
vn 0.7215 -0.4592 0.5182
vn 0.6775 -0.7166 0.1660
vn 0.5813 -0.6143 0.5336
vn 0.6166 -0.5942 0.5164
vn 0.5994 -0.7813 0.1740
vn 0.5282 -0.8309 -0.1751
vn 0.5095 -0.8442 -0.1664
vn 0.6188 -0.7490 -0.2370
vn 0.6555 -0.7347 -0.1745
vn 0.6794 -0.6983 -0.2252
vn 0.8575 -0.5123 0.0463
vn 0.8666 -0.4812 0.1319
vn 0.3016 -0.1416 -0.9429
vn -0.2172 -0.3025 0.9281
vn 0.1966 0.0112 -0.9804
vn -0.3086 -0.0465 0.9500
vn 0.2664 -0.1880 -0.9453
vn -0.2387 0.2042 0.9494
vn 0.3096 -0.3660 -0.8776
vn -0.2996 0.3524 0.8866
vn 0.9618 0.0282 -0.2723
vn 0.8333 0.0085 0.5528
vn 0.9625 0.1234 0.2418
vn 0.9764 0.1421 0.1624
vn 0.9201 0.1904 0.3423
vn -0.5744 -0.3887 -0.7204
vn -0.7614 -0.6266 0.1660
vn -0.9442 -0.2111 -0.2528
vn -0.9547 -0.1614 -0.2498
vn -0.9265 -0.2609 -0.2712
vn -0.9766 -0.1305 -0.1708
vn -0.7145 0.5012 0.4882
vn -0.5316 0.7087 0.4639
vn -0.4522 0.7711 0.4483
vn -0.4819 0.7559 0.4433
vn -0.5679 0.5807 0.5833
vn -0.6892 0.4730 0.5489
vn -0.4575 0.7116 0.5332
vn -0.6418 0.4087 0.6488
vn -0.3828 0.6639 0.6425
vn -0.4138 0.4355 0.7994
vn -0.6409 0.2643 0.7207
vn -0.2378 0.6606 0.7121
vn -0.2993 0.3643 0.8819
vn -0.5899 0.0766 0.8038
vn -0.0055 0.6014 0.7989
vn 0.8027 0.3565 0.4781
vn 0.7435 0.4806 0.4650
vn 0.6632 0.5548 0.5023
vn 0.7542 0.3777 0.5371
vn 0.6254 0.5345 0.5685
vn 0.5226 0.5366 0.6625
vn 0.6185 0.3564 0.7003
vn 0.3641 0.6230 0.6923
vn 0.3361 0.6467 0.6847
vn 0.4780 0.3219 0.8173
vn 0.5456 0.0122 0.8380
vn 0.6181 0.1331 0.7748
vn 0.7339 0.1747 0.6564
vn 0.7980 0.1645 0.5798
vn 0.8225 0.2890 0.4899
vn 0.8061 0.3530 0.4750
vn 0.6328 -0.5374 0.5575
vn 0.6237 -0.4238 0.6568
vn 0.6161 -0.0283 0.7871
vn 0.4903 -0.1736 0.8541
vn 0.4830 0.1404 0.8643
vn 0.4183 0.2773 0.8649
vn 0.2752 0.1416 0.9509
vn 0.4465 0.4425 0.7777
vn 0.1693 0.2894 0.9421
vn -0.0962 0.1126 0.9890
vn 0.0550 0.0817 0.9951
vn 0.1676 -0.0464 0.9848
vn 0.2701 -0.2214 0.9370
vn 0.5805 -0.4560 0.6745
vn 0.6317 -0.5387 0.5575
vn 0.1074 0.9095 0.4015
vn 0.2884 0.9289 0.2323
vn 0.2889 0.9285 0.2333
vn 0.1716 0.8752 0.4522
vn -0.0978 0.7756 0.6237
vn -0.1859 0.8396 0.5104
vn 0.0211 0.7119 0.7020
vn -0.3451 0.7343 0.5846
vn -0.0928 0.5858 0.8051
vn -0.3645 0.5341 0.7628
vn -0.4914 0.6816 0.5422
vn -0.0995 0.4524 0.8863
vn -0.4383 0.3971 0.8064
vn -0.6607 0.5632 0.4962
vn -0.1393 0.2122 0.9672
vn -0.8588 -0.2737 0.4330
vn -0.7852 -0.3732 0.4942
vn -0.7105 -0.4020 0.5775
vn -0.8263 -0.2543 0.5026
vn -0.6946 -0.3460 0.6307
vn -0.6218 -0.2819 0.7307
vn -0.7459 -0.1314 0.6530
vn -0.4690 -0.3068 0.8282
vn -0.4376 -0.3243 0.8387
vn -0.6519 -0.0057 0.7583
vn -0.7641 0.2825 0.5799
vn -0.7560 0.2485 0.6055
vn -0.7934 0.0822 0.6031
vn -0.8615 -0.0207 0.5073
vn -0.9030 -0.0611 0.4252
vn -0.8883 -0.2147 0.4060
vn -0.8616 -0.2728 0.4280
vn 0.3240 -0.1882 0.9272
vn 0.5368 -0.3288 0.7770
vn 0.6983 -0.6436 0.3134
vn -0.6618 0.6716 -0.3331
vn -0.9285 0.3547 0.1095
vn 0.5443 -0.5971 -0.5893
vn -0.6101 0.6837 0.4005
vn -0.6603 0.4947 -0.5651
vn 0.6577 0.7386 0.1477
vn 0.6503 0.7576 -0.0562
vn 0.5956 0.8031 -0.0163
vn 0.5660 0.8237 -0.0346
vn -0.6828 0.3944 0.6150
vn 0.4961 0.7829 0.3754
vn 0.5994 0.6103 -0.5179
vn -0.7741 -0.5653 -0.2851
vn -0.7164 -0.6923 0.0868
vn -0.7619 -0.6463 -0.0412
vn -0.7811 -0.6241 0.0219
vn -0.3074 -0.9201 0.2427
vn -0.2553 -0.8731 0.4154
vn -0.8145 -0.1644 0.5563
vn -0.8718 -0.0992 0.4797
vn -0.8726 -0.1017 0.4778
vn -0.8056 -0.0808 0.5870
vn -0.7060 -0.1859 0.6834
vn -0.7466 -0.3134 0.5868
vn -0.7083 -0.0140 0.7058
vn -0.6555 -0.3739 0.6561
vn -0.6056 -0.0433 0.7946
vn -0.4708 -0.2841 0.8352
vn -0.5577 -0.5036 0.6598
vn -0.4800 0.0126 0.8772
vn -0.3258 -0.2985 0.8971
vn -0.3935 -0.6364 0.6635
vn -0.2488 0.0740 0.9657
vn 0.6940 -0.2320 0.6816
vn 0.6704 -0.1065 0.7343
vn 0.6017 -0.0387 0.7978
vn 0.6369 -0.2281 0.7364
vn 0.5432 -0.0751 0.8362
vn 0.4213 -0.0852 0.9029
vn 0.4595 -0.2802 0.8428
vn 0.2845 0.0229 0.9584
vn 0.2658 0.0552 0.9624
vn 0.2877 -0.3180 0.9034
vn 0.2752 -0.5976 0.7531
vn 0.3878 -0.4948 0.7777
vn 0.5386 -0.4421 0.7172
vn 0.6177 -0.4339 0.6559
vn 0.6939 -0.2983 0.6554
vn 0.6972 -0.2344 0.6775
vn -0.7071 -0.1184 0.6972
vn -0.7310 -0.2205 0.6457
vn -0.6039 0.0654 0.7944
vn -0.7582 -0.3048 0.5764
vn -0.7183 -0.2847 0.6348
vn -0.5620 -0.0629 0.8248
vn -0.7096 -0.3408 0.6167
vn -0.5921 -0.4046 0.6970
vn -0.3899 -0.2199 0.8942
vn -0.5013 -0.5006 0.7057
vn -0.2749 -0.2851 0.9182
vn -0.0835 -0.0481 0.9953
vn -0.1820 0.0070 0.9833
vn -0.2294 0.1531 0.9612
vn -0.3093 0.1654 0.9365
vn -0.3077 0.3078 0.9003
vn -0.2753 0.3965 0.8758
vn -0.4784 0.2501 0.8418
vn 0.2186 -0.7388 0.6375
vn 0.4034 -0.7591 0.5109
vn 0.6446 -0.6155 0.4535
vn 0.6084 -0.5088 0.6090
vn 0.4816 -0.7365 0.4751
vn 0.5795 -0.4164 0.7006
vn 0.4110 -0.6221 0.6663
vn 0.4350 -0.3162 0.8431
vn 0.4971 -0.2448 0.8324
vn 0.3065 -0.5835 0.7521
vn 0.1371 -0.8233 0.5508
vn 0.2960 -0.7857 0.5432
vn 0.3056 -0.8126 0.4963
vn 0.3505 -0.8523 0.3882
vn 0.3606 -0.7913 0.4938
vn 0.2327 -0.7265 0.6465
vn -0.2548 -0.6145 0.7466
vn -0.3771 -0.3655 0.8510
vn -0.0719 -0.5640 0.8227
vn -0.1990 -0.3434 0.9179
vn 0.2488 -0.6341 0.7322
vn 0.1392 -0.2845 0.9485
vn 0.3460 -0.5209 0.7804
vn 0.3161 -0.1990 0.9276
vn 0.4132 -0.5192 0.7482
vn 0.5277 -0.4451 0.7235
vn 0.5254 -0.1287 0.8411
vn 0.6352 -0.4094 0.6549
vn 0.6166 -0.0551 0.7853
vn 0.5051 0.2352 0.8304
vn 0.4282 0.1738 0.8868
vn 0.2882 0.1843 0.9397
vn 0.2273 0.1277 0.9654
vn 0.0265 0.1239 0.9919
vn -0.2525 -0.0938 0.9630
vn -0.4598 -0.0960 0.8828
vn 0.9087 0.4149 0.0454
vn 0.8427 0.5345 0.0652
vn 0.7854 0.6034 0.1382
vn 0.8931 0.4332 0.1209
vn 0.7852 0.5811 0.2139
vn 0.7400 0.5770 0.3456
vn 0.8537 0.4041 0.3285
vn 0.6098 0.6526 0.4496
vn 0.5801 0.6743 0.4570
vn 0.7887 0.3612 0.4975
vn 0.8778 0.0570 0.4757
vn 0.9033 0.1820 0.3886
vn 0.9454 0.2304 0.2303
vn 0.9656 0.2239 0.1321
vn 0.9361 0.3490 0.0447
vn 0.9104 0.4116 0.0410
vn -0.1143 -0.9584 0.2617
vn -0.0428 -0.8593 0.5097
vn 0.1658 -0.8290 0.5341
vn -0.0666 -0.7870 0.6133
vn 0.1330 -0.9193 0.3704
vn -0.0202 -0.8968 0.4420
vn 0.2029 -0.9235 0.3255
vn 0.2916 -0.8663 0.4055
vn 0.0192 -0.8372 0.5465
vn 0.3808 -0.7129 0.5889
vn 0.0363 -0.7056 0.7077
vn -0.2858 -0.6398 0.7134
vn -0.2774 -0.8000 0.5320
vn -0.2476 -0.8662 0.4340
vn -0.2189 -0.8494 0.4802
vn -0.1185 -0.8459 0.5201
vn -0.1158 -0.9583 0.2613
vn 0.5151 -0.8420 0.1603
vn 0.5163 -0.8412 0.1605
vn 0.5316 -0.8316 0.1610
vn 0.7658 -0.5828 0.2718
vn 0.5933 -0.7699 0.2351
vn 0.7854 -0.4695 0.4034
vn 0.6173 -0.6584 0.4306
vn 0.8520 -0.3196 0.4146
vn 0.8303 -0.0926 0.5496
vn 0.6697 -0.4091 0.6198
vn 0.8447 0.2005 0.4963
vn 0.7491 -0.0409 0.6612
vn 0.5084 -0.3607 0.7819
vn 0.3986 -0.4753 0.7844
vn 0.4303 -0.6730 0.6016
vn 0.3982 -0.8105 0.4295
vn 0.3515 -0.9069 0.2323
vn 0.4896 -0.8604 0.1414
vn 0.5173 -0.8405 0.1608
vn -0.2922 -0.7494 0.5942
vn -0.2960 -0.7350 0.6100
vn -0.2784 -0.4879 0.8273
vn -0.3027 -0.7079 0.6381
vn -0.2479 -0.7729 0.5841
vn -0.1922 -0.6239 0.7575
vn -0.1234 -0.8001 0.5871
vn -0.0359 -0.8766 0.4800
vn 0.0229 -0.7120 0.7018
vn -0.1343 -0.9730 0.1879
vn 0.0440 -0.8816 0.4699
vn 0.2662 -0.5923 0.7604
vn 0.2646 -0.5711 0.7771
vn 0.0552 -0.4967 0.8662
vn -0.1665 -0.3976 0.9023
vn -0.2801 -0.2909 0.9148
vn -0.2830 -0.3157 0.9057
vn -0.2324 -0.2533 0.9391
vn -0.1071 -0.4804 0.8705
vn 0.0034 -0.3902 0.9207
vn 0.3671 -0.1877 0.9110
vn 0.1922 -0.1061 0.9756
vn 0.4670 0.0160 0.8841
vn 0.5584 0.1187 0.8210
vn 0.3869 0.2261 0.8940
vn 0.7040 0.1170 0.7005
vn 0.4680 0.3631 0.8057
vn 0.1995 0.5410 0.8170
vn 0.2413 0.4068 0.8811
vn 0.1777 0.2632 0.9482
vn 0.0628 0.0954 0.9935
vn -0.0419 -0.3582 0.9327
vn -0.1086 -0.4799 0.8706
vn 0.7549 0.6527 -0.0643
vn 0.8366 0.4938 -0.2370
vn 0.8372 0.4934 -0.2360
vn 0.7998 0.6003 -0.0086
vn 0.6076 0.7662 0.2093
vn 0.5402 0.8371 0.0863
vn 0.6850 0.6645 0.2987
vn 0.3896 0.8962 0.2120
vn 0.5657 0.6870 0.4561
vn 0.3228 0.8258 0.4625
vn 0.2373 0.9486 0.2093
vn 0.5120 0.6250 0.5892
vn 0.2048 0.7965 0.5689
vn 0.0284 0.9716 0.2350
vn 0.3719 0.5139 0.7731
vn -0.0973 0.9460 0.3094
vn -0.0967 0.9461 0.3091
vn -0.1856 0.9720 0.1444
vn -0.4755 0.8544 0.2097
vn -0.2471 0.9600 0.1320
vn -0.2518 0.8134 0.5243
vn -0.0686 0.8855 0.4595
vn -0.1732 0.7231 0.6686
vn -0.1491 0.6592 0.7370
vn 0.1130 0.7461 0.6562
vn -0.1893 0.4930 0.8492
vn 0.1295 0.6371 0.7598
vn 0.4529 0.7044 0.5465
vn 0.3370 0.8126 0.4756
vn 0.2256 0.8354 0.5012
vn 0.1064 0.9234 0.3688
vn 0.0215 0.9950 0.0978
vn -0.1036 0.9874 0.1197
vn -0.0959 0.9464 0.3084
vn 0.0536 -0.6428 0.7642
vn -0.1345 -0.6123 0.7791
vn -0.3069 -0.4525 0.8373
vn 0.0623 -0.5976 0.7994
vn -0.1788 -0.5047 0.8446
vn 0.1025 -0.2800 0.9545
vn -0.0903 -0.2066 0.9742
vn 0.1773 -0.1096 0.9780
vn 0.2311 -0.0295 0.9725
vn -0.0302 0.0884 0.9956
vn 0.4006 0.0688 0.9137
vn 0.0702 0.2000 0.9773
vn -0.3011 0.3060 0.9031
vn -0.3160 0.1367 0.9388
vn -0.2376 0.0562 0.9697
vn -0.2773 -0.1375 0.9509
vn -0.3953 -0.3427 0.8522
vn -0.4323 -0.4147 0.8007
vn -0.5404 -0.2122 0.8142
vn -0.4932 -0.4397 0.7506
vn -0.3795 -0.5163 0.7677
vn -0.2715 -0.5228 0.8081
vn -0.4388 -0.4096 0.7998
vn -0.2472 -0.4618 0.8518
vn -0.1442 -0.3720 0.9170
vn -0.3271 -0.2592 0.9087
vn 0.0443 -0.3663 0.9294
vn -0.2173 -0.1267 0.9679
vn -0.4356 0.0989 0.8947
vn -0.4385 -0.0555 0.8970
vn -0.5208 -0.1904 0.8322
vn -0.5836 -0.2435 0.7747
vn -0.5442 -0.3905 0.7426
vn -0.4980 -0.4397 0.7474
vn 0.8920 0.2602 0.3696
vn 0.8733 0.3805 0.3044
vn 0.8212 0.4836 0.3029
vn 0.8548 0.3164 0.4113
vn 0.7817 0.5033 0.3683
vn 0.6794 0.5805 0.4489
vn 0.7236 0.4023 0.5609
vn 0.5558 0.7197 0.4161
vn 0.5866 0.4644 0.6635
vn 0.5565 0.1795 0.8112
vn 0.6599 0.2381 0.7126
vn 0.7781 0.1931 0.5978
vn 0.8328 0.1349 0.5369
vn 0.8906 0.2004 0.4083
vn 0.8940 0.2550 0.3684
vn 0.7143 0.0447 0.6984
vn 0.7307 0.1210 0.6719
vn 0.5393 0.4620 0.7041
vn 0.5292 0.3899 0.7536
vn 0.2776 0.6305 0.7248
vn 0.3442 0.7206 0.6018
vn 0.2748 0.4996 0.8215
vn 0.2040 0.7807 0.5906
vn 0.1227 0.5294 0.8395
vn -0.0342 0.7134 0.6999
vn 0.1068 0.8646 0.4911
vn -0.0198 0.4728 0.8809
vn -0.1926 0.7040 0.6835
vn -0.0493 0.9299 0.3646
vn -0.2587 0.3822 0.8871
vn -0.7911 0.1802 0.5846
vn -0.7744 0.1096 0.6232
vn -0.5971 -0.0560 0.8002
vn -0.7632 0.2442 0.5982
vn -0.5681 0.0564 0.8210
vn -0.5139 0.0483 0.8565
vn -0.6226 0.4237 0.6579
vn -0.3904 0.2130 0.8957
vn -0.4278 0.1936 0.8829
vn -0.5523 0.4963 0.6698
vn -0.6185 0.6908 0.3746
vn -0.5990 0.7037 0.3821
vn -0.7188 0.6207 0.3132
vn -0.7288 0.5756 0.3709
vn -0.7668 0.5570 0.3191
vn -0.8175 0.2458 0.5208
vn -0.7921 0.1831 0.5823
vn -0.4182 0.1898 -0.8883
vn -0.1127 0.5758 0.8098
vn 0.1137 0.2185 0.9692
vn -0.6803 0.4402 -0.5861
vn 0.6371 -0.4591 0.6192
vn -0.8004 0.5352 -0.2700
vn -0.8431 0.3850 -0.3753
vn 0.4942 -0.6672 0.5574
vn -0.9766 -0.1411 -0.1624
vn -0.9242 0.0713 0.3753
vn -0.7845 -0.4920 0.3774
vn 0.4324 -0.7008 0.5673
vn -0.6505 -0.5987 0.4673
vn 0.4322 0.5837 -0.6874
vn 0.6206 0.7789 0.0906
vn 0.7681 0.5794 -0.2726
vn 0.6868 0.5781 -0.4406
vn 0.7820 0.4767 -0.4014
vn 0.8183 0.4515 -0.3557
vn -0.3791 0.2370 -0.8945
vn 0.4953 -0.2289 0.8380
vn -0.8738 -0.4157 0.2524
vn 0.8000 0.4941 -0.3403
vn -0.6320 0.6911 0.3506
vn -0.7052 0.5851 0.4005
vn -0.7164 0.5042 0.4822
vn -0.6125 0.6674 0.4236
vn -0.6669 0.5098 0.5434
vn -0.5912 0.4581 0.6638
vn -0.4883 0.6353 0.5983
vn -0.5800 0.2953 0.7592
vn -0.3693 0.5812 0.7251
vn -0.1430 0.7796 0.6097
vn -0.2932 0.7603 0.5796
vn -0.4118 0.7869 0.4596
vn -0.4521 0.8112 0.3709
vn -0.5847 0.7407 0.3309
vn -0.6315 0.6940 0.3457
vn 0.2026 -0.6058 0.7694
vn 0.3341 -0.5985 0.7281
vn 0.4320 -0.5372 0.7245
vn 0.2450 -0.5467 0.8007
vn 0.4333 -0.4715 0.7681
vn 0.4836 -0.3346 0.8088
vn 0.2857 -0.3537 0.8907
vn 0.6207 -0.2171 0.7534
vn 0.3144 -0.1789 0.9323
vn 0.0010 -0.1322 0.9912
vn 0.0866 -0.2575 0.9624
vn 0.0765 -0.4181 0.9052
vn 0.0375 -0.5012 0.8645
vn 0.1351 -0.5972 0.7907
vn 0.1979 -0.6089 0.7682
vn -0.5221 -0.0542 0.8512
vn -0.4674 -0.1100 0.8772
vn -0.0931 -0.0838 0.9921
vn -0.1526 -0.0191 0.9881
vn 0.1906 0.0455 0.9806
vn 0.2443 -0.1110 0.9633
vn 0.0719 0.1568 0.9850
vn 0.3770 -0.0450 0.9251
vn 0.1824 0.2605 0.9481
vn 0.4458 0.2107 0.8700
vn 0.5190 -0.0732 0.8516
vn 0.2155 0.4042 0.8889
vn 0.5360 0.3110 0.7848
vn 0.6868 -0.0721 0.7233
vn 0.2860 0.6031 0.7446
vn -0.4744 0.8545 -0.2115
vn -0.1668 0.9285 -0.3317
vn 0.0684 0.9638 -0.2579
vn -0.3477 0.9155 -0.2023
vn 0.0379 0.9784 -0.2034
vn -0.3505 0.9143 0.2029
vn -0.0297 0.9594 0.2803
vn -0.4637 0.7810 0.4183
vn -0.1285 0.7780 0.6150
vn -0.4723 0.6773 0.5641
vn -0.4560 0.7070 0.5406
vn -0.0941 0.7143 0.6935
vn 0.2585 0.6554 0.7097
vn 0.2288 0.6321 0.7404
vn 0.2946 0.7353 0.6103
vn 0.2906 0.8489 0.4415
vn 0.4301 0.9008 0.0601
vn 0.5644 0.8069 -0.1741
vn 0.4402 0.8679 -0.2302
vn 0.5355 0.3623 -0.7629
vn -0.2199 -0.1125 0.9690
vn 0.4764 0.2077 -0.8543
vn -0.3950 -0.2964 0.8695
vn 0.5838 0.3479 -0.7336
vn -0.6076 -0.3287 0.7230
vn 0.6658 0.4544 -0.5918
vn -0.6640 -0.4401 0.6045
vn -0.1913 0.8843 -0.4259
vn -0.5969 0.7475 0.2914
vn -0.5524 0.8320 -0.0513
vn -0.5266 0.8402 -0.1296
vn -0.6453 0.7639 0.0045
vn 0.8915 -0.3568 -0.2791
vn 0.6362 -0.4651 0.6156
vn 0.6187 -0.7810 0.0851
vn 0.5831 -0.8100 0.0633
vn 0.6608 -0.7448 0.0928
vn 0.5226 -0.8445 0.1166
vn -0.2978 -0.8790 0.3725
vn -0.2152 -0.9030 0.3718
vn 0.0108 -0.8931 0.4497
vn -0.0491 -0.8711 0.4886
vn 0.0873 -0.9384 0.3342
vn 0.2689 -0.9191 0.2882
vn -0.0378 -0.8702 0.4912
vn 0.2376 -0.9593 0.1528
vn -0.0988 -0.9502 0.2957
vn 0.1229 -0.9304 0.3454
vn 0.3447 -0.9218 0.1773
vn -0.1602 -0.9254 0.3435
vn 0.1313 -0.8743 0.4673
vn 0.4962 -0.8240 0.2734
vn -0.2413 -0.8043 0.5430
vn -0.6919 0.5277 0.4927
vn -0.7408 0.4615 0.4881
vn -0.7359 0.1127 0.6677
vn -0.6959 0.1868 0.6934
vn -0.5869 -0.1276 0.7996
vn -0.6805 -0.2211 0.6986
vn -0.5285 0.0161 0.8488
vn -0.5850 -0.3335 0.7393
vn -0.4100 -0.0651 0.9098
vn -0.3506 -0.3356 0.8743
vn -0.5331 -0.4811 0.6959
vn -0.2605 -0.0621 0.9635
vn -0.2059 -0.4002 0.8930
vn -0.4190 -0.6484 0.6356
vn -0.0080 -0.0847 0.9964
vn 0.2862 -0.8193 0.4968
vn 0.9866 -0.0450 0.1568
vn 0.4701 -0.5663 0.6770
vn 0.9741 -0.2194 0.0543
vn 0.8765 -0.3381 0.3428
vn 0.9747 -0.2024 -0.0950
vn 0.9914 0.0695 0.1105
vn 0.8757 -0.2447 0.4162
vn 0.8562 -0.0927 0.5083
vn 0.5753 -0.2908 0.7645
vn 0.6330 -0.4140 0.6541
vn 0.6279 -0.4938 0.6016
vn 0.6135 -0.4786 0.6282
vn 0.5939 -0.4285 0.6809
vn 0.3096 -0.6659 0.6788
vn 0.2802 -0.8224 0.4952
vn -0.8198 0.0067 0.5726
vn -0.8091 -0.1310 0.5729
vn -0.7559 -0.2246 0.6149
vn -0.7756 -0.0240 0.6307
vn -0.7065 -0.2122 0.6751
vn -0.5917 -0.2462 0.7677
vn -0.6215 -0.0337 0.7827
vn -0.4721 -0.3907 0.7902
vn -0.4693 -0.0459 0.8819
vn -0.4221 0.2725 0.8646
vn -0.5383 0.1795 0.8234
vn -0.6735 0.1697 0.7194
vn -0.7379 0.1940 0.6464
vn -0.8136 0.0776 0.5762
vn -0.8221 0.0108 0.5693
vn 0.6612 -0.5848 0.4699
vn 0.7542 -0.4871 0.4403
vn 0.7979 -0.3831 0.4654
vn 0.6689 -0.5273 0.5239
vn 0.7714 -0.3496 0.5317
vn 0.7441 -0.2341 0.6257
vn 0.6128 -0.3938 0.6851
vn 0.7772 -0.0481 0.6274
vn 0.5472 -0.2638 0.7944
vn 0.2816 -0.4363 0.8546
vn 0.4142 -0.4667 0.7814
vn 0.4837 -0.5698 0.6644
vn 0.4902 -0.6394 0.5923
vn 0.6066 -0.6259 0.4902
vn 0.6589 -0.5894 0.4674
vn -0.6212 -0.6676 0.4104
vn -0.5588 -0.6942 0.4537
vn -0.3827 -0.5464 0.7450
vn -0.4317 -0.5501 0.7148
vn -0.0855 -0.4997 0.8620
vn -0.4145 -0.3624 0.8348
vn -0.2971 -0.5178 0.8023
vn -0.1256 -0.5989 0.7909
vn -0.4800 -0.4456 0.7557
vn -0.3598 -0.7035 0.6129
vn -0.1004 -0.7715 0.6283
vn -0.5898 -0.5193 0.6185
vn -0.4293 -0.7671 0.4767
vn -0.0027 -0.9297 0.3683
vn -0.7405 -0.5045 0.4439
vn -0.5090 0.6422 0.5732
vn -0.5600 0.5804 0.5912
vn -0.6145 0.3160 0.7229
vn -0.4476 0.6580 0.6056
vn -0.5185 0.3597 0.7758
vn -0.4992 0.3076 0.8100
vn -0.2416 0.6506 0.7199
vn -0.3098 0.3073 0.8998
vn -0.3443 0.3264 0.8803
vn -0.1468 0.6390 0.7551
vn 0.0280 0.8516 0.5235
vn 0.0479 0.8433 0.5353
vn -0.0716 0.8951 0.4401
vn -0.1254 0.8670 0.4823
vn -0.1502 0.8923 0.4256
vn -0.4614 0.7121 0.5292
vn -0.5068 0.6451 0.5718
vn 0.0689 0.8438 -0.5322
vn 0.0885 -0.5455 0.8334
vn 0.0885 0.7277 -0.6801
vn 0.0295 -0.7491 0.6618
vn 0.1219 0.8520 -0.5092
vn -0.1539 -0.8486 0.5062
vn 0.1580 0.9294 -0.3335
vn -0.1618 -0.9223 0.3510
vn -0.7357 0.6759 -0.0436
vn -0.8354 0.0890 0.5424
vn -0.9184 0.2947 0.2642
vn -0.9186 0.3428 0.1968
vn -0.9434 0.1707 0.2843
vn 0.8569 0.3660 -0.3630
vn 0.8991 -0.1720 0.4026
vn 0.9503 -0.2298 -0.2102
vn 0.9332 -0.2645 -0.2431
vn 0.9655 -0.1811 -0.1870
vn 0.9151 -0.3439 -0.2106
vn 0.1593 0.9819 -0.1025
vn 0.4295 0.5180 -0.7397
vn 0.6235 -0.4255 -0.6558
vn -0.5514 0.4080 0.7277
vn -0.2181 0.5960 0.7728
vn 0.2964 -0.4064 -0.8643
vn -0.7080 0.2989 0.6398
vn 0.6453 -0.4224 -0.6365
vn -0.7533 0.3202 0.5744
vn 0.3402 -0.3330 -0.8794
vn 0.7130 0.2356 0.6604
vn -0.2448 0.2965 0.9231
vn 0.2391 -0.2811 -0.9294
vn -0.6771 0.3117 0.6666
vn -0.7989 0.3060 0.5177
vn 0.9352 -0.1274 0.3305
vn 0.9280 -0.3578 -0.1041
vn -0.6208 -0.2785 0.7329
vn 0.9080 -0.3018 -0.2908
vn -0.8273 0.3092 0.4691
vn 0.8113 -0.3188 -0.4901
vn -0.8364 0.3073 0.4538
vn 0.8380 -0.3412 -0.4259
vn -0.8805 0.2631 0.3944
vn 0.7875 -0.2443 -0.5659
vn -0.7310 0.3284 0.5982
vn 0.6773 -0.4014 -0.6165
vn -0.5102 0.3564 0.7827
vn 0.7518 -0.3309 -0.5703
vn -0.7276 0.4080 0.5515
vn 0.8805 -0.2833 -0.3800
vn -0.8693 0.2865 0.4029
vn -0.8980 0.3691 0.2395
vn 0.9381 -0.0743 -0.3383
vn -0.8742 -0.0583 0.4821
vn -0.7659 -0.1801 0.6172
vn 0.9209 0.1522 -0.3590
vn -0.2991 -0.9464 0.1218
vn -0.1129 -0.9936 0.0074
vn -0.3252 -0.9217 0.2115
vn -0.0893 -0.9959 0.0155
vn 0.0668 -0.9953 0.0707
vn 0.1018 -0.9848 0.1404
vn 0.1295 -0.9885 0.0785
vn 0.2155 -0.9627 0.1634
vn 0.6804 -0.7326 0.0192
vn 0.2774 -0.9513 0.1346
vn 0.7213 -0.6358 0.2747
vn -0.2624 -0.9072 0.3290
vn -0.4268 -0.8276 0.3647
vn -0.4563 -0.8105 0.3672
vn -0.4234 -0.8157 0.3942
vn -0.4083 -0.7879 0.4610
vn -0.2401 -0.8009 0.5486
vn 0.0167 -0.9237 0.3827
vn -0.5209 -0.7801 0.3465
vn -0.3461 -0.5787 0.7384
vn -0.8283 0.3318 0.4515
vn 0.0982 -0.9951 -0.0116
vn -0.0889 -0.9430 0.3208
vn -0.2434 -0.9363 0.2530
vn -0.3962 -0.8391 0.3728
vn -0.3316 -0.8657 0.3749
vn -0.2433 -0.9285 0.2804
vn 0.3634 -0.5309 -0.7655
vn 0.6065 0.5563 -0.5680
vn 0.3521 0.5385 -0.7655
vn 0.3162 0.9320 -0.1771
vn 0.3587 0.8252 -0.4363
vn 0.3077 0.9345 -0.1789
vn 0.4761 0.7802 -0.4058
vn 0.4872 0.7684 -0.4150
vn 0.4086 0.7404 -0.5336
vn 0.3962 0.6989 -0.5955
vn 0.4610 0.6512 -0.6028
vn 0.2780 0.8747 -0.3970
vn 0.2332 0.9262 -0.2963
vn -0.1554 0.9866 -0.0488
vn -0.1407 0.9890 0.0460
vn -0.3567 0.4343 0.8271
vn 0.1737 0.9847 -0.0151
vn 0.0089 0.9944 -0.1057
vn -0.0357 0.9942 -0.1010
vn -0.1091 0.9859 -0.1267
vn -0.1623 0.9701 -0.1806
vn -0.1072 0.9913 -0.0758
vn -0.2579 0.9615 -0.0947
vn 0.1711 0.9700 -0.1726
vn 0.5227 0.7294 -0.4414
vn 0.2058 0.9528 -0.2230
vn 0.0222 0.9955 -0.0926
vn 0.1090 0.9885 -0.1046
vn 0.2039 0.9565 -0.2088
vn -0.0400 0.9830 0.1793
vn -0.9131 0.1231 -0.3887
vn 0.6648 -0.5351 0.5213
vn -0.8910 -0.2459 -0.3817
vn 0.6287 0.5504 0.5494
vn 0.8934 0.4492 0.0036
vn -0.3456 -0.4260 0.8361
vn 0.9378 0.3029 -0.1697
vn -0.7542 -0.5631 0.3378
vn -0.6484 -0.6292 0.4286
vn 0.9973 0.0661 0.0322
vn -0.7982 -0.3999 0.4505
vn -0.3667 0.9194 0.1419
vn -0.6276 0.6897 0.3611
vn -0.1890 0.9281 0.3207
vn -0.4110 0.9022 0.1307
vn -0.1010 0.9532 0.2848
vn -0.2083 0.9016 0.3791
vn -0.1648 0.9632 0.2126
vn -0.6377 -0.6315 -0.4411
vn -0.0429 -0.9818 -0.1850
vn -0.2261 -0.9565 -0.1843
vn 0.2394 -0.9451 -0.2226
vn 0.6661 -0.6647 -0.3383
vn 0.5147 -0.8055 -0.2937
vn 0.4930 -0.8216 -0.2862
vn -0.1283 -0.6051 -0.7858
vn 0.1207 0.6468 0.7531
vn 0.1848 0.5562 0.8102
vn 0.1357 -0.5610 -0.8166
vn 0.2564 0.7134 0.6521
vn 0.2836 0.7874 0.5472
vn -0.4458 -0.8329 0.3281
vn -0.3374 -0.9357 -0.1034
vn 0.5280 0.1352 0.8384
vn -0.4216 -0.8521 -0.3101
vn -0.9145 0.1552 -0.3737
vn -0.9297 -0.1266 -0.3460
vn -0.9129 0.3364 0.2312
vn -0.8042 0.5910 0.0636
vn -0.8252 0.5647 -0.0134
vn -0.8289 0.5491 -0.1064
vn -0.8120 0.5352 0.2330
vn 0.7366 -0.6623 -0.1366
vn 0.8264 -0.4071 -0.3889
vn 0.9815 -0.1281 0.1420
vn 0.9570 -0.1490 0.2489
vn 0.9014 -0.3276 0.2833
vn 0.8182 -0.4690 0.3325
vn -0.0678 -0.9223 0.3805
vn -0.0060 -0.9981 0.0621
vn 0.0409 -0.9989 0.0217
vn -0.0383 -0.9512 -0.3061
vn -0.2924 -0.8368 -0.4628
vn -0.1611 -0.7773 -0.6081
vn -0.4126 -0.6938 -0.5903
vn -0.2474 -0.9472 -0.2041
vn -0.3233 0.5582 0.7642
vn 0.4125 -0.7481 -0.5198
vn 0.2960 -0.4958 -0.8164
vn 0.1337 -0.4124 -0.9012
vn 0.1687 -0.6819 -0.7117
vn 0.0019 -0.7072 -0.7070
vn 0.1393 -0.6449 -0.7514
vn 0.2575 -0.8308 0.4935
vn -0.1791 -0.5805 -0.7943
vn -0.0636 -0.7905 -0.6091
vn -0.3279 -0.7346 -0.5940
vn -0.2749 -0.7250 -0.6315
vn -0.6196 -0.6681 -0.4120
vn -0.4378 -0.6700 -0.5995
vn -0.8419 -0.2321 -0.4872
vn -0.9264 -0.1295 -0.3537
vn -0.7568 -0.5273 -0.3863
vn -0.9500 -0.3043 0.0695
vn -0.1409 0.8257 0.5462
vn -0.0181 0.9993 -0.0332
vn 0.3732 0.9119 -0.1707
vn 0.0953 0.9679 0.2326
vn 0.2333 0.8207 0.5216
vn 0.4574 0.7766 0.4331
vn 0.6240 0.7318 0.2739
vn -0.9169 0.1611 0.3651
vn 0.2198 0.6093 0.7619
vn -0.5235 0.6286 0.5752
vn -0.6989 -0.3781 0.6071
vn 0.0394 0.6396 0.7677
vn 0.3334 0.5508 0.7651
vn -0.1688 0.7402 0.6509
vn 0.1876 0.5668 0.8022
vn 0.9352 0.1731 -0.3089
vn 0.2578 0.7359 0.6261
vn 0.2673 0.7816 0.5636
vn 0.1523 0.7278 0.6687
vn 0.0052 0.6179 0.7862
vn -0.1479 0.8630 0.4832
vn 0.2813 0.7538 0.5939
vn 0.3539 0.6562 0.6664
vn -0.0340 0.5129 0.8578
vn 0.5975 0.5033 0.6243
vn 0.8477 0.4440 0.2904
vn 0.5092 0.7731 0.3781
vn -0.9049 -0.1893 0.3813
vn 0.9736 -0.0031 -0.2281
vn -0.9704 0.0748 0.2296
vn 0.9867 0.0724 -0.1454
vn 0.9178 -0.1763 -0.3557
vn -0.7938 -0.2823 0.5387
vn 0.8157 0.0265 -0.5779
vn -0.5214 -0.2546 0.8145
vn 0.7495 0.0756 -0.6576
vn 0.2058 -0.8900 0.4069
vn -0.6987 0.3629 -0.6165
vn -0.7521 0.3836 -0.5360
vn 0.6063 -0.6253 0.4913
vn -0.7805 0.6203 -0.0775
vn 0.3882 -0.5951 0.7037
vn -0.9768 0.2136 -0.0130
vn 0.1344 0.6989 0.7024
vn 0.4671 0.8529 -0.2334
vn -0.4512 -0.5293 0.7186
vn 0.2879 0.9192 -0.2685
vn 0.0993 0.9754 0.1966
vn 0.7056 -0.6352 0.3139
vn 0.4432 0.6474 -0.6200
vn 0.8167 0.1366 -0.5607
vn -0.9652 0.0399 0.2586
vn 0.9112 -0.1892 -0.3660
vn -0.9493 0.0564 0.3094
vn 0.7389 0.5773 -0.3475
vn 0.8351 -0.2721 -0.4780
vn -0.9413 0.0876 0.3261
vn -0.8663 0.3367 0.3689
vn -0.6377 0.5722 0.5156
vn 0.8743 -0.3133 -0.3708
vn 0.5007 -0.5783 -0.6441
vn -0.5406 0.5252 0.6572
vn 0.1177 -0.7075 -0.6969
vn 0.1123 0.6574 -0.7451
vn -0.2573 0.6205 -0.7408
vn 0.2269 -0.7417 0.6311
vn -0.3314 0.6625 -0.6718
vn -0.4186 0.8423 -0.3395
vn 0.3436 -0.8570 0.3841
vn 0.1740 -0.9826 0.0647
vn -0.4673 0.7534 -0.4625
vn 0.6096 -0.0285 0.7922
vn 0.4692 -0.6661 0.5798
vn -0.5045 0.6721 -0.5420
vn 0.4879 -0.8605 0.1468
vn 0.2925 0.8189 0.4938
vn 0.0456 -0.9989 -0.0114
vn -0.0281 0.9994 -0.0184
vn 0.2065 -0.9630 0.1734
vn -0.1331 0.9830 -0.1263
vn 0.1192 -0.8936 0.4329
vn -0.5915 0.5079 -0.6262
vn 0.7337 0.3022 0.6086
vn -0.8046 0.2150 -0.5535
vn 0.5601 -0.4681 0.6835
vn -0.5937 0.4504 -0.6668
vn -0.3960 0.7564 -0.5206
vn 0.4150 -0.7057 0.5743
vn -0.2689 0.8002 -0.5361
vn 0.1593 0.8778 0.4517
vn 0.3430 -0.8859 -0.3123
vn -0.3341 0.9314 0.1443
vn 0.2417 -0.9492 -0.2016
vn 0.4529 -0.8592 -0.2381
vn 0.7451 -0.6426 -0.1788
vn -0.4825 0.8410 0.2449
vn 0.6287 -0.7277 0.2741
vn -0.3352 0.6728 -0.6595
vn 0.7915 -0.6036 -0.0963
vn 0.0253 0.3004 0.9535
vn 0.7055 0.5077 -0.4946
vn 0.8059 0.1825 -0.5632
vn 0.4485 0.4218 -0.7880
vn 0.4798 0.3585 -0.8008
vn 0.6604 -0.0048 -0.7509
vn 0.6336 -0.0026 -0.7736
vn 0.7016 -0.1384 -0.6990
vn -0.8909 -0.3616 0.2748
vn -0.8231 0.2949 -0.4853
vn 0.9744 -0.2208 0.0416
vn 0.6618 0.1718 -0.7297
vn 0.8365 -0.2067 -0.5074
vn 0.8926 0.1169 -0.4355
vn 0.8846 -0.0218 -0.4659
vn 0.8589 -0.0372 -0.5108
vn 0.9101 0.0768 -0.4071
vn 0.2970 0.8972 -0.3269
vn 0.5910 0.5249 -0.6125
vn 0.1423 0.6710 -0.7277
vn 0.0287 0.6291 -0.7768
vn 0.4397 0.2630 -0.8588
vn 0.6140 -0.1083 -0.7818
vn 0.2285 0.2619 -0.9377
vn 0.3669 -0.0254 -0.9299
vn 0.2650 0.1863 -0.9461
vn 0.1772 0.4070 -0.8961
vn 0.2921 0.7705 -0.5665
vn 0.9098 -0.1541 0.3853
vn 0.8940 0.3770 -0.2421
vn -0.9747 0.2093 -0.0782
vn -0.8439 -0.0719 0.5317
vn -0.9149 0.2896 0.2813
vn -0.9450 0.2307 0.2317
vn -0.8648 -0.0961 0.4929
vn -0.7115 0.0709 0.6991
vn -0.7871 0.1093 0.6070
vn -0.7663 0.1813 0.6163
vn -0.6718 0.1830 0.7178
vn 0.1184 -0.6294 0.7680
vn -0.7970 -0.3431 0.4972
vn -0.4548 -0.4183 0.7862
vn -0.6670 0.2832 0.6891
vn -0.6612 -0.3915 0.6400
vn -0.6615 -0.0601 0.7476
vn -0.6846 -0.1609 0.7109
vn -0.8036 -0.1046 0.5859
vn -0.8701 -0.0763 0.4869
vn -0.7648 0.6281 0.1432
vn -0.2568 -0.0320 0.9659
vn -0.3614 0.7676 0.5294
vn -0.3076 -0.1067 0.9455
vn -0.6374 0.5605 0.5287
vn -0.2116 -0.5445 0.8116
vn 0.0640 -0.3584 0.9314
vn -0.1147 -0.3939 0.9120
vn -0.0072 -0.6233 0.7820
vn -0.6805 0.0830 0.7280
vn -0.8301 -0.1461 0.5382
vn -0.8261 -0.2063 0.5244
vn -0.9298 -0.2995 0.2137
vn -0.9874 -0.1461 -0.0608
vn -0.9347 -0.3198 -0.1553
vn -0.9573 -0.0845 -0.2763
vn -0.9743 -0.0711 0.2137
vn 0.8900 0.3761 0.2577
vn -0.6517 -0.7499 0.1141
vn -0.5855 -0.7583 -0.2868
vn -0.6081 -0.6504 -0.4552
vn -0.7590 -0.6319 -0.1565
vn -0.8395 -0.4985 -0.2162
vn -0.6187 -0.7269 -0.2982
vn -0.4346 -0.1148 0.8933
vn -0.8394 -0.5214 -0.1534
vn -0.6359 0.5869 -0.5012
vn -0.5353 -0.1268 0.8351
vn -0.9075 -0.4044 -0.1131
vn -0.9597 -0.1649 -0.2275
vn -0.9434 -0.2268 -0.2420
vn -0.9601 0.1447 -0.2394
vn -0.9837 -0.0176 -0.1792
vn -0.7778 0.2772 -0.5641
vn -0.6162 0.3100 -0.7240
vn -0.7523 0.3713 -0.5442
vn 0.8346 0.5500 -0.0302
vn 0.8315 0.1814 -0.5251
vn 0.8652 -0.2333 -0.4439
vn 0.9414 0.2170 -0.2583
vn 0.9704 0.2228 0.0928
vn 0.9915 -0.0186 0.1288
vn 0.9647 -0.2482 0.0880
vn -0.1013 0.9856 -0.1351
vn 0.8680 0.3188 0.3808
vn 0.5250 0.8494 -0.0532
vn -0.3902 0.8283 0.4022
vn 0.8242 0.4785 0.3030
vn 0.8645 0.2144 0.4546
vn 0.7869 0.6114 0.0834
vn 0.9440 0.2403 0.2262
vn 0.8330 0.3587 0.4213
vn 0.7080 -0.4762 0.5215
vn 0.5159 -0.5624 0.6462
vn 0.4216 -0.7867 0.4510
vn 0.9651 0.2087 0.1580
vn 0.9099 0.3491 0.2240
vn 0.7985 0.5127 0.3155
vn 0.8418 0.5303 -0.1006
vn 0.9575 0.2074 0.2006
vn 0.9507 0.2227 0.2160
vn 0.8145 0.5559 0.1660
vn 0.9632 0.1071 0.2464
vn 0.9845 -0.0017 0.1754
vn -0.3891 0.9196 0.0548
vn 0.3055 -0.9338 0.1861
vn -0.2426 0.9451 -0.2191
vn 0.4034 -0.8885 0.2187
vn 0.0919 -0.9844 0.1503
vn -0.3699 0.8903 0.2657
vn 0.1474 -0.9757 -0.1624
vn -0.1431 0.8086 0.5707
vn 0.1355 -0.9521 -0.2740
vn -0.1809 0.3358 -0.9244
vn -0.1568 0.4255 -0.8913
vn -0.1221 -0.3706 0.9208
vn 0.1912 0.7282 -0.6581
vn -0.1097 -0.0732 0.9913
vn -0.2107 0.8513 -0.4805
vn 0.6093 0.7660 0.2050
vn 0.8306 -0.3550 -0.4289
vn -0.3819 0.6502 0.6568
vn 0.8039 -0.2107 -0.5562
vn 0.9370 0.1966 -0.2889
vn -0.1521 -0.5467 0.8234
vn 0.5190 -0.5750 -0.6324
vn 0.2474 -0.9475 -0.2027
vn -0.2602 0.9492 -0.1771
vn 0.0749 -0.9864 0.1461
vn -0.2223 0.9650 -0.1389
vn 0.6455 -0.6366 -0.4220
vn -0.0737 0.9744 -0.2122
vn 0.1112 0.8390 -0.5326
vn -0.0856 -0.8789 0.4692
vn 0.5290 0.7854 -0.3213
vn -0.5195 -0.7963 0.3100
vn -0.7852 -0.6123 0.0924
vn 0.4035 0.8533 -0.3302
vn 0.0507 -0.1208 -0.9914
vn -0.1071 -0.0351 0.9936
vn -0.1865 -0.2860 0.9399
vn 0.1758 0.1808 -0.9677
vn 0.2733 0.5075 -0.8172
vn -0.3021 -0.4618 0.8340
vn -0.3904 -0.5896 0.7071
vn 0.1193 0.3608 -0.9250
vn -0.1100 0.4730 -0.8742
vn 0.0836 -0.5020 0.8608
vn -0.5742 -0.6881 0.4436
vn -0.5060 -0.7002 0.5037
vn 0.6286 0.5239 0.5748
vn 0.0857 -0.9638 -0.2526
vn -0.2690 -0.9462 0.1798
vn 0.6901 0.5080 -0.5155
vn -0.2226 -0.8457 0.4851
vn 0.5333 0.5515 -0.6414
vn -0.1508 0.4879 -0.8598
vn 0.5915 0.1784 0.7863
vn 0.6892 -0.6537 -0.3124
vn -0.3654 0.4041 -0.8385
vn 0.1530 -0.3892 0.9083
vn 0.2143 -0.5418 0.8127
vn -0.1410 0.5135 -0.8465
vn 0.1553 -0.5532 0.8185
vn -0.0648 0.6263 -0.7768
vn -0.8392 -0.3567 0.4105
vn 0.5284 0.8489 -0.0121
vn -0.6246 -0.7113 0.3225
vn -0.2797 -0.9387 0.2014
vn 0.3805 0.8711 -0.3106
vn -0.4354 -0.6497 0.6231
vn -0.1675 -0.6661 0.7268
vn -0.1568 -0.6258 0.7640
vn 0.2794 0.7488 -0.6010
vn 0.2573 -0.8812 0.3967
vn 0.3304 -0.9433 -0.0311
vn 0.4681 -0.6925 -0.5490
vn 0.4574 -0.8088 -0.3697
vn 0.4756 -0.5269 -0.7044
vn 0.6619 -0.5074 -0.5517
vn 0.5739 -0.3420 -0.7441
vn 0.9031 -0.3698 -0.2181
vn 0.6304 -0.2221 -0.7438
vn 0.5249 -0.6368 -0.5647
vn 0.3055 -0.9012 0.3075
vn 0.5706 -0.8021 -0.1762
vn 0.5970 -0.6372 -0.4874
vn 0.3999 -0.9069 -0.1326
vn 0.7700 -0.5839 -0.2572
vn 0.6127 -0.6821 -0.3992
vn 0.4667 -0.5456 -0.6961
vn 0.5769 -0.6029 -0.5512
vn 0.8766 -0.4085 -0.2545
vn 0.7049 0.6309 -0.3242
vn 0.8477 -0.3375 -0.4091
vn 0.4562 0.4946 -0.7397
vn 0.5875 0.3584 -0.7255
vn 0.2123 -0.9700 -0.1185
vn 0.7169 -0.6138 -0.3306
vn 0.8520 -0.4831 -0.2016
vn 0.5019 -0.8633 0.0524
vn -0.4233 0.8932 -0.1515
vn -0.2648 0.8808 -0.3925
vn -0.4230 0.8600 0.2855
vn -0.4862 0.8627 -0.1392
vn -0.6258 0.7366 0.2565
vn -0.7429 0.5935 0.3095
vn -0.8405 0.3679 0.3978
vn -0.6396 0.6346 0.4338
vn -0.4970 0.7125 0.4952
vn -0.5143 0.6248 0.5876
vn -0.4184 0.7615 0.4951
vn -0.6526 0.5024 0.5672
vn -0.5445 0.7211 0.4284
vn -0.4573 0.6575 0.5988
vn -0.7083 0.3754 0.5978
vn -0.6079 0.4676 0.6417
vn -0.4104 0.6632 0.6259
vn -0.4416 0.7706 0.4596
vn 0.0660 0.9687 -0.2394
vn -0.5600 0.8079 0.1833
vn -0.4154 0.7604 0.4993
vn -0.7217 0.6452 0.2507
vn -0.6571 0.5082 0.5568
vn -0.5231 0.7640 0.3777
vn -0.9126 0.3303 0.2410
vn -0.8475 0.2907 0.4441
vn -0.4911 0.7025 0.5151
vn -0.6787 -0.1290 0.7230
vn 0.3147 0.9380 0.1454
vn 0.1226 -0.7904 0.6002
vn 0.1849 -0.8372 0.5147
vn 0.1877 -0.8359 0.5157
vn 0.0625 -0.8331 0.5495
vn -0.0227 -0.7416 0.6705
vn 0.1204 -0.6790 0.7242
vn -0.1049 -0.8308 0.5466
vn 0.0423 -0.6045 0.7955
vn -0.2160 -0.7686 0.6022
vn -0.2274 -0.5653 0.7929
vn 0.0350 -0.4678 0.8831
vn -0.3689 -0.7246 0.5821
vn -0.3487 -0.4657 0.8134
vn -0.0086 -0.2764 0.9610
vn -0.5881 -0.6007 0.5416
vn -0.4170 0.0606 0.9069
vn -0.4615 -0.0442 0.8860
vn -0.4590 -0.0458 0.8872
vn -0.4947 0.0770 0.8656
vn -0.4090 0.2273 0.8838
vn -0.2805 0.1465 0.9486
vn -0.5602 0.2163 0.7996
vn -0.2235 0.2622 0.9388
vn -0.5322 0.3494 0.7712
vn -0.2982 0.4941 0.8167
vn -0.0799 0.3384 0.9376
vn -0.5625 0.4753 0.6765
vn -0.2545 0.6246 0.7383
vn 0.0924 0.4500 0.8882
vn -0.5580 0.6610 0.5017
vn -0.2186 0.9263 0.3070
vn -0.2597 0.9278 0.2680
vn -0.4076 0.8910 0.2001
vn -0.2778 0.9003 0.3351
vn -0.4573 0.8543 0.2471
vn -0.5563 0.7738 0.3028
vn -0.4124 0.7895 0.4547
vn -0.6981 0.6714 0.2489
vn -0.7213 0.6553 0.2244
vn -0.5076 0.6605 0.5533
vn -0.2411 0.5811 0.7773
vn -0.2752 0.5956 0.7547
vn -0.3010 0.7127 0.6336
vn -0.2164 0.8099 0.5453
vn -0.1497 0.8576 0.4920
vn -0.1862 0.9233 0.3358
vn -0.2176 0.9267 0.3062
vn 0.8070 0.5107 -0.2966
vn 0.7784 0.5254 -0.3434
vn 0.6650 0.6078 -0.4340
vn 0.7710 0.5700 -0.2839
vn 0.6303 0.6668 -0.3975
vn 0.5417 0.7638 -0.3511
vn 0.6645 0.7239 -0.1857
vn 0.3797 0.8361 -0.3960
vn 0.3483 0.8399 -0.4161
vn 0.5509 0.8307 -0.0802
vn 0.6664 0.7078 0.2345
vn 0.6573 0.7275 0.1969
vn 0.7050 0.7084 0.0344
vn 0.7908 0.6099 -0.0512
vn 0.8396 0.5354 -0.0918
vn 0.8272 0.4978 -0.2605
vn 0.8075 0.5096 -0.2971
vn -0.5434 -0.8197 0.1813
vn -0.7276 -0.6369 0.2551
vn -0.7043 -0.6926 0.1560
vn -0.4536 -0.8840 -0.1132
vn -0.5676 -0.8070 -0.1628
vn -0.3303 -0.9268 -0.1785
vn -0.5813 -0.8022 -0.1362
vn -0.2362 -0.9690 0.0717
vn -0.5013 -0.8356 0.2245
vn -0.8160 -0.5196 -0.2534
vn -0.6712 -0.6605 -0.3363
vn -0.7008 -0.6879 -0.1890
vn -0.8500 -0.5136 0.1167
vn -0.8819 -0.4093 0.2338
vn -0.6877 -0.6936 0.2144
vn -0.8506 0.3983 0.3432
vn -0.7429 0.6241 0.2423
vn -0.8151 0.5435 0.2006
vn -0.9711 0.1600 0.1770
vn -0.9680 0.2442 0.0574
vn -0.9811 0.0152 0.1928
vn -0.9602 0.2702 0.0709
vn -0.8935 0.0572 0.4454
vn -0.8326 0.3823 0.4007
vn -0.8533 0.4586 -0.2481
vn -0.9443 0.2688 -0.1898
vn -0.9285 0.3642 -0.0716
vn -0.7343 0.6783 0.0270
vn -0.6179 0.7843 0.0557
vn -0.7893 0.5594 0.2531
vn -0.2835 0.2678 0.9208
vn -0.2866 0.2886 0.9136
vn -0.2908 0.1133 0.9500
vn -0.5445 0.1658 0.8222
vn -0.2319 0.1887 0.9543
vn -0.5685 0.1187 0.8141
vn -0.5933 -0.0875 0.8002
vn -0.1924 0.0503 0.9800
vn -0.6175 -0.0964 0.7806
vn -0.2755 -0.1260 0.9530
vn 0.0935 -0.1393 0.9858
vn 0.1981 -0.1406 0.9700
vn 0.1839 0.0601 0.9811
vn 0.1506 0.2091 0.9662
vn 0.0450 0.0672 0.9967
vn -0.2218 0.1088 0.9690
vn -0.2513 0.2599 0.9324
vn 0.4324 0.7596 0.4858
vn 0.4463 0.7623 0.4687
vn 0.3081 0.7524 0.5822
vn 0.2080 0.9091 0.3610
vn 0.3971 0.7190 0.5704
vn 0.1557 0.9163 0.3689
vn -0.0344 0.8922 0.4502
vn 0.3039 0.6738 0.6735
vn -0.0584 0.9008 0.4303
vn 0.1117 0.6972 0.7081
vn 0.2581 0.4023 0.8784
vn 0.2931 0.3063 0.9057
vn 0.4620 0.3607 0.8102
vn 0.5705 0.4083 0.7126
vn 0.4183 0.4864 0.7671
vn 0.3382 0.7035 0.6251
vn 0.4424 0.7371 0.5108
vn 0.2214 0.8907 0.3971
vn 0.2155 0.9670 0.1358
vn 0.2230 0.9652 0.1368
vn 0.3068 0.8731 0.3790
vn 0.2673 0.7213 0.6390
vn 0.1206 0.7708 0.6256
vn 0.4176 0.6905 0.5906
vn 0.0817 0.6648 0.7425
vn 0.4285 0.5698 0.7012
vn 0.2221 0.4670 0.8559
vn -0.0427 0.5847 0.8101
vn 0.5019 0.4388 0.7454
vn 0.2226 0.3207 0.9207
vn -0.1752 0.4371 0.8822
vn 0.5682 0.1977 0.7988
vn 0.9824 0.1816 -0.0439
vn 0.9550 0.0664 -0.2891
vn 0.9568 0.0602 -0.2846
vn 0.9951 0.0975 -0.0175
vn 0.9398 0.2363 0.2469
vn 0.9190 0.3615 0.1571
vn 0.9566 0.0799 0.2801
vn 0.8537 0.4347 0.2866
vn 0.8964 0.1053 0.4306
vn 0.7802 0.3390 0.5257
vn 0.7595 0.5590 0.3327
vn 0.8293 0.0426 0.5572
vn 0.6782 0.3451 0.6488
vn 0.6061 0.6801 0.4125
vn 0.6689 -0.0298 0.7428
vn -0.4543 -0.8038 0.3842
vn -0.1018 -0.9052 0.4126
vn -0.0246 -0.7579 0.6519
vn -0.3222 -0.7258 0.6078
vn -0.1001 -0.4164 0.9036
vn -0.3377 -0.3598 0.8698
vn -0.0749 -0.3401 0.9374
vn -0.0086 -0.3360 0.9418
vn -0.3166 -0.1586 0.9352
vn -0.0101 -0.1811 0.9834
vn -0.2749 -0.0606 0.9596
vn -0.5090 0.0709 0.8578
vn -0.6251 -0.0390 0.7796
vn -0.5498 -0.1309 0.8250
vn -0.5592 -0.2727 0.7829
vn -0.6404 -0.5118 0.5727
vn -0.5619 -0.7387 0.3722
vn -0.4621 -0.8083 0.3649
vn -0.7319 0.4307 0.5281
vn -0.6684 0.1312 0.7321
vn -0.4301 0.2164 0.8765
vn -0.5360 0.4491 0.7148
vn -0.0828 0.4716 0.8779
vn -0.1407 0.6638 0.7346
vn 0.0037 0.4818 0.8763
vn 0.0351 0.4292 0.9025
vn 0.0614 0.7166 0.6948
vn 0.1806 0.4803 0.8583
vn 0.1697 0.7121 0.6813
vn 0.1536 0.8802 0.4491
vn -0.0129 0.9171 0.3983
vn -0.0456 0.8605 0.5073
vn -0.1844 0.8208 0.5406
vn -0.4924 0.7371 0.4629
vn -0.7234 0.5267 0.4464
vn -0.7454 0.4265 0.5123
vn 0.4451 -0.8952 0.0219
vn 0.4394 -0.8801 0.1798
vn 0.6345 -0.6997 0.3283
vn 0.4527 -0.8035 0.3867
vn 0.6512 -0.6269 0.4278
vn 0.6493 -0.6120 0.4515
vn 0.4026 -0.7199 0.5654
vn 0.7619 -0.3623 0.5369
vn 0.5697 -0.4138 0.7101
vn 0.0389 -0.7496 0.6607
vn 0.0990 -0.8563 0.5070
vn 0.1988 -0.8554 0.4783
vn 0.2752 -0.8736 0.4013
vn 0.3715 -0.8998 0.2288
vn 0.4224 -0.9063 0.0143
vn -0.5773 -0.5260 0.6245
vn -0.5123 -0.4374 0.7391
vn -0.2303 -0.4916 0.8398
vn -0.3706 -0.3282 0.8689
vn -0.1274 -0.4411 0.8884
vn -0.1073 -0.4246 0.8990
vn -0.2579 -0.1791 0.9494
vn 0.1792 -0.4294 0.8852
vn 0.1187 -0.1888 0.9748
vn -0.3947 0.1693 0.9031
vn -0.5146 0.0203 0.8572
vn -0.4840 -0.0779 0.8716
vn -0.4957 -0.1848 0.8486
vn -0.5392 -0.3589 0.7619
vn -0.5983 -0.5129 0.6155
vn 0.1728 0.7992 0.5758
vn 0.1595 0.7948 0.5856
vn 0.1176 0.8428 0.5253
vn -0.8694 0.4877 0.0793
vn -0.4052 0.3480 0.8454
vn 0.2410 0.3214 0.9158
vn -0.1092 0.3954 0.9120
vn 0.2476 0.1233 0.9610
vn -0.2345 0.4667 0.8528
vn 0.2257 0.0859 0.9704
vn 0.1366 -0.0406 0.9898
vn -0.1693 0.4128 0.8949
vn -0.3083 0.2581 0.9156
vn -0.2478 0.0663 0.9665
vn -0.5172 0.1214 0.8472
vn -0.5761 -0.4684 0.6698
vn -0.5506 -0.4868 0.6782
vn -0.5017 0.0125 0.8650
vn -0.4342 -0.5262 0.7312
vn -0.3243 -0.0658 0.9437
vn -0.3270 -0.7291 0.6012
vn -0.1543 -0.0138 0.9879
vn -0.1098 -0.4325 0.8949
vn 0.1928 -0.4587 0.8674
vn 0.1198 0.8447 0.5217
vn -0.5054 0.1847 0.8429
vn -0.4648 -0.3004 0.8329
vn -0.4475 0.4794 0.7549
vn 0.0182 0.3491 0.9369
vn -0.0485 0.1420 0.9887
vn -0.0539 -0.0655 0.9964
vn -0.0712 0.9403 0.3328
vn -0.1918 0.9186 0.3455
vn 0.6566 0.5536 0.5123
vn 0.9842 0.0890 -0.1531
vn 0.9434 0.3294 -0.0380
vn 0.9058 0.4208 0.0501
vn 0.1055 0.8099 -0.5770
vn 0.4263 0.8376 0.3415
vn 0.6845 0.3272 0.6515
vn 0.6071 0.6323 0.4812
vn 0.5342 0.3086 0.7870
vn 0.5976 0.7200 0.3527
vn 0.4969 0.3248 0.8047
vn 0.3606 0.3863 0.8489
vn 0.5922 0.6772 0.4368
vn 0.4125 0.7759 0.4773
vn 0.2908 0.7162 0.6344
vn 0.1897 0.8909 0.4127
vn -0.3966 0.7410 0.5419
vn -0.3992 0.7205 0.5670
vn 0.1093 0.8670 0.4861
vn -0.3682 0.6430 0.6716
vn 0.1403 0.7444 0.6529
vn -0.5431 0.4491 0.7095
vn 0.2672 0.6341 0.7256
vn -0.1034 0.4723 0.8754
vn 0.9341 0.3379 0.1155
vn 0.2467 0.8904 0.3826
vn -0.1533 0.7622 0.6289
vn -0.0150 0.1997 0.9797
vn 0.4334 0.8851 0.1697
vn 0.6268 0.5299 0.5712
vn 0.4420 0.5744 0.6889
vn 0.2661 0.5448 0.7952
vn 0.9070 0.3563 -0.2246
vn 0.8934 0.4085 -0.1870
vn 0.6742 -0.4528 0.5834
vn 0.6741 -0.4534 0.5831
vn 0.7983 -0.3978 0.4521
vn 0.8418 -0.0914 0.5319
vn 0.8265 -0.3406 0.4481
vn 0.5820 -0.2467 0.7749
vn 0.5608 -0.4394 0.7017
vn 0.4207 -0.2574 0.8699
vn 0.3350 -0.2398 0.9112
vn 0.2883 -0.5060 0.8129
vn 0.1905 -0.1102 0.9755
vn 0.1600 -0.4559 0.8755
vn 0.1105 -0.7637 0.6360
vn 0.2804 -0.7312 0.6219
vn 0.3493 -0.6521 0.6728
vn 0.5267 -0.6064 0.5957
vn 0.7203 -0.5819 0.3774
vn 0.7745 -0.4744 0.4185
vn 0.6741 -0.4542 0.5824
vn 0.5521 0.8164 -0.1691
vn 0.4576 0.8772 0.1452
vn 0.6256 0.7796 0.0281
vn 0.5257 0.7468 0.4075
vn 0.4923 0.6650 0.5616
vn 0.6877 0.6242 0.3708
vn 0.4498 0.6310 0.6321
vn 0.6786 0.4543 0.5772
vn 0.4554 0.5277 0.7170
vn 0.6649 0.3752 0.6459
vn 0.8173 0.2014 0.5399
vn 0.8573 0.2875 0.4272
vn 0.8305 0.4212 0.3644
vn 0.8129 0.5321 0.2368
vn 0.7776 0.6283 -0.0235
vn 0.6184 0.7596 -0.2014
vn -0.7852 0.3345 0.5211
vn -0.6654 0.4722 0.5782
vn -0.4694 0.5240 0.7107
vn -0.7671 0.3024 0.5657
vn -0.5811 0.4486 0.6790
vn -0.5976 0.0913 0.7966
vn -0.4440 0.2085 0.8714
vn -0.5150 -0.0667 0.8546
vn -0.4805 -0.1566 0.8629
vn -0.2568 -0.0083 0.9664
vn -0.4761 -0.3529 0.8055
vn -0.2187 -0.1547 0.9634
vn 0.0884 0.0890 0.9921
vn -0.0459 0.1982 0.9791
vn -0.1608 0.1800 0.9704
vn -0.2820 0.3226 0.9036
vn -0.3423 0.5346 0.7727
vn -0.3601 0.6051 0.7101
vn -0.1506 0.5790 0.8013
vn -0.3303 0.3973 0.8562
vn -0.3501 0.0523 0.9353
vn -0.3985 -0.3149 0.8614
vn -0.2403 -0.2270 0.9438
vn -0.0959 -0.4657 0.8797
vn -0.0278 -0.4745 0.8798
vn 0.1269 -0.3703 0.9202
vn -0.1759 -0.6192 0.7652
vn 0.0863 -0.6353 0.7674
vn 0.5772 -0.2701 0.7706
vn 0.3282 -0.0016 0.9446
vn 0.0834 -0.1241 0.9888
vn -0.1267 -0.1216 0.9845
vn -0.2851 0.0486 0.9573
vn -0.3074 0.4084 0.8595
vn -0.0563 -0.9946 0.0871
vn -0.0577 -0.9945 0.0870
vn 0.1885 -0.9761 0.1080
vn 0.3397 -0.9306 0.1366
vn 0.4113 -0.8527 0.3220
vn 0.1152 -0.9583 0.2615
vn 0.5372 -0.7847 0.3094
vn 0.6621 -0.5987 0.4507
vn 0.3544 -0.7671 0.5348
vn 0.8399 -0.3641 0.4026
vn 0.6352 -0.5191 0.5719
vn 0.2724 -0.6498 0.7097
vn -0.0421 -0.8520 0.5219
vn -0.1150 -0.9119 0.3940
vn -0.1845 -0.9758 0.1173
vn -0.1030 -0.9921 0.0714
vn -0.0591 -0.9945 0.0866
vn 0.3927 -0.7213 0.5706
vn 0.4595 -0.6923 0.5565
vn 0.3522 -0.7355 0.5788
vn 0.6029 -0.6395 0.4770
vn 0.5634 -0.7698 0.3001
vn 0.3906 -0.7890 0.4742
vn 0.4812 -0.8689 0.1161
vn 0.5512 -0.8340 -0.0249
vn 0.3639 -0.9000 0.2399
vn 0.7509 -0.6364 -0.1767
vn 0.5694 -0.8200 0.0583
vn 0.2043 -0.9098 0.3612
vn 0.1599 -0.9042 0.3961
vn 0.1565 -0.8675 0.4722
vn 0.0941 -0.7809 0.6175
vn 0.2465 -0.7524 0.6109
vn 0.3337 -0.7486 0.5729
vn 0.9800 -0.0406 0.1950
vn 0.9799 -0.0413 0.1951
vn 0.9981 -0.0618 0.0082
vn 0.9664 0.2400 -0.0921
vn 0.9993 -0.0151 -0.0354
vn 0.9269 0.2334 0.2939
vn 0.9408 0.0313 0.3376
vn 0.8462 0.2707 0.4590
vn 0.7909 0.3052 0.5305
vn 0.7972 0.0269 0.6031
vn 0.6607 0.4441 0.6052
vn 0.7067 0.0989 0.7006
vn 0.6572 -0.2911 0.6953
vn 0.7763 -0.2660 0.5715
vn 0.8293 -0.1697 0.5325
vn 0.9196 -0.1675 0.3555
vn 0.9624 -0.2594 0.0807
vn 0.9889 -0.1451 0.0315
vn 0.9799 -0.0424 0.1949
vn -0.3477 0.7748 0.5280
vn -0.2828 0.8231 0.4924
vn 0.0436 0.8889 0.4560
vn -0.3820 0.7540 0.5343
vn -0.0627 0.5627 0.8243
vn 0.0706 0.7471 0.6610
vn -0.0297 0.4683 0.8831
vn 0.0258 0.3815 0.9240
vn 0.2845 0.4705 0.8352
vn -0.0254 0.1919 0.9811
vn 0.2992 0.3260 0.8968
vn 0.6041 0.4297 0.6712
vn 0.4977 0.5662 0.6570
vn 0.4124 0.6033 0.6826
vn 0.2799 0.7075 0.6489
vn 0.1853 0.8949 0.4060
vn 0.2022 0.9084 0.3660
vn 0.3648 0.8568 0.3646
vn -0.0039 -0.0182 0.9998
vn 0.1084 -0.3045 0.9463
vn 0.2076 0.2845 0.9359
vn 0.2036 -0.2766 0.9392
vn 0.3592 0.1517 0.9209
vn 0.3119 -0.3228 0.8936
vn 0.5596 0.0884 0.8240
vn 0.3395 -0.4845 0.8062
vn 0.6936 0.1209 0.7101
vn 0.4062 -0.6439 0.6484
vn 0.8406 0.1596 0.5177
vn 0.0721 -0.0239 0.9971
vn 0.3331 -0.1115 0.9363
vn 0.6166 -0.2319 0.7524
vn 0.7243 -0.2663 0.6360
vn 0.0524 -0.2160 0.9750
vn 0.3322 -0.5626 0.7571
vn 0.2867 -0.3450 0.8938
vn 0.3995 -0.2804 0.8728
vn 0.2202 -0.1352 0.9660
vn 0.4825 -0.2759 0.8313
vn 0.3858 -0.0118 0.9225
vn 0.5682 -0.1769 0.8037
vn 0.4570 0.0528 0.8879
vn 0.3261 0.2701 0.9059
vn 0.2074 0.2059 0.9564
vn 0.1418 0.0674 0.9876
vn 0.0606 -0.0025 0.9982
vn 0.0115 -0.0141 0.9998
vn 0.0044 -0.2340 0.9722
vn 0.3627 0.7484 0.5553
vn 0.3526 0.7493 0.5606
vn 0.5441 0.5778 0.6083
vn 0.5163 0.5918 0.6191
vn 0.7255 0.3205 0.6090
vn 0.7082 0.3370 0.6203
vn 0.7912 0.1846 0.5830
vn 0.7785 0.2007 0.5946
vn 0.8456 0.0347 0.5326
vn 0.8330 0.0691 0.5489
vn 0.8262 -0.0501 0.5612
vn 0.8517 -0.0714 0.5191
vn 0.5439 0.8210 0.1739
vn 0.5423 0.8216 0.1756
vn 0.5284 0.8317 0.1708
vn 0.0670 0.8821 0.4663
vn 0.4376 0.7550 0.4883
vn 0.6088 0.7259 0.3200
vn 0.4161 0.6810 0.6026
vn 0.7221 0.4129 0.5550
vn 0.7298 0.3066 0.6110
vn 0.7148 0.1424 0.6847
vn 0.8853 0.4489 0.1213
vn 0.7352 0.6500 0.1924
vn 0.7146 0.6812 0.1591
vn 0.7042 0.6992 0.1233
vn 0.5091 0.8538 0.1092
vn 0.5398 0.8224 0.1796
vn 0.3020 -0.5975 0.7428
vn 0.3648 -0.6189 0.6956
vn 0.5247 -0.5653 0.6365
vn 0.3620 -0.5522 0.7510
vn 0.5095 -0.4528 0.7317
vn 0.5271 -0.3797 0.7603
vn 0.3724 -0.3908 0.8418
vn 0.5862 -0.2538 0.7693
vn 0.3647 -0.1924 0.9110
vn 0.6975 -0.0372 0.7157
vn 0.5417 -0.0134 0.8404
vn 0.1100 -0.1038 0.9885
vn 0.1726 -0.2540 0.9517
vn 0.2273 -0.3790 0.8970
vn 0.2145 -0.4073 0.8877
vn 0.1681 -0.4918 0.8543
vn 0.2200 -0.5995 0.7696
vn 0.2911 -0.5959 0.7485
vn 0.9695 0.2280 0.0893
vn 0.8536 0.4903 0.1759
vn 0.9869 -0.0087 0.1609
vn 0.7887 0.4061 0.4616
vn 0.8683 0.1394 0.4760
vn 0.6132 0.4755 0.6308
vn 0.6629 0.2088 0.7190
vn 0.3435 0.4460 0.8264
vn 0.1918 0.6044 0.7732
vn 0.4434 0.3196 0.8374
vn 0.7392 0.0401 0.6723
vn 0.6505 0.0105 0.7595
vn 0.7152 -0.0466 0.6973
vn 0.8525 -0.0825 0.5161
vn 0.9901 -0.0097 0.1398
vn 0.9935 0.1089 0.0330
vn 0.9829 0.1682 0.0746
vn -0.0309 -0.7894 0.6131
vn -0.0215 -0.7962 0.6047
vn -0.2141 -0.4474 0.8683
vn 0.0086 -0.7369 0.6760
vn -0.0631 -0.4614 0.8850
vn 0.2029 -0.5238 0.8273
vn 0.4376 -0.3564 0.8255
vn 0.1649 -0.2630 0.9506
vn 0.5801 -0.3959 0.7119
vn 0.3671 -0.1414 0.9194
vn 0.0788 0.1474 0.9859
vn 0.0821 0.0175 0.9965
vn -0.0787 -0.1890 0.9788
vn -0.1326 -0.3086 0.9419
vn -0.2322 -0.3032 0.9242
vn -0.3233 -0.1910 0.9268
vn -0.3312 -0.0635 0.9414
vn 0.2296 -0.6647 0.7110
vn 0.2912 -0.6737 0.6792
vn 0.5834 -0.6015 0.5458
vn 0.3360 -0.6341 0.6964
vn 0.5066 -0.5218 0.6863
vn 0.5014 -0.4849 0.7165
vn 0.2850 -0.4992 0.8183
vn 0.6153 -0.3712 0.6954
vn 0.2929 -0.0536 0.9546
vn 0.3256 -0.1898 0.9262
vn 0.4200 -0.0087 0.9075
vn -0.1245 -0.3372 0.9332
vn 0.0412 -0.4927 0.8692
vn 0.0385 -0.5340 0.8446
vn 0.0185 -0.6080 0.7937
vn 0.1625 -0.6777 0.7171
vn 0.2275 -0.6647 0.7117
vn -0.2783 0.6551 0.7024
vn -0.4048 0.5965 0.6931
vn -0.5403 0.2392 0.8067
vn -0.3886 0.3821 0.8385
vn -0.3600 0.0685 0.9304
vn -0.2883 -0.0743 0.9546
vn -0.1501 0.0889 0.9847
vn -0.3244 -0.2515 0.9119
vn -0.0301 -0.0573 0.9979
vn 0.2308 0.1278 0.9646
vn 0.0806 0.1538 0.9848
vn -0.0477 0.2962 0.9539
vn -0.1831 0.4628 0.8673
vn -0.3525 0.6197 0.7012
vn -0.2950 0.6392 0.7102
vn 0.6887 0.7141 0.1253
vn 0.5854 0.8046 0.0996
vn 0.2668 0.9111 0.3143
vn 0.4595 0.8264 0.3255
vn 0.2357 0.7921 0.5630
vn 0.1510 0.7183 0.6792
vn 0.3551 0.6478 0.6740
vn -0.0287 0.6941 0.7193
vn 0.2830 0.5272 0.8013
vn 0.5325 0.3253 0.7814
vn 0.5020 0.4663 0.7284
vn 0.5615 0.5842 0.5860
vn 0.6197 0.6838 0.3853
vn 0.6287 0.7692 0.1141
vn 0.6712 0.7292 0.1331
vn 0.0277 -0.4495 0.8928
vn -0.0288 -0.4759 0.8791
vn -0.0304 -0.4747 0.8796
vn -0.0576 -0.4242 0.9037
vn 0.0408 -0.3326 0.9422
vn 0.1703 -0.4209 0.8910
vn -0.1317 -0.3129 0.9406
vn 0.2351 -0.3128 0.9203
vn -0.0978 -0.1831 0.9782
vn 0.1531 -0.0614 0.9863
vn 0.3748 -0.2330 0.8974
vn -0.1451 -0.0302 0.9890
vn 0.1795 0.0945 0.9792
vn 0.5255 -0.0944 0.8455
vn -0.1856 0.2197 0.9578
vn -0.0639 0.3528 0.9335
vn -0.1135 0.3883 0.9145
vn -0.1130 0.3901 0.9138
vn -0.0726 0.4346 0.8977
vn 0.0577 0.3887 0.9196
vn 0.0164 0.2376 0.9712
vn 0.0055 0.5361 0.8442
vn 0.1442 0.2181 0.9652
vn 0.1423 0.5507 0.8225
vn 0.3482 0.3669 0.8626
vn 0.2597 0.1039 0.9601
vn 0.2573 0.6239 0.7379
vn 0.4889 0.3697 0.7901
vn 0.4196 -0.0236 0.9074
vn 0.4430 0.6877 0.5751
vn -0.2372 0.8658 0.4406
vn -0.2940 0.7645 0.5737
vn -0.5547 0.4929 0.6704
vn -0.3765 0.6031 0.7033
vn -0.5144 0.4424 0.7347
vn -0.4869 0.3165 0.8141
vn -0.3150 0.4433 0.8392
vn -0.5552 0.1404 0.8198
vn -0.2503 0.2948 0.9222
vn 0.0509 0.4091 0.9111
vn -0.0874 0.4696 0.8785
vn -0.1632 0.5932 0.7883
vn -0.1711 0.6632 0.7286
vn -0.2364 0.7940 0.5601
vn -0.2396 0.8647 0.4414
vn 0.7941 0.5839 -0.1688
vn 0.7312 0.6812 -0.0355
vn 0.4299 0.8996 0.0768
vn 0.6058 0.7873 0.1150
vn 0.4251 0.8895 0.1672
vn 0.3563 0.8842 0.3020
vn 0.5411 0.7763 0.3234
vn 0.1813 0.9121 0.3676
vn 0.4690 0.7374 0.4860
vn 0.6820 0.5002 0.5336
vn 0.6674 0.6105 0.4265
vn 0.7113 0.6504 0.2663
vn 0.7472 0.6392 0.1821
vn 0.7745 0.6314 -0.0393
vn 0.7925 0.5861 -0.1686
vn 0.9408 0.2667 -0.2091
vn 0.9939 0.1105 0.0063
vn 0.9869 0.1022 -0.1252
vn 0.8768 0.1865 -0.4432
vn 0.7344 0.2706 -0.6224
vn 0.8801 0.0568 -0.4714
vn 0.7410 0.5172 -0.4282
vn 0.9013 0.3216 -0.2904
vn 0.8680 -0.3448 -0.3572
vn 0.8070 -0.2492 -0.5353
vn 0.9254 -0.0873 -0.3689
vn 0.9938 -0.1111 -0.0097
vn 0.9809 -0.1251 0.1492
vn 0.9874 0.1439 -0.0665
vn -0.1116 0.9853 0.1292
vn 0.1247 0.9922 -0.0008
vn 0.0138 0.9993 -0.0343
vn -0.3916 0.9201 0.0017
vn -0.3322 0.9340 -0.1313
vn -0.5150 0.8560 0.0461
vn -0.3051 0.9444 -0.1226
vn -0.4066 0.8650 0.2939
vn -0.1091 0.9755 0.1908
vn -0.1218 0.8816 -0.4559
vn -0.3232 0.8700 -0.3724
vn -0.2241 0.9347 -0.2758
vn 0.1529 0.9636 -0.2193
vn 0.3079 0.9307 -0.1975
vn 0.0465 0.9988 0.0168
vn -0.0594 0.3324 0.9413
vn -0.1243 0.4187 0.8996
vn -0.1271 0.4171 0.8999
vn -0.0005 0.3957 0.9184
vn 0.0872 0.2524 0.9637
vn -0.0552 0.1713 0.9837
vn 0.1664 0.3945 0.9037
vn 0.0234 0.0694 0.9973
vn 0.2776 0.3115 0.9088
vn 0.2908 0.0369 0.9561
vn 0.0298 -0.0929 0.9952
vn 0.4274 0.2851 0.8579
vn 0.4090 -0.0582 0.9107
vn 0.0698 -0.2959 0.9527
vn 0.6391 0.2026 0.7420
vn 0.0312 0.5582 0.8292
vn 0.5885 0.6623 0.4637
vn 0.5623 0.3992 0.7242
vn -0.1638 -0.2515 0.9539
vn 0.6050 0.3951 0.6913
vn 0.5070 0.4726 0.7208
vn 0.0394 0.3571 0.9332
vn 0.7858 0.0887 0.6120
vn 0.5240 0.1846 0.8315
vn 0.7880 -0.1138 0.6051
vn 0.4005 0.2338 0.8860
vn 0.7744 -0.1571 0.6129
vn 0.6979 -0.2856 0.6568
vn 0.4664 0.1721 0.8677
vn 0.3472 0.0157 0.9376
vn 0.3977 -0.1819 0.8993
vn 0.1714 0.0255 0.9849
vn -0.1358 -0.4933 0.8592
vn -0.1609 -0.5410 0.8255
vn 0.1809 -0.0403 0.9827
vn -0.0266 -0.5675 0.8230
vn 0.4679 -0.3309 0.8195
vn -0.0891 -0.8392 0.5365
vn 0.5770 -0.5115 0.6367
vn 0.3998 -0.6886 0.6049
vn 0.5751 -0.5943 0.5623
vn 0.3348 0.6536 0.6787
vn 0.2649 0.3391 0.9027
vn 0.1337 -0.4855 0.8640
vn 0.6374 0.1126 0.7622
vn 0.5781 -0.1116 0.8083
vn 0.5488 -0.3141 0.7747
vn 0.3731 0.2690 0.8879
vn 0.3237 0.3493 0.8793
vn 0.6125 0.7670 0.1912
vn 0.5489 0.8171 0.1761
vn 0.2211 0.9002 0.3752
vn 0.2953 0.8646 0.4066
vn -0.0115 0.8228 0.5682
vn -0.1100 0.8862 0.4500
vn 0.1333 0.7716 0.6220
vn -0.2223 0.8189 0.5291
vn 0.0529 0.6865 0.7252
vn -0.2227 0.6420 0.7337
vn -0.3763 0.7685 0.5176
vn 0.0536 0.5628 0.8248
vn -0.2925 0.5172 0.8043
vn -0.5548 0.6556 0.5122
vn 0.0212 0.3375 0.9411
vn 0.4792 -0.3813 0.7905
vn 0.5953 -0.3413 0.7274
vn 0.6668 -0.2547 0.7004
vn 0.5036 -0.3078 0.8072
vn 0.6520 -0.1855 0.7352
vn 0.6598 -0.0351 0.7506
vn 0.4901 -0.0996 0.8660
vn 0.7437 0.1078 0.6598
vn 0.4655 0.0801 0.8814
vn 0.1633 0.0385 0.9858
vn 0.2808 -0.0579 0.9580
vn 0.3165 -0.2211 0.9225
vn 0.3019 -0.3176 0.8989
vn 0.4156 -0.3902 0.8216
vn 0.4757 -0.3858 0.7905
vn 0.3549 0.9240 -0.1425
vn 0.3109 0.9385 -0.1503
vn 0.0317 0.9934 -0.1106
vn 0.1345 0.9907 -0.0216
vn 0.0697 0.9909 0.1152
vn 0.2800 0.9495 0.1418
vn -0.1059 0.9773 0.1836
vn 0.2205 0.9224 0.3170
vn 0.4951 0.7733 0.3962
vn 0.4484 0.8516 0.2715
vn 0.4792 0.8715 0.1047
vn 0.5580 0.8283 0.0502
vn 0.3175 0.9265 -0.2020
vn 0.3727 0.9184 -0.1327
vn -0.2023 -0.2673 0.9421
vn -0.1229 -0.2862 0.9503
vn 0.1655 -0.2035 0.9650
vn -0.2324 -0.2034 0.9511
vn 0.1026 -0.1067 0.9890
vn 0.1494 -0.0613 0.9869
vn -0.2791 0.0275 0.9599
vn 0.0967 0.1416 0.9852
vn 0.0889 0.0986 0.9911
vn -0.2980 0.1265 0.9462
vn -0.6165 0.1030 0.7806
vn -0.6141 0.1274 0.7789
vn -0.6363 -0.0322 0.7708
vn -0.5787 -0.0484 0.8141
vn -0.6059 -0.1039 0.7887
vn -0.2946 -0.2665 0.9177
vn -0.2061 -0.2669 0.9414
vn -0.9076 -0.4085 -0.0967
vn 0.6538 0.6337 0.4135
vn -0.8535 -0.4430 -0.2746
vn -0.9301 -0.3548 -0.0953
vn 0.8486 0.5179 0.1080
vn -0.9656 -0.2512 0.0665
vn 0.9655 0.2562 -0.0472
vn -0.3043 -0.7815 0.5446
vn 0.4055 -0.4283 0.8075
vn -0.0249 -0.7735 0.6333
vn 0.1474 -0.7349 0.6620
vn 0.3090 -0.6695 0.6755
vn -0.7642 0.4368 -0.4745
vn -0.1069 0.9892 -0.1003
vn -0.2323 0.7443 -0.6262
vn -0.0504 0.7453 -0.6648
vn -0.3837 0.6768 -0.6283
vn -0.1266 0.7233 -0.6789
vn 0.5415 0.1183 0.8323
vn 0.4231 0.1634 0.8912
vn 0.0894 -0.0283 0.9956
vn 0.2946 -0.0532 0.9541
vn 0.0805 -0.3018 0.9500
vn 0.0109 -0.4384 0.8987
vn 0.2246 -0.4430 0.8679
vn -0.1612 -0.4930 0.8550
vn 0.1761 -0.6028 0.7782
vn 0.4592 -0.6283 0.6280
vn 0.4028 -0.5391 0.7397
vn 0.4396 -0.3661 0.8202
vn 0.4786 -0.1427 0.8664
vn 0.4722 0.1416 0.8700
vn 0.5214 0.1143 0.8456
vn 0.6023 -0.0048 0.7982
vn 0.6139 0.1330 0.7781
vn 0.3543 0.4311 0.8298
vn 0.4003 0.2332 0.8862
vn 0.1024 0.3650 0.9254
vn -0.0591 0.3720 0.9263
vn 0.0113 0.1762 0.9843
vn -0.1889 0.4838 0.8545
vn -0.1749 0.1415 0.9744
vn -0.1359 -0.1777 0.9747
vn -0.0439 -0.0567 0.9974
vn 0.1455 -0.0144 0.9893
vn 0.3670 0.0176 0.9301
vn 0.6076 0.0769 0.7905
vn 0.5955 0.0181 0.8032
vn -0.1213 0.3027 0.9453
vn -0.3432 0.4286 0.8358
vn -0.4173 0.4693 0.7782
vn -0.4015 0.4477 0.7989
vn -0.1694 0.4735 0.8643
vn -0.0734 0.3542 0.9323
vn -0.3264 0.5180 0.7907
vn 0.0203 0.4351 0.9002
vn -0.2473 0.6235 0.7416
vn 0.2385 0.3798 0.8938
vn -0.2353 0.7287 0.6432
vn 0.5377 0.8403 0.0695
vn 0.1744 0.7489 0.6393
vn 0.3516 0.8488 0.3949
vn -0.2259 0.8519 -0.4725
vn -0.3326 0.8607 -0.3853
vn -0.3698 0.8862 -0.2790
vn -0.2114 0.8898 -0.4045
vn -0.3170 0.9199 -0.2310
vn -0.2598 0.9608 -0.0969
vn -0.0969 0.9666 -0.2373
vn -0.3115 0.9465 0.0842
vn -0.0014 0.9964 -0.0852
vn 0.2760 0.9317 -0.2361
vn 0.1302 0.9500 -0.2839
vn 0.0238 0.9110 -0.4117
vn -0.0105 0.8683 -0.4959
vn -0.1639 0.8460 -0.5073
vn -0.2247 0.8494 -0.4776
vn 0.6259 0.5360 -0.5665
vn 0.5704 0.6563 -0.4939
vn 0.2788 0.9028 -0.3275
vn 0.4558 0.8578 -0.2376
vn 0.1834 0.9740 -0.1326
vn 0.0723 0.9969 -0.0324
vn 0.2517 0.9643 0.0816
vn -0.1166 0.9926 -0.0340
vn 0.1330 0.9665 0.2196
vn 0.3501 0.8373 0.4199
vn 0.3574 0.8923 0.2758
vn 0.4493 0.8836 0.1321
vn 0.5678 0.8227 -0.0281
vn 0.6133 0.6426 -0.4593
vn 0.6272 0.5351 -0.5659
vn -0.6446 0.7030 0.3006
vn -0.7634 0.6393 0.0918
vn -0.7627 0.6402 0.0915
vn -0.6016 0.7595 0.2474
vn -0.3939 0.7614 0.5148
vn -0.4907 0.6528 0.5772
vn -0.3244 0.8528 0.4093
vn -0.3408 0.6145 0.7115
vn -0.1502 0.8499 0.5050
vn -0.3383 0.4252 0.8395
vn -0.0105 0.8687 0.4953
vn 0.6201 0.1761 0.7645
vn 0.0796 0.5975 0.7979
vn 0.3589 0.4386 0.8239
vn 0.1798 0.9775 0.1108
vn 0.2207 0.9715 0.0869
vn 0.3195 0.9447 0.0746
vn 0.2326 0.9666 0.1073
vn 0.3231 0.9254 0.1983
vn 0.4783 0.8625 0.1656
vn 0.2749 0.9107 0.3082
vn 0.4783 0.8013 0.3594
vn 0.1775 0.8708 0.4585
vn 0.1160 0.8846 0.4518
vn 0.4805 0.7391 0.4720
vn 0.7561 0.5266 0.3886
vn 0.7055 0.5702 0.4208
vn 0.6636 0.6855 0.2995
vn 0.6313 0.7524 0.1882
vn 0.7039 0.7099 0.0225
vn 0.8072 0.5869 -0.0634
vn 0.1792 0.9775 0.1112
vn 0.7342 0.6758 -0.0658
vn 0.4125 0.8913 0.1884
vn -0.3630 -0.8385 0.4064
vn 0.6200 0.7745 -0.1258
vn -0.6904 -0.5755 0.4383
vn 0.6273 0.6120 -0.4817
vn -0.6120 -0.3368 0.7156
vn 0.6115 0.2604 -0.7471
vn 0.1874 -0.4903 -0.8511
vn -0.1932 0.0971 0.9764
vn -0.9671 -0.0174 -0.2537
vn -0.8170 0.4188 -0.3965
vn -0.8197 0.5184 -0.2438
vn -0.7930 0.4913 -0.3602
vn 0.0116 0.3602 0.9328
vn -0.4969 0.7264 -0.4748
vn -0.8584 0.0175 -0.5127
vn 0.5618 -0.6904 0.4558
vn 0.6294 -0.4338 0.6447
vn 0.6542 -0.5479 0.5214
vn 0.6642 -0.4799 0.5732
vn 0.9689 -0.1796 0.1704
vn 0.9175 0.0397 0.3957
vn 0.3435 -0.6195 0.7059
vn 0.4351 -0.5202 0.7349
vn 0.4559 -0.4185 0.7855
vn 0.3202 -0.5660 0.7596
vn 0.3979 -0.3897 0.8306
vn 0.3220 -0.2812 0.9040
vn 0.1844 -0.4443 0.8767
vn 0.3430 -0.0960 0.9344
vn 0.0674 -0.3223 0.9442
vn -0.1850 -0.4977 0.8474
vn -0.0328 -0.5232 0.8516
vn 0.0906 -0.6179 0.7810
vn 0.1358 -0.6822 0.7185
vn 0.2877 -0.6618 0.6923
vn 0.3429 -0.6239 0.7023
vn -0.1484 0.8885 0.4342
vn -0.1888 0.8921 0.4105
vn -0.4531 0.8344 0.3137
vn -0.3959 0.8090 0.4345
vn -0.4892 0.7119 0.5038
vn -0.3071 0.7225 0.6194
vn -0.6437 0.6135 0.4574
vn -0.3936 0.5838 0.7101
vn -0.1202 0.4989 0.8583
vn -0.1605 0.6185 0.7692
vn -0.0959 0.7390 0.6669
vn 0.0060 0.7592 0.6508
vn -0.1618 0.9147 0.3703
vn -0.1342 0.8835 0.4488
vn 0.0390 0.6453 0.7629
vn -0.0334 0.6750 0.7371
vn -0.3991 0.5331 0.7460
vn -0.3306 0.5080 0.7954
vn -0.6039 0.2979 0.7393
vn -0.6801 0.3880 0.6220
vn -0.4775 0.2671 0.8370
vn -0.7594 0.2596 0.5966
vn -0.5292 0.1200 0.8400
vn -0.7300 0.0051 0.6834
vn -0.8535 0.1853 0.4870
vn -0.4949 -0.0325 0.8683
vn -0.7430 -0.1507 0.6521
vn -0.9370 0.0529 0.3452
vn -0.4397 -0.2816 0.8529
vn -0.3078 -0.8073 0.5035
vn -0.2368 -0.8047 0.5445
vn -0.0523 -0.6706 0.7400
vn -0.3676 -0.7718 0.5188
vn -0.1600 -0.6276 0.7619
vn -0.1451 -0.5787 0.8025
vn -0.5267 -0.6127 0.5893
vn -0.2914 -0.4367 0.8511
vn -0.2774 -0.4752 0.8350
vn -0.5887 -0.5340 0.6068
vn -0.7825 -0.5435 0.3039
vn -0.7926 -0.5231 0.3132
vn -0.7258 -0.6468 0.2342
vn -0.6842 -0.6686 0.2913
vn -0.6698 -0.7039 0.2364
vn -0.3749 -0.8179 0.4365
vn -0.3109 -0.8076 0.5011
vn -0.2232 -0.3018 -0.9269
vn -0.3360 -0.0834 0.9382
vn -0.5169 -0.5516 -0.6546
vn 0.5284 0.5033 0.6837
vn -0.6401 -0.6846 -0.3487
vn -0.4992 -0.7302 -0.4664
vn 0.2897 0.8855 0.3631
vn -0.0429 -0.9798 -0.1954
vn -0.8412 -0.4615 -0.2816
vn 0.3638 -0.8794 0.3072
vn 0.7341 0.2739 0.6213
vn 0.6792 -0.3436 0.6485
vn -0.4965 0.5744 -0.6508
vn -0.7045 0.6689 0.2373
vn -0.4052 0.8643 -0.2980
vn -0.4612 0.8015 -0.3807
vn -0.3590 0.8732 -0.3296
vn -0.2642 -0.2559 -0.9299
vn 0.2498 0.3795 0.8908
vn 0.2573 -0.9519 0.1661
vn -0.3646 0.8915 -0.2688
vn -0.2255 0.3688 0.9017
vn -0.1830 0.3021 0.9355
vn 0.0297 0.1788 0.9834
vn 0.0134 0.2510 0.9679
vn 0.2707 0.1212 0.9550
vn 0.2031 -0.0585 0.9774
vn 0.2470 0.2867 0.9256
vn 0.3796 -0.0732 0.9222
vn 0.3460 0.2815 0.8950
vn 0.5524 0.1406 0.8216
vn 0.5401 -0.1556 0.8271
vn 0.3926 0.3836 0.8359
vn 0.6563 0.2015 0.7271
vn 0.6909 -0.2117 0.6912
vn 0.4941 0.5485 0.6746
vn 0.7505 0.3025 -0.5876
vn 0.7174 0.3779 -0.5852
vn 0.6950 0.6513 -0.3047
vn 0.7510 0.5835 -0.3091
vn 0.6737 0.7389 -0.0060
vn 0.5481 0.8343 -0.0590
vn 0.7835 0.6208 -0.0282
vn 0.5179 0.8507 0.0901
vn 0.7844 0.6071 0.1272
vn 0.6121 0.7269 0.3114
vn 0.4015 0.8950 0.1943
vn 0.8188 0.5156 0.2524
vn 0.5827 0.6713 0.4580
vn 0.2552 0.9027 0.3465
vn 0.8134 0.3611 0.4560
vn 0.9728 -0.2303 0.0245
vn 0.9953 -0.0968 -0.0029
vn 0.9993 0.0116 0.0368
vn 0.9792 -0.1830 0.0878
vn 0.9932 0.0200 0.1150
vn 0.9653 0.0956 0.2432
vn 0.9500 -0.1136 0.2910
vn 0.9174 0.2721 0.2905
vn 0.8919 -0.0461 0.4498
vn 0.7741 -0.3327 0.5385
vn 0.8614 -0.2853 0.4202
vn 0.9082 -0.3268 0.2613
vn 0.9104 -0.3756 0.1736
vn 0.9543 -0.2950 0.0481
vn 0.9717 -0.2352 0.0216
vn -0.4068 -0.7726 0.4874
vn -0.7113 -0.4251 0.5598
vn -0.4777 -0.3649 0.7992
vn -0.1399 -0.5284 0.8374
vn -0.1886 -0.3450 0.9195
vn -0.0580 -0.5012 0.8634
vn 0.0933 -0.4985 0.8618
vn 0.0298 -0.3126 0.9494
vn 0.2311 -0.5918 0.7723
vn 0.2079 -0.2768 0.9382
vn 0.1566 0.0377 0.9869
vn 0.0664 -0.0874 0.9940
vn -0.0968 -0.1373 0.9858
vn -0.1961 -0.1323 0.9716
vn -0.5060 -0.2912 0.8119
vn -0.8210 -0.1536 0.5498
vn -0.1295 0.7961 0.5911
vn -0.1685 0.7759 0.6079
vn -0.3434 0.5861 0.7339
vn -0.2130 0.6157 0.7587
vn -0.1624 0.5044 0.8480
vn 0.0082 0.6205 0.7842
vn -0.2286 0.3396 0.9124
vn 0.0965 0.4808 0.8715
vn 0.3773 0.5624 0.7358
vn 0.2378 0.6286 0.7404
vn 0.1382 0.7402 0.6580
vn 0.1659 0.8002 0.5763
vn -0.1960 0.7991 0.5684
vn -0.1093 0.8013 0.5881
vn 0.9650 0.1769 0.1937
vn 0.9178 -0.3748 0.1311
vn 0.8556 -0.2611 0.4471
vn 0.8083 0.0337 0.5878
vn 0.7323 0.0255 0.6805
vn 0.6999 -0.1337 0.7016
vn 0.6658 0.1297 0.7348
vn 0.5480 -0.0437 0.8353
vn 0.5657 0.2951 0.7700
vn 0.4491 0.0068 0.8935
vn 0.3116 -0.2590 0.9142
vn 0.4700 -0.2589 0.8438
vn 0.5870 -0.2671 0.7642
vn 0.6497 -0.3580 0.6706
vn 0.8151 -0.3207 0.4824
vn 0.8103 -0.5755 0.1103
vn 0.8732 0.4590 -0.1637
vn 0.8558 0.5072 -0.1017
vn 0.8559 0.4447 0.2641
vn 0.8773 0.4303 0.2125
vn 0.6820 0.5045 0.5294
vn 0.8922 0.2670 0.3643
vn 0.8163 0.4492 0.3632
vn 0.6939 0.5803 0.4263
vn 0.9155 0.3190 0.2450
vn 0.7958 0.5912 0.1314
vn 0.6176 0.7400 0.2665
vn 0.9374 0.3435 0.0573
vn 0.7845 0.6194 -0.0314
vn 0.4246 0.9027 0.0704
vn 0.9496 0.2689 -0.1611
vn 0.7692 -0.3547 0.5315
vn 0.5642 -0.1072 0.8187
vn 0.1535 -0.3758 0.9139
vn -0.2122 -0.2750 0.9377
vn 0.3402 -0.2086 0.9169
vn 0.1788 -0.1660 0.9698
vn 0.4412 -0.1921 0.8766
vn 0.6451 -0.0282 0.7636
vn 0.1559 -0.1048 0.9822
vn 0.6610 -0.2098 0.7204
vn 0.1616 -0.2267 0.9605
vn 0.3838 -0.4677 0.7962
vn 0.6770 -0.4446 0.5866
vn 0.0497 -0.4038 0.9135
vn 0.2650 -0.5775 0.7722
vn 0.7268 -0.6157 0.3045
vn -0.2219 -0.4637 0.8578
vn 0.5892 -0.7301 0.3462
vn 0.6532 -0.6870 0.3183
vn 0.8316 -0.4457 0.3313
vn 0.5567 -0.7230 0.4091
vn 0.7780 -0.4523 0.4361
vn 0.7946 -0.3945 0.4615
vn 0.4645 -0.6417 0.6103
vn 0.6993 -0.3270 0.6356
vn 0.7107 -0.3575 0.6059
vn 0.4137 -0.5978 0.6867
vn 0.0946 -0.7584 0.6449
vn 0.0878 -0.7433 0.6631
vn 0.1138 -0.8373 0.5347
vn 0.1867 -0.8252 0.5331
vn 0.1672 -0.8611 0.4802
vn 0.5107 -0.7839 0.3531
vn 0.5860 -0.7323 0.3469
vn -0.5504 0.2793 0.7868
vn -0.5721 0.2005 0.7953
vn -0.5028 -0.0844 0.8603
vn -0.4923 0.3109 0.8130
vn -0.4177 -0.0183 0.9084
vn -0.3747 -0.0645 0.9249
vn -0.2755 0.3611 0.8909
vn -0.1811 -0.0095 0.9834
vn -0.2236 -0.0019 0.9747
vn -0.1770 0.3801 0.9079
vn -0.1417 0.6827 0.7168
vn -0.1181 0.6806 0.7231
vn -0.2664 0.6999 0.6627
vn -0.2965 0.6460 0.7034
vn -0.3406 0.6702 0.6594
vn -0.5405 0.3690 0.7561
vn -0.5497 0.2830 0.7859
vn -0.5505 -0.7923 -0.2630
vn 0.5331 0.6764 0.5082
vn -0.6300 -0.7059 -0.3238
vn -0.5826 -0.8007 -0.1392
vn 0.4896 0.8203 0.2957
vn -0.5254 -0.8499 0.0410
vn 0.5371 0.8431 -0.0263
vn 0.4108 -0.8755 -0.2545
vn 0.9428 -0.3331 0.0164
vn 0.6233 -0.7337 -0.2705
vn 0.7660 -0.5878 -0.2604
vn 0.8641 -0.4452 -0.2349
vn -0.8693 0.3652 0.3331
vn -0.8134 0.5435 0.2074
vn -0.7066 0.6635 0.2461
vn -0.8836 0.3732 0.2827
vn -0.7603 0.6046 0.2372
vn -0.2629 0.9319 -0.2498
vn 0.3331 -0.8137 0.4763
vn -0.2467 0.9057 -0.3446
vn 0.4004 -0.8305 0.3872
vn -0.2399 0.9666 -0.0899
vn 0.3226 -0.9439 0.0707
vn 0.0612 0.9947 0.0830
vn -0.8854 0.3810 0.2661
vn -0.7307 -0.3395 0.5923
vn -0.7625 -0.3467 0.5462
vn -0.9158 0.1271 0.3811
vn -0.0771 -0.9333 0.3506
vn -0.8106 -0.1993 0.5507
vn -0.1159 -0.8953 0.4300
vn 0.9033 0.3094 -0.2973
vn 0.9003 0.1329 -0.4145
vn 0.8898 0.1610 -0.4270
vn 0.9206 0.2585 -0.2928
vn 0.2630 0.9049 -0.3346
vn 0.7985 -0.5004 -0.3347
vn 0.5870 -0.7618 0.2740
vn 0.5868 -0.7618 0.2747
vn 0.4434 -0.8699 0.2163
vn 0.4869 -0.8677 -0.1003
vn 0.4315 -0.8885 0.1563
vn 0.7604 -0.6463 0.0636
vn 0.7098 -0.6528 0.2645
vn 0.8656 -0.4930 0.0878
vn 0.9098 -0.4074 0.0788
vn 0.8438 -0.3993 0.3586
vn 0.9684 -0.2471 -0.0338
vn 0.9083 -0.2675 0.3217
vn 0.7067 -0.2572 0.6591
vn 0.6789 -0.4191 0.6029
vn 0.7168 -0.4767 0.5089
vn 0.6247 -0.6411 0.4459
vn 0.3937 -0.8189 0.4176
vn 0.4197 -0.8570 0.2990
vn 0.5862 -0.7619 0.2756
vn 0.6569 0.1616 -0.7364
vn 0.6041 0.0758 -0.7933
vn 0.6019 0.0777 -0.7948
vn 0.6992 0.0875 -0.7095
vn 0.7570 0.2215 -0.6147
vn 0.6490 0.3213 -0.6896
vn 0.8083 0.0584 -0.5858
vn 0.6895 0.4055 -0.6001
vn 0.8710 0.1177 -0.4770
vn 0.8453 0.3773 -0.3783
vn 0.6535 0.5451 -0.5251
vn 0.9381 0.0959 -0.3329
vn 0.8768 0.4224 -0.2299
vn 0.6050 0.6964 -0.3860
vn 0.9929 0.0837 -0.0841
vn 0.4967 0.4492 0.7426
vn 0.5733 0.3345 0.7479
vn 0.6587 0.2719 0.7015
vn 0.5607 0.4486 0.6959
vn 0.7003 0.3071 0.6445
vn 0.7925 0.3113 0.5245
vn 0.6875 0.4990 0.5275
vn 0.8880 0.1857 0.4207
vn 0.7719 0.5188 0.3675
vn 0.5788 0.7637 0.2860
vn 0.5999 0.6833 0.4161
vn 0.5233 0.6401 0.5625
vn 0.4511 0.6305 0.6317
vn 0.4600 0.5086 0.7278
vn 0.4917 0.4512 0.7447
vn 0.7820 0.1584 -0.6028
vn 0.7191 0.2444 -0.6505
vn 0.8890 0.0122 -0.4577
vn 0.6424 0.3093 -0.7012
vn 0.6953 0.3065 -0.6501
vn 0.8895 0.1516 -0.4311
vn 0.6438 0.3685 -0.6706
vn 0.4110 0.2936 -0.8631
vn 0.9075 0.1661 -0.3857
vn 0.9929 -0.1112 0.0422
vn 0.9995 -0.0065 -0.0295
vn 0.9910 -0.0187 -0.1327
vn 0.9799 -0.1640 -0.1137
vn 0.9654 -0.2508 -0.0713
vn 0.9439 -0.1416 -0.2983
vn 0.4529 0.8710 0.1903
vn 0.2937 0.8903 0.3480
vn 0.2324 0.7764 0.5859
vn 0.4817 0.6930 0.5364
vn 0.2502 0.8762 0.4119
vn 0.4587 0.8011 0.3844
vn 0.6640 0.5576 0.4982
vn 0.6760 0.4653 0.5715
vn 0.5746 0.7539 0.3186
vn 0.3691 0.9256 0.0841
vn 0.3396 0.9084 0.2439
vn 0.2879 0.9266 0.2419
vn 0.1684 0.9500 0.2628
vn 0.2793 0.9126 0.2986
vn 0.4612 0.8627 0.2075
vn 0.6669 0.7204 -0.1905
vn 0.8310 0.4353 -0.3462
vn 0.8604 0.4976 -0.1101
vn 0.5741 0.7929 0.2043
vn 0.6132 0.6892 0.3859
vn 0.8334 0.4692 0.2919
vn 0.5224 0.7473 0.4107
vn 0.3855 0.9034 0.1876
vn 0.8038 0.4041 0.4367
vn 0.9224 -0.0962 0.3740
vn 0.9027 -0.0188 0.4299
vn 0.9128 0.0920 0.3980
vn 0.9800 0.0986 0.1729
vn 0.9323 0.3526 -0.0799
vn 0.8773 0.2705 -0.3964
vn -0.0481 -0.2754 0.9601
vn 0.0033 -0.3965 0.9180
vn 0.0960 -0.4567 0.8844
vn 0.0310 -0.2806 0.9593
vn 0.1656 -0.4203 0.8921
vn 0.3123 -0.3970 0.8630
vn 0.2369 -0.2142 0.9476
vn 0.4455 -0.4785 0.7567
vn 0.4030 -0.1554 0.9019
vn 0.3135 0.1522 0.9373
vn 0.2458 0.0171 0.9692
vn 0.0931 -0.0553 0.9941
vn -0.0067 -0.0654 0.9978
vn -0.0649 -0.2080 0.9760
vn -0.0532 -0.2729 0.9606
vn 0.1109 0.9676 -0.2268
vn 0.3457 0.9310 -0.1170
vn 0.3788 0.9172 0.1234
vn 0.1681 0.9853 -0.0305
vn 0.4052 0.9092 -0.0957
vn 0.1431 0.9851 0.0954
vn 0.1933 0.9593 0.2057
vn 0.3856 0.9221 -0.0331
vn 0.3811 0.8576 0.3454
vn 0.5592 0.8286 0.0286
vn 0.6336 0.7235 -0.2739
vn 0.4290 0.8450 -0.3192
vn 0.3259 0.8975 -0.2971
vn 0.3245 0.9138 -0.2443
vn 0.3659 0.9149 -0.1706
vn 0.1108 0.9672 -0.2284
vn -0.0764 0.9162 0.3933
vn -0.0766 0.9168 0.3920
vn -0.0455 0.7945 0.6056
vn -0.0052 0.6920 0.7219
vn 0.1925 0.6208 0.7600
vn 0.1067 0.8357 0.5386
vn 0.1948 0.5030 0.8420
vn 0.3681 0.3059 0.8780
vn 0.4145 0.6042 0.6806
vn 0.3639 0.0125 0.9314
vn 0.4997 0.2667 0.8241
vn 0.6034 0.5647 0.5631
vn 0.3759 0.8529 0.3624
vn 0.2379 0.9178 0.3179
vn -0.0475 0.9613 0.2715
vn -0.0929 0.9323 0.3497
vn -0.0769 0.9173 0.3907
vn 0.5005 0.8060 -0.3159
vn 0.5190 0.7946 -0.3150
vn 0.7685 0.5991 -0.2248
vn 0.5520 0.7729 -0.3129
vn 0.4788 0.8327 -0.2781
vn 0.6622 0.7289 -0.1734
vn 0.4548 0.8760 -0.1607
vn 0.3223 0.9409 -0.1040
vn 0.5547 0.8319 0.0136
vn 0.0405 0.9648 -0.2599
vn 0.2974 0.9543 -0.0284
vn 0.5884 0.7589 0.2791
vn 0.6084 0.7413 0.2835
vn 0.7449 0.6589 0.1049
vn 0.8365 0.5406 -0.0898
vn 0.8871 0.4245 -0.1814
vn 0.8745 0.4464 -0.1896
vn 0.9084 0.3988 -0.1251
vn 0.6884 0.6315 -0.3568
vn 0.7570 0.6141 -0.2233
vn 0.7876 0.5857 0.1911
vn 0.8842 0.4632 0.0604
vn 0.8180 0.4431 0.3669
vn 0.7837 0.3731 0.4966
vn 0.8958 0.2322 0.3789
vn 0.6600 0.3979 0.6372
vn 0.8486 0.1209 0.5150
vn 0.9293 -0.1389 0.3421
vn 0.9471 0.0131 0.3208
vn 0.9711 0.1309 0.1996
vn 0.9700 0.2420 0.0233
vn 0.7808 0.5716 -0.2523
vn 0.6887 0.6305 -0.3581
vn 0.0922 -0.2725 0.9577
vn -0.1251 -0.1540 0.9801
vn -0.1243 -0.1531 0.9804
vn 0.1266 -0.1922 0.9732
vn 0.3991 -0.3492 0.8478
vn 0.3041 -0.4740 0.8264
vn 0.4452 -0.2022 0.8723
vn 0.4505 -0.5488 0.7042
vn 0.6087 -0.2231 0.7614
vn 0.4108 -0.7205 0.5587
vn 0.7094 -0.1575 0.6870
vn 0.8905 -0.3845 -0.2432
vn 0.7695 -0.4760 0.4259
vn 0.8853 -0.4476 0.1263
vn 0.5284 0.8053 -0.2688
vn 0.5631 0.7065 -0.4288
vn 0.6771 0.5157 -0.5249
vn 0.5751 0.7805 -0.2452
vn 0.6606 0.6153 -0.4301
vn 0.8167 0.5699 -0.0906
vn 0.8691 0.4337 -0.2377
vn 0.8863 0.4609 0.0452
vn 0.9022 0.4122 0.1272
vn 0.9754 0.2106 -0.0644
vn 0.8660 0.3793 0.3258
vn 0.9859 0.1500 0.0738
vn 0.9696 -0.1156 -0.2157
vn 0.9531 0.0349 -0.3008
vn 0.9534 0.1456 -0.2644
vn 0.8790 0.2906 -0.3781
vn 0.7299 0.3894 -0.5619
vn 0.6612 0.4207 -0.6211
vn 0.7419 0.2061 -0.6380
vn 0.2907 0.9307 0.2219
vn -0.0324 0.2035 0.9785
vn 0.4755 0.7440 0.4695
vn -0.1591 0.3514 0.9226
vn 0.1177 0.5102 0.8520
vn -0.3010 0.3059 0.9032
vn -0.0585 0.0838 0.9948
vn 0.2049 0.4336 0.8775
vn 0.3235 0.3013 0.8970
vn 0.5884 0.5070 0.6299
vn 0.4500 0.6128 0.6496
vn 0.3865 0.6795 0.6237
vn 0.4174 0.6680 0.6161
vn 0.4806 0.6270 0.6131
vn 0.4890 0.8201 0.2972
vn 0.2897 0.9326 0.2153
vn 0.6588 -0.5776 -0.4821
vn 0.6877 -0.6888 -0.2293
vn 0.6872 -0.7147 -0.1305
vn 0.6795 -0.7153 -0.1633
vn 0.7676 -0.5542 -0.3219
vn 0.7064 -0.5247 -0.4750
vn 0.7502 -0.6401 -0.1658
vn 0.7791 -0.4200 -0.4654
vn 0.8352 -0.5356 -0.1252
vn 0.7619 -0.2411 -0.6011
vn 0.8877 -0.4602 -0.0136
vn 0.8610 0.5070 0.0405
vn 0.9690 -0.1144 -0.2187
vn 0.9799 0.1769 -0.0917
vn 0.5153 0.1652 0.8409
vn 0.5440 0.0302 0.8385
vn 0.6068 -0.0554 0.7929
vn 0.5807 0.1449 0.8011
vn 0.6658 -0.0335 0.7454
vn 0.7692 -0.0536 0.6367
vn 0.7395 0.1587 0.6542
vn 0.8268 -0.1963 0.5271
vn 0.8469 0.1593 0.5073
vn 0.7683 0.4647 0.4403
vn 0.7406 0.3713 0.5601
vn 0.6337 0.3472 0.6912
vn 0.5540 0.3593 0.7510
vn 0.5049 0.2351 0.8306
vn 0.5111 0.1687 0.8428
vn 0.3296 0.8895 0.3164
vn 0.4590 0.8178 0.3472
vn 0.7034 0.5132 0.4917
vn 0.7305 0.6069 0.3131
vn 0.8359 0.3365 0.4336
vn 0.8819 0.1923 0.4304
vn 0.9310 0.2764 0.2386
vn 0.8475 0.0353 0.5297
vn 0.9737 0.1031 0.2030
vn 0.9804 0.1607 -0.1140
vn 0.9679 0.2512 0.0105
vn 0.9125 0.4044 0.0615
vn 0.8079 0.5828 0.0871
vn 0.4687 0.8332 0.2934
vn 0.3293 0.8902 0.3149
vn 0.6515 -0.6189 0.4388
vn 0.4857 -0.6123 0.6238
vn 0.4865 -0.6114 0.6241
vn 0.6855 -0.5478 0.4796
vn 0.8360 -0.5192 0.1776
vn 0.7512 -0.6460 0.1353
vn 0.8824 -0.3937 0.2577
vn 0.7992 -0.5982 -0.0580
vn 0.9490 -0.3007 0.0951
vn 0.6871 -0.6871 -0.2362
vn 0.9836 -0.1769 0.0366
vn 0.5859 0.1233 -0.8010
vn 0.8884 -0.2966 -0.3505
vn 0.8030 -0.0962 -0.5882
vn 0.3796 0.0142 -0.9251
vn 0.4033 0.1485 -0.9030
vn 0.4693 0.2289 -0.8528
vn 0.4497 0.0317 -0.8926
vn 0.5359 0.2031 -0.8195
vn 0.6462 0.2077 -0.7344
vn 0.6280 0.0056 -0.7782
vn 0.7223 0.3211 -0.6126
vn 0.7251 0.3522 -0.5918
vn 0.7599 -0.0201 -0.6497
vn 0.7045 -0.3321 -0.6272
vn 0.6545 -0.2216 -0.7229
vn 0.5272 -0.1826 -0.8299
vn 0.4394 -0.1894 -0.8781
vn 0.3736 -0.0569 -0.9259
vn 0.3753 0.0108 -0.9268
vn 0.8215 0.5388 0.1865
vn 0.5402 0.7943 0.2780
vn -0.0011 0.9626 0.2709
vn -0.0352 -0.9362 -0.3498
vn -0.7739 0.5604 0.2951
vn 0.4711 -0.6752 -0.5676
vn -0.3756 -0.8442 -0.3824
vn 0.1739 -0.4507 0.8756
vn 0.1611 -0.4145 0.8957
vn 0.7256 -0.4536 -0.5174
vn 0.3351 -0.4193 0.8438
vn -0.3428 -0.4357 0.8322
vn -0.3968 0.0843 -0.9140
vn -0.0987 0.3307 -0.9385
vn -0.1209 0.1662 -0.9786
vn 0.0661 0.6936 -0.7173
vn 0.1452 0.7723 -0.6184
vn 0.8204 0.0629 -0.5683
vn 0.8114 0.1086 -0.5743
vn 0.7643 0.3861 -0.5166
vn 0.8418 0.2947 -0.4523
vn 0.8774 0.3579 -0.3195
vn 0.9380 0.1508 -0.3123
vn 0.8282 0.5135 -0.2243
vn 0.9707 0.1990 -0.1347
vn 0.9928 -0.1102 -0.0461
vn 0.9824 -0.0389 -0.1827
vn 0.9363 -0.0638 -0.3452
vn 0.9081 -0.1553 -0.3888
vn 0.7814 0.0959 -0.6166
vn 0.8272 0.0447 -0.5601
vn -0.3326 0.8638 0.3785
vn -0.5920 0.7835 0.1888
vn -0.8231 0.4759 0.3098
vn -0.7576 0.6380 -0.1377
vn -0.6355 0.6503 -0.4161
vn -0.7495 0.4841 -0.4515
vn -0.5533 0.5674 -0.6098
vn -0.3008 0.9531 0.0321
vn -0.5830 0.7933 -0.1755
vn 0.9796 -0.1266 0.1560
vn -0.9901 0.1321 -0.0479
vn -0.9316 -0.0544 -0.3594
vn -0.8406 -0.0545 -0.5389
vn -0.9226 0.1927 -0.3341
vn -0.8475 0.3071 -0.4329
vn -0.9062 0.1681 -0.3879
vn -0.3540 0.6434 0.6788
vn -0.5265 0.6892 0.4979
vn -0.8458 0.3603 -0.3933
vn -0.7924 0.3306 -0.5127
vn -0.8059 0.4492 -0.3857
vn -0.6261 0.5497 -0.5529
vn -0.6693 0.5005 -0.5491
vn -0.3265 0.7221 -0.6099
vn -0.4993 0.6678 -0.5520
vn -0.0778 0.4641 -0.8824
vn -0.1450 0.3201 -0.9362
vn -0.0415 0.5300 -0.8470
vn 0.2002 0.5632 -0.8017
vn 0.9054 -0.3715 0.2055
vn 0.6228 -0.7612 -0.1808
vn 0.2823 -0.9590 -0.0238
vn 0.6928 -0.7145 0.0975
vn 0.6898 -0.5858 0.4254
vn 0.4932 -0.7067 0.5072
vn 0.2874 -0.8173 0.4994
vn 0.8682 0.3590 -0.3427
vn 0.6990 -0.3390 0.6296
vn 0.9472 0.0866 0.3089
vn 0.9992 0.0129 -0.0376
vn 0.3208 0.9426 0.0928
vn 0.7144 0.6714 0.1970
vn 0.8143 -0.2592 0.5193
vn 0.6605 -0.2653 0.7024
vn 0.8894 -0.3273 0.3193
vn 0.7120 -0.2756 0.6458
vn 0.1930 -0.7328 0.6525
vn -0.0698 -0.5543 0.8294
vn -0.2516 -0.3991 0.8817
vn -0.4787 -0.5214 0.7064
vn 0.6821 -0.5008 0.5328
vn 0.6213 -0.5910 0.5145
vn 0.7570 -0.4218 0.4990
vn 0.8320 -0.2173 0.5104
vn 0.8969 -0.4159 0.1500
vn 0.9710 -0.1852 0.1515
vn 0.6415 -0.5929 0.4867
vn 0.8869 -0.2710 0.3741
vn 0.5775 -0.5733 0.5812
vn 0.5008 -0.6735 0.5438
vn 0.5754 0.7758 -0.2587
vn -0.6469 -0.6183 0.4464
vn 0.6915 0.5622 -0.4536
vn -0.5596 -0.6560 0.5065
vn -0.7638 -0.5540 0.3313
vn 0.5487 0.8336 -0.0642
vn -0.7390 -0.6704 0.0671
vn 0.5754 0.7514 0.3229
vn -0.7210 -0.6921 -0.0331
vn -0.4105 0.7175 0.5627
vn 0.2470 -0.0911 -0.9647
vn 0.3387 -0.0445 -0.9399
vn -0.4356 0.3126 0.8441
vn 0.7624 -0.0595 -0.6443
vn -0.1848 0.4642 0.8663
vn 0.6393 0.3946 -0.6600
vn 0.8766 -0.1705 0.4500
vn 0.1861 -0.9787 0.0870
vn 0.3062 0.8999 0.3107
vn 0.2772 -0.9471 -0.1618
vn 0.6752 -0.7341 0.0715
vn -0.5985 0.1899 0.7783
vn -0.1870 -0.9417 -0.2797
vn -0.6633 -0.7446 0.0742
vn 0.6357 0.6338 -0.4407
vn -0.8456 -0.4406 0.3013
vn 0.7386 0.5713 -0.3578
vn -0.2592 -0.9606 0.0998
vn -0.8698 -0.3824 0.3116
vn 0.8042 0.4517 -0.3863
vn 0.8066 0.1091 -0.5809
vn -0.7909 -0.2003 0.5782
vn 0.9652 -0.1454 -0.2173
vn -0.9683 0.1320 0.2121
vn -0.9366 0.3294 -0.1194
vn 0.9580 -0.0201 -0.2859
vn 0.4891 0.2217 -0.8436
vn 0.0218 0.1265 0.9917
vn 0.4848 0.5006 -0.7172
vn -0.4828 -0.6057 0.6325
vn 0.6022 0.3328 -0.7256
vn -0.8433 -0.2725 0.4633
vn 0.9274 -0.2361 0.2902
vn -0.9019 -0.0517 0.4289
vn 0.9707 0.2031 -0.1286
vn 0.9874 0.1327 -0.0865
vn -0.8156 -0.4984 0.2939
vn 0.9807 0.0115 -0.1953
vn -0.1386 -0.7456 -0.6518
vn 0.2616 -0.7295 -0.6320
vn -0.0388 -0.8930 -0.4485
vn 0.3549 -0.8316 -0.4273
vn -0.4723 -0.8012 0.3674
vn -0.0948 -0.7098 -0.6980
vn -0.1001 -0.8634 -0.4944
vn -0.3183 -0.8834 -0.3438
vn 0.0824 -0.8247 -0.5596
vn -0.4454 -0.8219 -0.3551
vn 0.6068 0.6766 -0.4172
vn 0.4040 0.8420 0.3574
vn 0.3517 0.7833 0.5126
vn 0.5182 0.8248 0.2262
vn 0.2506 0.7818 0.5710
vn -0.2212 0.7690 0.5997
vn -0.4980 0.6770 0.5420
vn -0.0729 0.7803 0.6211
vn -0.2352 0.4854 0.8421
vn -0.0310 0.9833 -0.1795
vn -0.0019 -0.9904 0.1379
vn 0.0294 -0.9662 0.2562
vn -0.2503 0.9679 -0.0239
vn -0.1829 -0.9709 0.1547
vn -0.2954 -0.9542 0.0466
vn 0.8925 0.3836 0.2373
vn 0.4221 0.8896 0.1742
vn -0.0288 -0.8186 0.5736
vn 0.5462 0.8366 -0.0424
vn 0.3512 0.1653 -0.9216
vn 0.1972 -0.2227 -0.9547
vn 0.5160 0.3491 -0.7822
vn 0.5828 -0.3850 -0.7157
vn 0.2928 -0.4540 -0.8415
vn 0.2791 -0.3813 -0.8813
vn 0.2398 -0.3051 -0.9216
vn 0.1964 -0.5978 -0.7772
vn -0.2500 0.5573 0.7918
vn 0.0316 0.5321 0.8461
vn -0.5725 0.5470 0.6108
vn -0.5342 -0.0253 0.8450
vn -0.4500 -0.0839 0.8891
vn -0.3122 0.0295 0.9495
vn -0.2190 -0.2495 0.9433
vn -0.2258 0.7282 0.6471
vn -0.3367 0.7010 0.6287
vn -0.3369 0.6988 0.6310
vn -0.2496 0.7779 0.5766
vn -0.0783 0.7954 0.6010
vn -0.0842 0.6850 0.7236
vn -0.1610 0.8691 0.4677
vn 0.0446 0.6953 0.7174
vn -0.0314 0.9022 0.4303
vn 0.2109 0.8159 0.5383
vn 0.1844 0.6239 0.7595
vn 0.0661 0.9480 0.3114
vn 0.3498 0.8148 0.4624
vn 0.3725 0.5280 0.7632
vn 0.2379 0.9634 0.1235
vn 0.8750 -0.4825 -0.0397
vn 0.8757 -0.4732 -0.0957
vn 0.8925 -0.3844 -0.2359
vn 0.9059 -0.4203 -0.0523
vn 0.9222 -0.3133 -0.2265
vn 0.9554 -0.1783 -0.2356
vn 0.9746 -0.2216 -0.0312
vn 0.9353 -0.0384 -0.3518
vn 0.9235 -0.0212 -0.3830
vn 0.9993 -0.0379 0.0017
vn 0.9343 -0.0540 0.3523
vn 0.9488 -0.0533 0.3115
vn 0.9681 -0.1674 0.1863
vn 0.9348 -0.3176 0.1591
vn 0.8996 -0.4087 0.1542
vn 0.8722 -0.4891 0.0032
vn 0.8744 -0.4836 -0.0398
vn -0.1278 0.9877 -0.0897
vn 0.1271 0.9759 -0.1772
vn 0.0236 0.9730 -0.2295
vn -0.3824 0.8905 -0.2467
vn -0.3013 0.8797 -0.3679
vn -0.5118 0.8326 -0.2117
vn -0.2760 0.8924 -0.3571
vn -0.4470 0.8935 0.0440
vn -0.1358 0.9903 -0.0279
vn -0.0390 0.7708 -0.6359
vn -0.2517 0.7698 -0.5865
vn -0.1701 0.8552 -0.4896
vn 0.1919 0.9058 -0.3778
vn 0.3409 0.8824 -0.3243
vn 0.0472 0.9835 -0.1745
vn 0.8397 0.2549 0.4794
vn 0.8504 0.2385 0.4690
vn 0.7566 0.3844 0.5290
vn 0.8240 0.4513 0.3426
vn 0.9101 0.3227 0.2601
vn 0.7698 0.2872 0.5700
vn 0.8385 0.4833 0.2515
vn 0.7112 0.6599 0.2423
vn 0.6874 0.3886 0.6136
vn 0.7073 0.6739 0.2134
vn 0.6047 0.5606 0.5658
vn 0.4190 0.3744 0.8272
vn 0.3539 0.3116 0.8818
vn 0.4946 0.1704 0.8523
vn 0.5981 0.0708 0.7983
vn 0.5815 0.2480 0.7748
vn 0.7337 0.3570 0.5781
vn 0.8242 0.2466 0.5098
vn 0.6701 -0.6729 0.3135
vn 0.5739 -0.8127 0.1005
vn 0.5693 -0.8152 0.1063
vn 0.6034 -0.7133 0.3565
vn 0.6752 -0.4909 0.5505
vn 0.7767 -0.4507 0.4399
vn 0.5488 -0.5676 0.6138
vn 0.7964 -0.3102 0.5191
vn 0.5291 -0.4458 0.7220
vn 0.6609 -0.2014 0.7230
vn 0.8499 -0.1574 0.5028
vn 0.4323 -0.3729 0.8210
vn 0.6047 -0.0692 0.7934
vn 0.8676 0.0527 0.4945
vn 0.2748 -0.2092 0.9385
vn -0.0504 0.9917 0.1185
vn -0.2854 0.8804 0.3788
vn -0.0980 0.8029 0.5880
vn 0.0552 0.9310 0.3608
vn 0.3001 0.6673 0.6817
vn 0.4428 0.7464 0.4968
vn 0.3541 0.6060 0.7123
vn 0.3239 0.5671 0.7573
vn 0.5958 0.6027 0.5308
vn 0.4462 0.4636 0.7655
vn 0.6493 0.5127 0.5617
vn 0.7992 0.5109 0.3168
vn 0.7471 0.6341 0.1995
vn 0.6747 0.6766 0.2950
vn 0.5662 0.7761 0.2776
vn 0.3394 0.9352 0.1011
vn 0.0410 0.9987 0.0316
vn -0.0600 0.9932 0.0996
vn -0.7897 0.4388 0.4287
vn -0.6880 0.4819 0.5426
vn -0.5935 0.2835 0.7532
vn -0.5297 0.4835 0.6969
vn -0.5001 0.2511 0.8288
vn -0.4763 0.2485 0.8435
vn -0.3494 0.5061 0.7885
vn -0.3299 0.0232 0.9437
vn -0.1627 0.2265 0.9603
vn -0.1215 0.7638 0.6339
vn -0.3076 0.7612 0.5709
vn -0.3762 0.6952 0.6125
vn -0.4717 0.6412 0.6053
vn -0.6368 0.5509 0.5394
vn -0.7890 0.4575 0.4101
vn 0.7389 -0.5178 0.4312
vn 0.7487 -0.5038 0.4309
vn 0.7672 -0.5365 0.3515
vn 0.8142 0.1423 -0.5629
vn 0.9124 0.2376 0.3333
vn 0.5926 -0.0817 0.8013
vn 0.8230 0.0571 0.5652
vn 0.4894 0.0800 0.8684
vn 0.9011 0.0538 0.4303
vn 0.4826 0.1238 0.8670
vn 0.4609 0.2764 0.8433
vn 0.8562 0.0721 0.5115
vn 0.8438 0.2745 0.4612
vn 0.7191 0.4032 0.5659
vn 0.8110 0.5118 0.2835
vn 0.3952 0.8949 0.2074
vn 0.3458 0.9036 0.2529
vn 0.7491 0.5481 0.3720
vn 0.3042 0.8927 0.3326
vn 0.6787 0.5451 0.4921
vn 0.0780 0.9174 0.3903
vn 0.6026 0.4407 0.6654
vn 0.2746 0.6718 0.6879
vn 0.0975 0.5233 0.8465
vn 0.7652 -0.5403 0.3500
vn 0.8612 0.4174 0.2900
vn 0.5672 0.7620 0.3124
vn 0.4926 0.7475 0.4457
vn 0.9668 0.1319 0.2189
vn 0.7402 0.0291 0.6717
vn 0.6739 0.2409 0.6984
vn 0.5499 0.4044 0.7308
vn 0.8203 -0.5674 0.0715
vn 0.8777 -0.4792 0.0076
vn 0.9585 -0.1139 0.2612
vn 0.9832 -0.0014 0.1823
vn 0.8934 0.3837 0.2338
vn 0.9212 0.2000 0.3337
vn 0.7597 0.4527 0.4669
vn 0.6450 0.5290 0.5514
vn 0.6919 0.3370 0.6385
vn 0.5280 0.6702 0.5216
vn 0.5433 0.3853 0.7459
vn 0.5032 0.0872 0.8598
vn 0.6106 0.1583 0.7759
vn 0.7514 0.1118 0.6503
vn 0.8796 0.0328 0.4746
vn 0.9748 -0.0457 0.2183
vn 0.9617 -0.0898 0.2589
vn 0.2053 0.6172 0.7596
vn 0.2108 0.6645 0.7170
vn 0.2127 0.6647 0.7162
vn 0.2726 0.6494 0.7099
vn 0.3002 0.5369 0.7884
vn 0.1468 0.5148 0.8447
vn 0.4032 0.6182 0.6747
vn 0.1973 0.4057 0.8925
vn 0.4885 0.5126 0.7061
vn 0.4370 0.2819 0.8541
vn 0.1607 0.2591 0.9524
vn 0.6163 0.4263 0.6621
vn 0.5176 0.1461 0.8431
vn 0.1392 0.0522 0.9889
vn 0.7783 0.2487 0.5766
vn 0.9221 -0.3825 0.0585
vn 0.9633 -0.2302 0.1380
vn 0.9844 0.1542 0.0847
vn 0.9781 -0.0189 0.2071
vn 0.9674 0.1909 0.1664
vn 0.9181 0.2972 0.2622
vn 0.9213 0.1124 0.3722
vn 0.8462 0.4714 0.2485
vn 0.8400 0.2162 0.4977
vn 0.7462 -0.0434 0.6643
vn 0.8395 -0.0225 0.5429
vn 0.9069 -0.1034 0.4085
vn 0.9216 -0.1716 0.3482
vn 0.9437 -0.2895 0.1600
vn 0.9231 -0.3801 0.0577
vn 0.2578 -0.1229 0.9584
vn 0.3823 -0.0716 0.9213
vn 0.4970 0.2955 0.8159
vn 0.3489 0.1858 0.9185
vn 0.3030 0.4938 0.8151
vn 0.2246 0.6201 0.7517
vn 0.0910 0.4936 0.8649
vn 0.2566 0.7439 0.6170
vn -0.0350 0.6133 0.7891
vn -0.2862 0.4250 0.8588
vn -0.1368 0.4251 0.8948
vn -0.0014 0.2990 0.9542
vn 0.1453 0.1221 0.9818
vn 0.3305 -0.0895 0.9395
vn 0.2733 -0.1042 0.9563
vn 0.9769 -0.0233 0.2122
vn -0.9387 -0.3255 -0.1131
vn 0.9134 0.2405 0.3283
vn -0.9404 -0.2601 -0.2191
vn 0.8790 0.3503 0.3236
vn -0.8658 -0.4995 -0.0290
vn 0.9132 0.4035 -0.0574
vn 0.8047 0.5767 -0.1411
vn 0.5717 0.8196 -0.0375
vn -0.6292 -0.7772 -0.0091
vn -0.3904 -0.8701 -0.3009
vn 0.6505 0.7419 -0.1624
vn -0.6856 -0.1497 0.7124
vn -0.7284 -0.6430 0.2368
vn 0.6918 0.6761 -0.2534
vn -0.3929 -0.9185 0.0440
vn -0.1393 0.6291 0.7647
vn -0.3016 -0.8804 -0.3660
vn 0.3688 0.8176 0.4422
vn -0.5315 -0.7859 -0.3160
vn -0.4560 -0.8530 -0.2538
vn 0.4528 0.8333 0.3172
vn -0.7075 -0.6767 -0.2040
vn 0.6518 0.4841 0.5838
vn 0.7032 0.5688 -0.4266
vn -0.3888 0.0020 0.9213
vn 0.5104 0.4642 -0.7239
vn -0.7195 -0.5138 0.4673
vn 0.7458 0.4822 -0.4597
vn 0.7145 0.6896 -0.1184
vn -0.7427 -0.6474 0.1712
vn 0.7553 0.6554 0.0064
vn -0.0912 0.7402 0.6662
vn 0.0584 -0.9725 -0.2253
vn 0.2598 0.9448 0.1997
vn -0.0705 -0.9573 -0.2804
vn -0.0382 -0.9953 -0.0888
vn 0.0128 -0.9615 0.2747
vn 0.0225 0.9981 0.0571
vn -0.3672 -0.8946 0.2548
vn 0.3801 0.8978 -0.2225
vn 0.0376 0.9878 -0.1512
vn -0.0455 -0.9340 0.3543
vn 0.1644 -0.7625 0.6257
vn 0.3309 -0.5108 0.7934
vn 0.5937 -0.1428 0.7919
vn 0.7134 -0.0797 0.6963
vn 0.6675 -0.4218 0.6137
vn 0.9270 -0.0964 0.3625
vn 0.9196 -0.1674 0.3555
vn 0.7360 -0.5805 0.3482
vn 0.7605 -0.5410 0.3592
vn 0.7820 -0.5346 0.3204
vn 0.6709 -0.6614 0.3352
vn -0.4312 -0.6244 0.6513
vn -0.2916 -0.5615 0.7744
vn -0.0246 -0.6900 0.7234
vn 0.8054 -0.3975 0.4397
vn 0.4820 -0.7407 0.4681
vn 0.5355 -0.4912 0.6870
vn 0.5260 -0.5929 0.6097
vn 0.5658 -0.5573 0.6077
vn 0.5001 -0.5293 0.6854
vn 0.8146 -0.0451 0.5782
vn 0.9287 0.2835 0.2391
vn 0.9481 0.2980 0.1107
vn 0.7985 0.2729 0.5366
vn 0.9371 -0.2426 0.2508
vn 0.7497 -0.6113 0.2535
vn 0.9874 -0.1456 0.0620
vn 0.8921 -0.4496 0.0450
vn 0.9721 -0.2282 0.0548
vn 0.9771 -0.1681 0.1302
vn 0.5490 0.6608 -0.5119
vn 0.5307 0.6921 -0.4892
vn 0.0667 0.6496 -0.7573
vn -0.4346 0.5699 -0.6974
vn -0.6079 0.5271 -0.5938
vn -0.2502 0.7927 -0.5559
vn -0.2280 0.7488 -0.6224
vn -0.5787 0.5075 -0.6384
vn -0.6959 0.6123 -0.3752
vn -0.6041 0.6606 -0.4456
vn -0.5852 0.7100 -0.3917
vn -0.6695 0.6864 -0.2841
vn -0.3777 0.5891 -0.7143
vn -0.4051 0.4859 -0.7744
vn -0.5945 0.1499 -0.7900
vn -0.9247 0.1021 -0.3667
vn -0.6068 0.7576 -0.2406
vn -0.7999 0.1972 -0.5669
vn -0.7824 0.4920 -0.3819
vn -0.7880 0.4107 -0.4587
vn -0.6730 0.4700 -0.5712
vn -0.5647 0.5219 -0.6393
vn 0.0132 0.9514 -0.3077
vn -0.9350 0.3535 0.0301
vn -0.9000 0.4250 0.0972
vn -0.2584 0.9456 0.1974
vn -0.9475 0.3151 -0.0533
vn -0.9730 0.2178 -0.0769
vn -0.9688 -0.1233 -0.2150
vn -0.9874 -0.0911 0.1294
vn -0.8976 -0.4265 -0.1114
vn -0.9489 -0.3030 -0.0883
vn -0.7735 0.4302 0.4655
vn -0.7604 -0.6480 0.0437
vn -0.9017 -0.4183 0.1097
vn -0.9359 -0.3253 0.1348
vn -0.9287 -0.3523 0.1158
vn -0.8137 -0.5466 0.1977
vn -0.7385 -0.6653 0.1095
vn -0.8975 -0.3894 0.2069
vn -0.6842 -0.6949 0.2214
vn -0.8531 -0.3956 0.3403
vn -0.6762 -0.5705 0.4661
vn -0.5614 -0.7758 0.2879
vn -0.8238 -0.3109 0.4739
vn -0.5936 -0.5394 0.5972
vn -0.3864 -0.8355 0.3906
vn -0.7215 -0.1816 0.6682
vn -0.2092 0.5491 0.8091
vn -0.3399 0.5480 0.7643
vn -0.4388 0.4894 0.7536
vn -0.2537 0.4887 0.8347
vn -0.4426 0.4206 0.7920
vn -0.4905 0.2930 0.8207
vn -0.2992 0.2966 0.9069
vn -0.6208 0.1779 0.7635
vn -0.6493 0.1664 0.7421
vn -0.3163 0.1117 0.9421
vn 0.0313 0.0526 0.9981
vn -0.0112 0.0611 0.9981
vn -0.1084 0.1991 0.9740
vn -0.0906 0.3487 0.9329
vn -0.0488 0.4338 0.8997
vn -0.1424 0.5374 0.8312
vn -0.2044 0.5522 0.8083
vn 0.5724 0.0766 0.8164
vn 0.4438 0.0601 0.8941
vn 0.0439 0.1235 0.9914
vn 0.1338 -0.0590 0.9893
vn -0.1663 0.0343 0.9855
vn -0.3014 0.0242 0.9532
vn -0.2378 -0.1734 0.9557
vn -0.4369 0.1298 0.8901
vn -0.4525 0.1613 0.8771
vn -0.4064 -0.2142 0.8883
vn -0.3215 -0.5072 0.7997
vn -0.2523 -0.3967 0.8826
vn -0.0989 -0.3423 0.9344
vn 0.1031 -0.2940 0.9502
vn 0.4591 0.0058 0.8884
vn 0.5733 0.0753 0.8159
vn -0.9053 0.2000 0.3747
vn -0.8420 0.4341 0.3203
vn -0.8416 0.4340 0.3214
vn -0.8652 0.2173 0.4519
vn -0.8773 -0.1168 0.4656
vn -0.9400 -0.1142 0.3216
vn -0.7998 -0.0776 0.5952
vn -0.8982 -0.3142 0.3075
vn -0.7316 -0.2610 0.6298
vn -0.7487 -0.4804 0.4568
vn -0.8802 -0.4313 0.1983
vn -0.6232 -0.3489 0.7000
vn -0.6479 -0.6065 0.4608
vn -0.8058 -0.5873 0.0761
vn -0.4230 -0.4992 0.7562
vn -0.0583 -0.9968 -0.0554
vn 0.0439 -0.9983 0.0375
vn 0.0759 -0.9878 0.1358
vn -0.0718 -0.9974 0.0104
vn -0.0048 -0.9811 0.1935
vn -0.1612 -0.9799 0.1172
vn -0.0336 -0.9469 0.3197
vn -0.2510 -0.9317 0.2625
vn -0.0306 -0.8738 0.4854
vn 0.0265 -0.8602 0.5092
vn -0.3267 -0.8824 0.3385
vn -0.5852 -0.8042 0.1037
vn -0.5442 -0.8231 0.1625
vn -0.4077 -0.9075 0.1009
vn -0.3042 -0.9524 0.0183
vn -0.2547 -0.9624 -0.0944
vn -0.1168 -0.9886 -0.0953
vn -0.0589 -0.9964 -0.0611
vn -0.5822 0.3252 0.7451
vn -0.6724 0.2292 0.7038
vn -0.7022 0.1175 0.7023
vn -0.5739 0.2539 0.7786
vn -0.6596 0.0697 0.7484
vn -0.6074 -0.0516 0.7927
vn -0.4779 0.0889 0.8739
vn -0.6176 -0.2297 0.7522
vn -0.6288 -0.2598 0.7329
vn -0.3743 -0.0567 0.9256
vn -0.1185 0.1219 0.9854
vn -0.2656 0.1545 0.9516
vn -0.3660 0.2774 0.8883
vn -0.3929 0.3637 0.8446
vn -0.5275 0.3655 0.7669
vn -0.5808 0.3307 0.7438
vn 0.0803 -0.9905 0.1118
vn 0.5200 -0.8521 0.0586
vn 0.4841 -0.8702 0.0916
vn 0.4367 -0.8878 0.1456
vn 0.1348 -0.9555 0.2625
vn 0.4859 -0.8584 0.1643
vn 0.4727 -0.8231 0.3148
vn 0.1807 -0.8582 0.4804
vn 0.5138 -0.7497 0.4171
vn 0.1809 -0.7848 0.5927
vn -0.1268 -0.7521 0.6468
vn -0.1283 -0.8209 0.5566
vn -0.2294 -0.8644 0.4474
vn -0.1992 -0.9038 0.3789
vn -0.3169 -0.9029 0.2902
vn -0.2285 -0.9435 0.2402
vn 0.0815 -0.9932 0.0831
vn 0.1981 -0.7193 0.6659
vn 0.2220 -0.7872 0.5753
vn 0.2251 -0.7865 0.5752
vn 0.1194 -0.7558 0.6439
vn 0.0921 -0.6355 0.7666
vn 0.2521 -0.5952 0.7630
vn -0.0378 -0.7220 0.6909
vn 0.2129 -0.4989 0.8401
vn -0.1147 -0.6334 0.7653
vn -0.0346 -0.4098 0.9115
vn 0.2539 -0.3536 0.9003
vn -0.2580 -0.5640 0.7844
vn -0.1272 -0.2872 0.9494
vn 0.2655 -0.1493 0.9525
vn -0.4587 -0.4066 0.7901
vn -0.5975 -0.7600 0.2557
vn -0.7142 -0.5695 0.4069
vn -0.7330 -0.6105 0.3000
vn -0.6159 -0.7857 -0.0572
vn -0.7242 -0.6873 -0.0570
vn -0.5285 -0.8329 -0.1641
vn -0.7278 -0.6852 -0.0270
vn -0.3709 -0.9280 0.0342
vn -0.5476 -0.7883 0.2804
vn -0.9330 -0.3588 -0.0265
vn -0.8485 -0.5017 -0.1684
vn -0.8355 -0.5490 -0.0237
vn -0.8495 -0.4100 0.3320
vn -0.8246 -0.3233 0.4642
vn -0.6997 -0.6234 0.3490
vn -0.8390 0.3471 0.4191
vn -0.9053 0.2571 0.3380
vn -0.9363 0.1474 0.3189
vn -0.8498 0.2748 0.4498
vn -0.9211 0.0965 0.3772
vn -0.8999 -0.0283 0.4353
vn -0.8140 0.1068 0.5710
vn -0.8989 -0.2049 0.3873
vn -0.9016 -0.2340 0.3639
vn -0.7442 -0.0404 0.6667
vn -0.5030 0.1469 0.8517
vn -0.5366 0.1255 0.8344
vn -0.6649 0.1637 0.7288
vn -0.7123 0.2844 0.6417
vn -0.7128 0.3728 0.5941
vn -0.7981 0.3837 0.4645
vn -0.8369 0.3524 0.4187
vn 0.1444 0.8798 0.4529
vn 0.5858 0.3777 0.7171
vn 0.2408 0.8010 0.5481
vn 0.2935 0.5887 0.7532
vn 0.4026 0.4269 0.8097
vn 0.2246 0.5446 0.8080
vn 0.0940 0.5193 0.8494
vn 0.2021 0.3514 0.9142
vn -0.0761 0.5765 0.8136
vn -0.1025 0.5965 0.7961
vn 0.0382 0.2700 0.9621
vn 0.1670 -0.0621 0.9840
vn 0.1532 -0.0213 0.9880
vn 0.2206 0.1338 0.9662
vn 0.3537 0.1969 0.9144
vn 0.4491 0.2116 0.8681
vn 0.7013 -0.0997 0.7059
vn 0.7228 -0.3238 0.6105
vn -0.1118 0.5457 0.8305
vn -0.1928 0.5348 0.8227
vn -0.4342 0.3562 0.8274
vn -0.0654 0.5022 0.8623
vn -0.3503 0.2992 0.8876
vn -0.3781 0.2405 0.8940
vn 0.0505 0.3154 0.9476
vn -0.2634 0.0786 0.9615
vn -0.2715 0.1214 0.9547
vn 0.1031 0.2307 0.9676
vn 0.4251 0.3307 0.8426
vn 0.4313 0.3077 0.8481
vn 0.4017 0.4566 0.7938
vn 0.3338 0.4601 0.8227
vn 0.3465 0.5137 0.7849
vn -0.0214 0.5737 0.8188
vn -0.1080 0.5467 0.8304
vn -0.2228 0.9651 -0.1378
vn -0.0376 0.9386 -0.3430
vn 0.0339 0.9112 -0.4106
vn 0.0034 0.9175 -0.3978
vn -0.0346 0.9848 -0.1703
vn -0.1769 0.9805 -0.0852
vn 0.0601 0.9467 -0.3166
vn -0.1006 0.9948 0.0164
vn 0.1675 0.9594 -0.2267
vn 0.1717 0.9838 0.0510
vn -0.0952 0.9796 0.1770
vn 0.3225 0.9252 -0.2002
vn 0.2926 0.9452 0.1450
vn -0.0525 0.9248 0.3767
vn 0.5456 0.8289 -0.1233
vn 0.9905 0.0427 -0.1310
vn 0.9630 0.1223 -0.2403
vn 0.9329 0.2266 -0.2800
vn 0.9859 0.1204 -0.1164
vn 0.9314 0.2848 -0.2268
vn 0.8958 0.4088 -0.1743
vn 0.9537 0.3006 -0.0068
vn 0.8001 0.5571 -0.2224
vn 0.7784 0.5781 -0.2446
vn 0.8906 0.4454 0.0915
vn 0.8870 0.2832 0.3646
vn 0.9414 0.2527 0.2233
vn 0.9850 0.1240 0.1199
vn 0.9958 0.0301 0.0859
vn 0.9976 0.0096 -0.0682
vn 0.9909 0.0371 -0.1297
vn 0.6892 -0.2073 0.6943
vn 0.7590 -0.0822 0.6459
vn 0.9097 0.1901 0.3692
vn 0.8078 0.2422 0.5374
vn 0.8781 0.3940 0.2715
vn 0.8561 0.4921 0.1582
vn 0.7519 0.5714 0.3289
vn 0.8714 0.4896 -0.0300
vn 0.6934 0.6909 0.2047
vn 0.4588 0.7931 0.4006
vn 0.5797 0.6988 0.4192
vn 0.6381 0.5711 0.5164
vn 0.6583 0.4020 0.6364
vn 0.7253 -0.0600 0.6859
vn 0.6881 -0.2072 0.6954
vn 0.5025 0.6269 -0.5954
vn 0.5684 0.4163 -0.7097
vn 0.5693 0.4165 -0.7089
vn 0.5740 0.6109 -0.5454
vn 0.4181 0.8366 -0.3540
vn 0.3012 0.8358 -0.4590
vn 0.5423 0.7960 -0.2688
vn 0.1845 0.9296 -0.3192
vn 0.4734 0.8752 -0.1001
vn 0.2156 0.9749 -0.0561
vn 0.0299 0.9584 -0.2837
vn 0.4797 0.8756 0.0560
vn 0.1464 0.9852 0.0895
vn -0.1603 0.9683 -0.1915
vn 0.4345 0.8468 0.3069
vn -0.5458 0.6604 0.5158
vn -0.4758 0.6171 0.6267
vn -0.3776 0.6204 0.6874
vn -0.4785 0.6993 0.5311
vn -0.3242 0.6736 0.6641
vn -0.1978 0.7311 0.6529
vn -0.3064 0.8140 0.4935
vn -0.0269 0.7022 0.7115
vn 0.0005 0.6840 0.7295
vn -0.1459 0.8910 0.4300
vn -0.2656 0.9588 0.1005
vn -0.2534 0.9569 0.1421
vn -0.3232 0.9016 0.2875
vn -0.4523 0.8270 0.3340
vn -0.5381 0.7750 0.3313
vn -0.5707 0.6845 0.4535
vn -0.5505 0.6588 0.5128
vn 0.1910 0.5200 0.8325
vn 0.0769 0.5190 0.8513
vn 0.0768 0.5163 0.8530
vn 0.1606 0.5924 0.7895
vn 0.3292 0.5721 0.7512
vn 0.3323 0.4320 0.8384
vn 0.2319 0.6963 0.6792
vn 0.4506 0.4217 0.7869
vn 0.3473 0.7168 0.6046
vn 0.5787 0.5617 0.5913
vn 0.5720 0.3181 0.7560
vn 0.4114 0.7799 0.4718
vn 0.6813 0.5605 0.4708
vn 0.7190 0.1954 0.6670
vn 0.5135 0.8232 0.2421
vn 0.6090 0.4996 -0.6161
vn 0.4998 0.5794 -0.6438
vn 0.4307 0.6655 -0.6096
vn 0.5999 0.5626 -0.5689
vn 0.4537 0.7049 -0.5452
vn 0.4387 0.7870 -0.4337
vn 0.6143 0.6837 -0.3939
vn 0.3083 0.8845 -0.3502
vn 0.2737 0.8979 -0.3448
vn 0.6063 0.7626 -0.2255
vn 0.8200 0.5634 -0.1007
vn 0.7699 0.5895 -0.2445
vn 0.7574 0.5171 -0.3987
vn 0.7612 0.4467 -0.4702
vn 0.6630 0.4610 -0.5899
vn 0.6112 0.4946 -0.6179
vn 0.8204 -0.5265 -0.2230
vn 0.7548 -0.4389 0.4875
vn 0.8539 -0.5157 -0.0702
vn 0.9181 -0.3556 0.1750
vn 0.8754 -0.3125 0.3689
vn 0.9490 -0.2621 0.1751
vn 0.9833 -0.1409 0.1154
vn 0.9457 -0.0885 0.3128
vn 0.9964 -0.0677 -0.0518
vn 0.9937 -0.0673 -0.0892
vn 0.9630 0.0876 0.2548
vn 0.8303 0.2076 0.5172
vn 0.8767 0.0660 0.4765
vn 0.8534 -0.0995 0.5117
vn 0.8126 -0.1904 0.5508
vn 0.4939 -0.2195 0.8414
vn 0.2969 -0.1207 0.9472
vt 0.834507 0.150022
vt 0.838289 0.133407
vt 0.844043 0.133562
vt 0.838081 0.186423
vt 0.830653 0.166949
vt 0.835931 0.167230
vt 0.827515 0.150306
vt 0.841766 0.216958
vt 0.832587 0.186963
vt 0.846581 0.247893
vt 0.836679 0.217416
vt 0.843529 0.266665
vt 0.841494 0.248351
vt 0.877195 0.303630
vt 0.860986 0.280921
vt 0.861012 0.277743
vt 0.876313 0.307989
vt 0.874426 0.303014
vt 0.869895 0.331845
vt 0.868569 0.346653
vt 0.866174 0.338337
vt 0.866754 0.346292
vt 0.848684 0.274019
vt 0.844456 0.299823
vt 0.840911 0.275430
vt 0.841363 0.407129
vt 0.841789 0.330883
vt 0.848037 0.313730
vt 0.840596 0.432911
vt 0.837150 0.404878
vt 0.845920 0.445960
vt 0.843248 0.448121
vt 0.835258 0.436205
vt 0.855940 0.485128
vt 0.862186 0.532287
vt 0.854094 0.499122
vt 0.859808 0.548827
vt 0.856505 0.544414
vt 0.852564 0.618253
vt 0.848842 0.615031
vt 0.840735 0.653421
vt 0.832994 0.676952
vt 0.837234 0.653193
vt 0.833523 0.682041
vt 0.835646 0.730561
vt 0.831766 0.684349
vt 0.837061 0.768220
vt 0.838380 0.730584
vt 0.820397 0.678668
vt 0.830373 0.671730
vt 0.805739 0.691493
vt 0.821346 0.683200
vt 0.789214 0.700233
vt 0.804121 0.688332
vt 0.845880 0.781507
vt 0.839313 0.778124
vt 0.838455 0.774501
vt 0.860372 0.811886
vt 0.872115 0.840553
vt 0.857364 0.813893
vt 0.885722 0.879643
vt 0.869244 0.842469
vt 0.889302 0.893223
vt 0.881419 0.880389
vt 0.827408 0.776077
vt 0.832883 0.768792
vt 0.828223 0.777749
vt 0.817029 0.788128
vt 0.826498 0.782903
vt 0.805210 0.801069
vt 0.806441 0.803596
vt 0.789080 0.817909
vt 0.791246 0.819298
vt 0.789153 0.828267
vt 0.787603 0.861576
vt 0.786531 0.861008
vt 0.889743 0.877265
vt 0.895464 0.892164
vt 0.873177 0.835007
vt 0.849126 0.779342
vt 0.843228 0.769533
vt 0.844311 0.765999
vt 0.840741 0.674219
vt 0.841424 0.734190
vt 0.837762 0.674390
vt 0.844477 0.653665
vt 0.847573 0.653867
vt 0.859102 0.614350
vt 0.863374 0.614563
vt 0.862483 0.598833
vt 0.859180 0.598538
vt 0.867471 0.547638
vt 0.864050 0.547647
vt 0.872382 0.536949
vt 0.867966 0.536785
vt 0.863314 0.482576
vt 0.860278 0.485732
vt 0.855200 0.443038
vt 0.852351 0.448409
vt 0.846973 0.431923
vt 0.850387 0.421450
vt 0.846157 0.403842
vt 0.854666 0.333734
vt 0.853584 0.311728
vt 0.859330 0.301381
vt 0.854771 0.281350
vt 0.856516 0.247000
vt 0.858469 0.273802
vt 0.852018 0.247404
vt 0.851701 0.216064
vt 0.847203 0.216469
vt 0.848812 0.185370
vt 0.843340 0.181123
vt 0.848161 0.149467
vt 0.841979 0.149719
vt 0.850192 0.133727
vt 0.855280 0.133863
vt 0.870581 0.346001
vt 0.879200 0.308063
vt 0.885306 0.305332
vt 0.862623 0.270908
vt 0.881578 0.304539
vt 0.791074 0.703011
vt 0.760911 0.712906
vt 0.824459 0.685482
vt 0.795776 0.823119
vt 0.789327 0.862620
vt 0.793973 0.820160
vt 0.799251 0.817549
vt 0.808062 0.806927
vt 0.833387 0.779219
vt 0.820119 0.794474
vt 0.848597 0.273570
vt 0.849313 0.297689
vt 0.877175 0.303771
vt 0.860659 0.277315
vt 0.876313 0.307989
vt 0.868724 0.346641
vt 0.844519 0.353137
vt 0.841371 0.406970
vt 0.837543 0.426715
vt 0.840641 0.432685
vt 0.846560 0.446811
vt 0.862355 0.533924
vt 0.861340 0.547653
vt 0.856496 0.584924
vt 0.854006 0.612388
vt 0.842252 0.653520
vt 0.834259 0.675826
vt 0.834296 0.681329
vt 0.838342 0.729231
vt 0.840656 0.765008
vt 0.822895 0.680490
vt 0.805849 0.691706
vt 0.787724 0.696744
vt 0.789020 0.699854
vt 0.761264 0.712718
vt 0.754611 0.711137
vt 0.754450 0.716479
vt 0.842881 0.777434
vt 0.860406 0.811863
vt 0.872332 0.840408
vt 0.885764 0.879683
vt 0.890550 0.893092
vt 0.834114 0.773240
vt 0.826554 0.782857
vt 0.806565 0.803851
vt 0.791165 0.817748
vt 0.790277 0.826356
vt 0.788443 0.862053
vt 0.846851 0.779211
vt 0.841394 0.733281
vt 0.859108 0.614044
vt 0.867967 0.536791
vt 0.853948 0.455850
vt 0.847479 0.433933
vt 0.850346 0.339320
vt 0.854704 0.280984
vt 0.856363 0.270030
vt 0.843954 0.185847
vt 0.846240 0.167780
vt 0.841573 0.167531
vt 0.838219 0.676297
vt 0.860525 0.584913
vt 0.845983 0.407228
vt 0.881359 0.304172
vt 0.756143 0.718870
vt 0.790698 0.863298
vt 0.819169 0.792523
vt 0.793666 0.820836
vt 0.852412 0.618706
vt 0.853468 0.576605
vt 0.857264 0.576551
vt 0.842301 0.653523
vt 0.848301 0.618070
vt 0.831937 0.674822
vt 0.833190 0.681186
vt 0.835873 0.740327
vt 0.837114 0.767511
vt 0.840844 0.761728
vt 0.825193 0.680463
vt 0.827885 0.673393
vt 0.805953 0.691808
vt 0.787751 0.697375
vt 0.760600 0.712585
vt 0.754624 0.711133
vt 0.759515 0.709342
vt 0.859760 0.812294
vt 0.841490 0.781147
vt 0.846550 0.780445
vt 0.871684 0.840841
vt 0.868821 0.841452
vt 0.883639 0.871784
vt 0.891081 0.892853
vt 0.885260 0.893619
vt 0.815361 0.789955
vt 0.834329 0.766026
vt 0.816296 0.791662
vt 0.793681 0.813251
vt 0.791630 0.819271
vt 0.789126 0.828637
vt 0.788831 0.818301
vt 0.789959 0.852866
vt 0.787930 0.855597
vt 0.789153 0.859004
vt 0.786534 0.860982
vt 0.896804 0.891927
vt 0.887170 0.870114
vt 0.874886 0.839149
vt 0.844127 0.764893
vt 0.841582 0.738963
vt 0.844227 0.744021
vt 0.840726 0.673276
vt 0.838028 0.676376
vt 0.857743 0.616852
vt 0.862615 0.615816
vt 0.864659 0.576643
vt 0.861312 0.576599
vt 0.754732 0.717154
vt 0.765022 0.715115
vt 0.826807 0.684762
vt 0.840236 0.774852
vt 0.791872 0.859675
vt 0.787842 0.861693
vt 0.792580 0.852482
vt 0.793667 0.821210
vt 0.795802 0.822873
vt 0.799185 0.817497
vt 0.814064 0.800859
vt 0.834893 0.777402
vt 0.834009 0.775091
vt 0.857257 0.576628
vt 0.852198 0.618242
vt 0.842447 0.653532
vt 0.832736 0.674697
vt 0.833936 0.681419
vt 0.838631 0.739545
vt 0.838271 0.768288
vt 0.825321 0.680466
vt 0.805676 0.691812
vt 0.761459 0.712681
vt 0.754474 0.716657
vt 0.840612 0.775717
vt 0.846233 0.781272
vt 0.859920 0.812187
vt 0.871759 0.840791
vt 0.884598 0.872399
vt 0.891454 0.892667
vt 0.832032 0.775712
vt 0.813909 0.794021
vt 0.791243 0.819075
vt 0.788039 0.861800
vt 0.842623 0.768138
vt 0.841616 0.739988
vt 0.858213 0.616003
vt 0.861933 0.604405
vt 0.861306 0.576660
vt 0.837822 0.674421
vt 0.807362 0.694662
vt 0.790411 0.857797
vt 0.793535 0.821370
vt 0.815195 0.796647
vt 0.563150 0.698418
vt 0.563811 0.674504
vt 0.570920 0.671379
vt 0.570101 0.793658
vt 0.551965 0.743252
vt 0.572007 0.742730
vt 0.530104 0.833034
vt 0.541616 0.789005
vt 0.558874 0.873640
vt 0.527653 0.871706
vt 0.540075 0.919359
vt 0.554790 0.921573
vt 0.583050 0.881281
vt 0.605381 0.841792
vt 0.614629 0.798010
vt 0.604553 0.741091
vt 0.582034 0.697687
vt 0.578429 0.671854
vt 0.563139 0.698419
vt 0.570917 0.671281
vt 0.558874 0.873640
vt 0.639494 0.587623
vt 0.618821 0.509834
vt 0.652657 0.516881
vt 0.613589 0.607103
vt 0.607025 0.589559
vt 0.639443 0.613013
vt 0.664979 0.599571
vt 0.687766 0.571056
vt 0.695520 0.522829
vt 0.674881 0.453173
vt 0.649400 0.448689
vt 0.675367 0.418410
vt 0.664857 0.415393
vt 0.572005 0.742404
vt 0.562351 0.853196
vt 0.570471 0.783779
vt 0.570920 0.671374
vt 0.563482 0.846548
vt 0.558874 0.873640
vt 0.570917 0.671281
vt 0.518239 0.427657
vt 0.481268 0.475192
vt 0.505929 0.369764
vt 0.533926 0.481830
vt 0.479452 0.520695
vt 0.517935 0.573995
vt 0.477864 0.569943
vt 0.485535 0.597859
vt 0.477636 0.600007
vt 0.468162 0.596771
vt 0.439192 0.567480
vt 0.428609 0.518937
vt 0.435418 0.471278
vt 0.469034 0.415835
vt 0.095586 0.170510
vt 0.055230 0.098420
vt 0.047941 0.060469
vt 0.119963 0.240544
vt 0.071010 0.215707
vt 0.127586 0.279266
vt 0.090754 0.255047
vt 0.144408 0.272047
vt 0.151187 0.230601
vt 0.146205 0.185481
vt 0.126736 0.132166
vt 0.082219 0.086683
vt 0.563207 0.698775
vt 0.566835 0.821336
vt 0.529973 0.833536
vt 0.557907 0.879325
vt 0.592245 0.241225
vt 0.583223 0.172832
vt 0.600049 0.176932
vt 0.548917 0.279712
vt 0.550959 0.247712
vt 0.584697 0.287397
vt 0.554944 0.309024
vt 0.590161 0.313343
vt 0.615552 0.294979
vt 0.638246 0.262298
vt 0.625701 0.178493
vt 0.621057 0.121197
vt 0.606632 0.116593
vt 0.595818 0.212958
vt 0.594301 0.149936
vt 0.600302 0.175376
vt 0.590598 0.254262
vt 0.562761 0.207315
vt 0.568070 0.317166
vt 0.637793 0.218497
vt 0.606632 0.116593
vt 0.571022 0.769052
vt 0.570923 0.671474
vt 0.551750 0.744204
vt 0.562097 0.854692
vt 0.183104 0.815632
vt 0.137688 0.752547
vt 0.154285 0.749274
vt 0.151208 0.838451
vt 0.141016 0.795603
vt 0.171176 0.872771
vt 0.200216 0.863223
vt 0.206119 0.901891
vt 0.220204 0.898356
vt 0.224572 0.858629
vt 0.226028 0.817861
vt 0.185676 0.732165
vt 0.140371 0.677478
vt 0.127242 0.681738
vt 0.413346 0.117789
vt 0.425132 0.188382
vt 0.379730 0.173232
vt 0.462552 0.129612
vt 0.451398 0.072145
vt 0.372922 0.220891
vt 0.383504 0.269434
vt 0.462247 0.275949
vt 0.422176 0.271897
vt 0.412475 0.298725
vt 0.429848 0.299813
vt 0.421949 0.301961
vt 0.283988 0.193023
vt 0.282140 0.127796
vt 0.294508 0.082461
vt 0.284333 0.285480
vt 0.251688 0.187844
vt 0.238362 0.304522
vt 0.232736 0.254179
vt 0.266087 0.343383
vt 0.285658 0.361787
vt 0.276705 0.356606
vt 0.294265 0.357919
vt 0.303613 0.344674
vt 0.327066 0.307572
vt 0.330619 0.259006
vt 0.318182 0.199779
vt 0.303574 0.131555
vt 0.284333 0.285480
vt 0.294769 0.357204
vt 0.282190 0.127802
vt 0.309088 0.085021
vt 0.294490 0.082459
vt 0.450309 0.071737
vt 0.462550 0.129611
vt 0.460591 0.075352
vt 0.425397 0.181739
vt 0.294508 0.082461
vt 0.283988 0.256100
vt 0.284580 0.306443
vt 0.285658 0.361787
vt 0.413546 0.117818
vt 0.450419 0.071771
vt 0.425263 0.185096
vt 0.294508 0.082461
vt 0.284333 0.285480
vt 0.285658 0.361787
vt 0.294769 0.357204
vt 0.283988 0.234993
vt 0.294569 0.082470
vt 0.285658 0.344865
vt 0.450302 0.071735
vt 0.462649 0.129642
vt 0.425174 0.187316
vt 0.618622 0.510238
vt 0.664817 0.415387
vt 0.645375 0.565265
vt 0.606339 0.556737
vt 0.637332 0.595841
vt 0.284333 0.285480
vt 0.284124 0.191914
vt 0.294455 0.082454
vt 0.301088 0.083382
vt 0.284333 0.285480
vt 0.285658 0.361787
vt 0.462649 0.129642
vt 0.425174 0.187316
vt 0.164874 0.346160
vt 0.163931 0.327359
vt 0.169516 0.328338
vt 0.152624 0.435209
vt 0.153598 0.385915
vt 0.158958 0.387119
vt 0.174689 0.454700
vt 0.153536 0.442237
vt 0.215040 0.498789
vt 0.181667 0.478741
vt 0.238545 0.480581
vt 0.239399 0.502197
vt 0.260069 0.496473
vt 0.155409 0.513508
vt 0.137322 0.477192
vt 0.143504 0.442110
vt 0.163170 0.542046
vt 0.135857 0.518935
vt 0.155247 0.577675
vt 0.140832 0.548141
vt 0.184444 0.583913
vt 0.174352 0.586784
vt 0.186182 0.569014
vt 0.181128 0.537147
vt 0.171128 0.509144
vt 0.154387 0.472414
vt 0.158329 0.429357
vt 0.164319 0.388323
vt 0.175102 0.329318
vt 0.264593 0.488742
vt 0.253204 0.465151
vt 0.236051 0.452006
vt 0.203818 0.441115
vt 0.176852 0.438582
vt 0.170310 0.347289
vt 0.159438 0.345030
vt 0.284554 0.304254
vt 0.283247 0.199037
vt 0.294490 0.082459
vt 0.413546 0.117818
vt 0.450419 0.071771
vt 0.425263 0.185096
vt 0.294508 0.082461
vt 0.284333 0.285480
vt 0.275710 0.355366
vt 0.294769 0.357204
vt 0.284333 0.285480
vt 0.275709 0.355366
vt 0.294769 0.357204
vt 0.284554 0.304254
vt 0.283247 0.199037
vt 0.294490 0.082459
vt 0.820690 0.682944
vt 0.830263 0.671799
vt 0.830975 0.676243
vt 0.804113 0.688337
vt 0.819084 0.679806
vt 0.754441 0.716415
vt 0.805953 0.691808
vt 0.822324 0.686136
vt 0.831609 0.684358
vt 0.831589 0.680754
vt 0.830976 0.676243
vt 0.825269 0.680563
vt 0.820679 0.682923
vt 0.754441 0.716415
vt 0.756274 0.718814
vt 0.831580 0.680755
vt 0.425132 0.188382
vt 0.451398 0.072145
vt 0.284333 0.285480
vt 0.285658 0.361787
vt 0.284333 0.285480
vt 0.275710 0.355366
vt 0.294769 0.357204
vt 0.282190 0.127802
vt 0.294490 0.082459
vt 0.450309 0.071737
vt 0.462550 0.129611
vt 0.425397 0.181739
vt 0.284333 0.285480
vt 0.842241 0.776327
vt 0.843091 0.783368
vt 0.839389 0.778230
vt 0.859760 0.812294
vt 0.846343 0.781199
vt 0.886949 0.877815
vt 0.889957 0.893075
vt 0.889530 0.888257
vt 0.893920 0.885867
vt 0.886419 0.870469
vt 0.874886 0.839149
vt 0.847557 0.772899
vt 0.893674 0.892506
vt 0.859920 0.812187
vt 0.871759 0.840791
vt 0.885442 0.893860
vt 0.450302 0.071735
vt 0.462649 0.129642
vt 0.284333 0.285481
vt 0.285658 0.361787
vt 0.283988 0.234800
vt 0.301082 0.083412
vt 0.285658 0.344865
vt 0.283988 0.210837
vt 0.285658 0.361780
vt 0.294085 0.358173
vt 0.282148 0.127797
vt 0.294534 0.082465
vt 0.291857 0.129156
vt 0.285658 0.344864
vt 0.294508 0.082461
vt 0.284333 0.285480
vt 0.285658 0.361787
vt 0.294769 0.357204
vt 0.285568 0.341659
vt 0.330407 0.257993
vt 0.282246 0.127810
vt 0.294490 0.082459
vt 0.572005 0.742404
vt 0.562351 0.853196
vt 0.570039 0.795307
vt 0.570921 0.671417
vt 0.563436 0.846815
vt 0.275710 0.355366
vt 0.282189 0.127802
vt 0.294490 0.082459
vt 0.450309 0.071737
vt 0.462550 0.129611
vt 0.425397 0.181739
vt 0.558874 0.873639
vt 0.294508 0.082461
vt 0.284333 0.285480
vt 0.275710 0.355366
vt 0.294508 0.082461
vt 0.284333 0.285480
vt 0.275710 0.355366
vt 0.413546 0.117818
vt 0.450419 0.071771
vt 0.425263 0.185096
vt 0.284554 0.304254
vt 0.283247 0.199037
vt 0.294490 0.082459
vt 0.823148 0.682082
vt 0.803963 0.688423
vt 0.821092 0.678067
vt 0.807235 0.691028
vt 0.777472 0.703090
vt 0.754450 0.716487
vt 0.775163 0.711181
vt 0.808004 0.694297
vt 0.824830 0.685368
vt 0.827336 0.684600
vt 0.830343 0.671749
vt 0.825250 0.680527
vt 0.823024 0.681841
vt 0.806114 0.691685
vt 0.774677 0.706534
vt 0.754528 0.716819
vt 0.756254 0.718824
vt 0.830872 0.676319
vt 0.284333 0.285481
vt 0.275710 0.355366
vt 0.294769 0.357204
vt 0.294508 0.082461
vt 0.284333 0.285481
vt 0.275710 0.355366
vt 0.413546 0.117818
vt 0.450419 0.071771
vt 0.425263 0.185096
vt 0.301087 0.083391
vt 0.830263 0.671799
vt 0.754441 0.716415
vt 0.805953 0.691808
vt 0.825269 0.680563
vt 0.820679 0.682923
vt 0.805676 0.691811
vt 0.754441 0.716415
vt 0.756274 0.718814
vt 0.413367 0.117792
vt 0.450419 0.071771
vt 0.424534 0.203377
vt 0.478239 0.183784
vt 0.450419 0.071771
vt 0.425263 0.185096
vt 0.281316 0.127929
vt 0.285567 0.341615
vt 0.276479 0.356324
vt 0.284333 0.285480
vt 0.275710 0.355366
vt 0.294769 0.357204
vt 0.284333 0.285480
vt 0.275710 0.355366
vt 0.413891 0.117898
vt 0.423765 0.222649
vt 0.284554 0.304255
vt 0.283247 0.199037
vt 0.285658 0.361787
vt 0.294490 0.082459
vt 0.820690 0.682944
vt 0.830975 0.676243
vt 0.804113 0.688337
vt 0.754441 0.716415
vt 0.805953 0.691808
vt 0.831589 0.680754
vt 0.825269 0.680563
vt 0.805676 0.691811
vt 0.754441 0.716415
vt 0.756274 0.718814
vt 0.840003 0.176755
vt 0.831620 0.176956
vt 0.841475 0.186090
vt 0.843640 0.218178
vt 0.843409 0.265584
vt 0.868077 0.284946
vt 0.860572 0.280462
vt 0.858368 0.279360
vt 0.877195 0.303630
vt 0.865905 0.286361
vt 0.876313 0.307989
vt 0.874426 0.303014
vt 0.869895 0.331845
vt 0.867349 0.346410
vt 0.866174 0.338337
vt 0.848904 0.272149
vt 0.844553 0.303004
vt 0.840862 0.275032
vt 0.844327 0.355599
vt 0.849500 0.298326
vt 0.840658 0.432262
vt 0.840039 0.354384
vt 0.846619 0.448615
vt 0.835258 0.436205
vt 0.867070 0.536464
vt 0.854209 0.499882
vt 0.859004 0.557589
vt 0.857636 0.536400
vt 0.856582 0.613526
vt 0.852725 0.584933
vt 0.847429 0.622609
vt 0.849250 0.613609
vt 0.863199 0.614304
vt 0.852376 0.622931
vt 0.866471 0.557948
vt 0.863821 0.550067
vt 0.872274 0.536372
vt 0.860505 0.487231
vt 0.855212 0.443098
vt 0.848442 0.436543
vt 0.850576 0.425154
vt 0.847165 0.384173
vt 0.853607 0.346492
vt 0.854864 0.299782
vt 0.859491 0.298637
vt 0.851651 0.215745
vt 0.856128 0.273540
vt 0.847526 0.176575
vt 0.842764 0.176689
vt 0.879200 0.308063
vt 0.885306 0.305332
vt 0.871176 0.283139
vt 0.881578 0.304539
vt 0.862655 0.270953
vt 0.837006 0.176827
vt 0.844551 0.216708
vt 0.848947 0.271289
vt 0.868159 0.284893
vt 0.858727 0.279382
vt 0.877175 0.303771
vt 0.869895 0.331845
vt 0.868724 0.346641
vt 0.849497 0.299428
vt 0.844347 0.355340
vt 0.837544 0.426749
vt 0.840850 0.431738
vt 0.846422 0.446628
vt 0.858236 0.500266
vt 0.864479 0.536655
vt 0.856047 0.547667
vt 0.861041 0.547654
vt 0.858151 0.584919
vt 0.856622 0.614137
vt 0.853262 0.622989
vt 0.860401 0.486545
vt 0.863509 0.483864
vt 0.852534 0.448822
vt 0.849602 0.348368
vt 0.854951 0.298575
vt 0.856123 0.270404
vt 0.846747 0.426708
vt 0.881583 0.304566
vt 0.877447 0.304419
vt 0.861085 0.277830
vt 0.868118 0.284920
vt 0.876328 0.308065
vt 0.874732 0.303493
vt 0.868019 0.338414
vt 0.867393 0.346405
vt 0.866060 0.338631
vt 0.870581 0.346001
vt 0.868581 0.346732
vt 0.874947 0.326527
vt 0.879177 0.308168
vt 0.885313 0.305344
vt 0.871081 0.282990
vt 0.881543 0.304505
vt 0.861866 0.274416
vt 0.868167 0.284888
vt 0.861087 0.277834
vt 0.877281 0.302298
vt 0.876508 0.307889
vt 0.870992 0.332047
vt 0.868208 0.284861
vt 0.861450 0.276241
vt 0.877108 0.303395
vt 0.876313 0.307989
vt 0.874499 0.303219
vt 0.870477 0.331319
vt 0.868785 0.346667
vt 0.866038 0.338709
vt 0.867405 0.346501
vt 0.870550 0.346078
vt 0.879193 0.308097
vt 0.885306 0.305332
vt 0.874080 0.287684
vt 0.881208 0.303928
vt 0.868192 0.284871
vt 0.861409 0.276420
vt 0.877409 0.304425
vt 0.876313 0.307989
vt 0.868563 0.338704
vt 0.880941 0.303432
vt 0.840701 0.671798
vt 0.840408 0.741976
vt 0.844227 0.744017
vt 0.845740 0.779026
vt 0.850239 0.781826
vt 0.844359 0.765380
vt 0.789292 0.818321
vt 0.790751 0.838365
vt 0.792132 0.819022
vt 0.806416 0.803546
vt 0.869429 0.842915
vt 0.882315 0.884492
vt 0.872264 0.840639
vt 0.805825 0.691660
vt 0.788252 0.698353
vt 0.789034 0.699881
vt 0.835989 0.745306
vt 0.840985 0.764963
vt 0.854463 0.605573
vt 0.858376 0.615857
vt 0.858678 0.603613
vt 0.836836 0.774281
vt 0.829269 0.779899
vt 0.838336 0.767150
vt 0.861850 0.547652
vt 0.866892 0.536745
vt 0.849899 0.609523
vt 0.842325 0.653525
vt 0.833485 0.672783
vt 0.810437 0.804526
vt 0.795585 0.821991
vt 0.806576 0.803873
vt 0.818364 0.790869
vt 0.833795 0.778727
vt 0.818637 0.791429
vt 0.839109 0.777841
vt 0.823868 0.680645
vt 0.804702 0.689466
vt 0.788572 0.837721
vt 0.787813 0.861681
vt 0.863204 0.614844
vt 0.862406 0.599616
vt 0.872342 0.537035
vt 0.793687 0.837622
vt 0.791660 0.837537
vt 0.831114 0.684448
vt 0.821255 0.683198
vt 0.833516 0.682019
vt 0.836445 0.673039
vt 0.791436 0.859044
vt 0.836746 0.774382
vt 0.790724 0.703190
vt 0.761103 0.712484
vt 0.762002 0.715185
vt 0.896726 0.891862
vt 0.873062 0.835370
vt 0.826517 0.777113
vt 0.829626 0.780632
vt 0.760222 0.709056
vt 0.821218 0.677957
vt 0.754516 0.711849
vt 0.755979 0.718578
vt 0.840281 0.743254
vt 0.842615 0.653543
vt 0.857899 0.603085
vt 0.859075 0.614406
vt 0.861522 0.548444
vt 0.862629 0.536586
vt 0.833183 0.682438
vt 0.837761 0.673771
vt 0.872285 0.840440
vt 0.860298 0.811935
vt 0.843287 0.777779
vt 0.843246 0.769574
vt 0.891146 0.892937
vt 0.886214 0.882876
vt 0.833609 0.767462
vt 0.788488 0.861998
vt 0.886411 0.893745
vt 0.852413 0.618706
vt 0.853468 0.576605
vt 0.857264 0.576551
vt 0.842301 0.653523
vt 0.848301 0.618071
vt 0.831937 0.674822
vt 0.833190 0.681186
vt 0.835873 0.740328
vt 0.837114 0.767511
vt 0.840844 0.761729
vt 0.825193 0.680463
vt 0.804113 0.688337
vt 0.827885 0.673393
vt 0.760600 0.712585
vt 0.805953 0.691808
vt 0.759515 0.709342
vt 0.871061 0.839349
vt 0.846550 0.780445
vt 0.883639 0.871784
vt 0.891081 0.892853
vt 0.885260 0.893618
vt 0.815360 0.789955
vt 0.834329 0.766026
vt 0.816296 0.791662
vt 0.791630 0.819271
vt 0.789126 0.828637
vt 0.788831 0.818301
vt 0.789959 0.852866
vt 0.787930 0.855597
vt 0.844127 0.764893
vt 0.841582 0.738964
vt 0.844227 0.744022
vt 0.840726 0.673276
vt 0.838028 0.676376
vt 0.857743 0.616852
vt 0.862615 0.615816
vt 0.861312 0.576599
vt 0.754732 0.717154
vt 0.765021 0.715115
vt 0.826807 0.684762
vt 0.840236 0.774852
vt 0.791776 0.859551
vt 0.787843 0.861693
vt 0.792580 0.852482
vt 0.793667 0.821209
vt 0.795802 0.822873
vt 0.799185 0.817497
vt 0.814064 0.800859
vt 0.834893 0.777402
vt 0.834009 0.775091
vt 0.852198 0.618242
vt 0.842447 0.653532
vt 0.832736 0.674697
vt 0.833936 0.681419
vt 0.838631 0.739546
vt 0.838271 0.768288
vt 0.805676 0.691812
vt 0.761460 0.712681
vt 0.754474 0.716658
vt 0.840612 0.775717
vt 0.871759 0.840790
vt 0.884598 0.872399
vt 0.891454 0.892667
vt 0.832032 0.775712
vt 0.814645 0.795524
vt 0.791243 0.819075
vt 0.788039 0.861800
vt 0.842623 0.768138
vt 0.841616 0.739988
vt 0.858213 0.616003
vt 0.837822 0.674421
vt 0.793535 0.821370
vt 0.861850 0.547652
vt 0.867610 0.546203
vt 0.840701 0.671798
vt 0.840408 0.741976
vt 0.844227 0.744017
vt 0.845740 0.779026
vt 0.850239 0.781826
vt 0.844359 0.765380
vt 0.789292 0.818321
vt 0.790751 0.838365
vt 0.792131 0.819022
vt 0.806416 0.803546
vt 0.869429 0.842915
vt 0.882315 0.884492
vt 0.872264 0.840639
vt 0.805825 0.691659
vt 0.788252 0.698353
vt 0.789034 0.699881
vt 0.835989 0.745306
vt 0.840985 0.764963
vt 0.852497 0.615116
vt 0.857477 0.617724
vt 0.858933 0.601035
vt 0.836837 0.774281
vt 0.829269 0.779899
vt 0.838336 0.767150
vt 0.847990 0.619371
vt 0.842069 0.653508
vt 0.810437 0.804526
vt 0.795585 0.821991
vt 0.818364 0.790868
vt 0.839109 0.777841
vt 0.823868 0.680645
vt 0.804702 0.689466
vt 0.788571 0.837722
vt 0.787813 0.861681
vt 0.862990 0.615349
vt 0.793687 0.837622
vt 0.791661 0.837537
vt 0.831114 0.684448
vt 0.821256 0.683197
vt 0.833516 0.682019
vt 0.836445 0.673039
vt 0.791436 0.859044
vt 0.836745 0.774382
vt 0.790724 0.703191
vt 0.761103 0.712484
vt 0.762002 0.715185
vt 0.896726 0.891862
vt 0.873062 0.835369
vt 0.826517 0.777113
vt 0.829626 0.780632
vt 0.760223 0.709056
vt 0.833621 0.672071
vt 0.821218 0.677957
vt 0.754516 0.711849
vt 0.755979 0.718578
vt 0.840281 0.743254
vt 0.842263 0.653520
vt 0.851371 0.621825
vt 0.858480 0.615700
vt 0.863995 0.548226
vt 0.833184 0.682438
vt 0.837761 0.673771
vt 0.859780 0.549130
vt 0.872285 0.840440
vt 0.860298 0.811935
vt 0.843287 0.777779
vt 0.891144 0.892937
vt 0.886214 0.882876
vt 0.833609 0.767462
vt 0.788488 0.861998
vt 0.886411 0.893745
vt 0.852564 0.618253
vt 0.859891 0.584915
vt 0.842180 0.653515
vt 0.848664 0.616417
vt 0.832994 0.676952
vt 0.833495 0.682050
vt 0.835384 0.719264
vt 0.830863 0.684489
vt 0.838952 0.765150
vt 0.839865 0.715726
vt 0.820398 0.678668
vt 0.804356 0.688792
vt 0.821346 0.683200
vt 0.845880 0.781507
vt 0.838455 0.774501
vt 0.857720 0.804214
vt 0.885722 0.879643
vt 0.871635 0.839687
vt 0.881419 0.880388
vt 0.829067 0.776731
vt 0.827858 0.777000
vt 0.826498 0.782903
vt 0.806441 0.803597
vt 0.789080 0.817910
vt 0.791246 0.819298
vt 0.789152 0.828307
vt 0.786534 0.860983
vt 0.889743 0.877265
vt 0.895464 0.892164
vt 0.873178 0.835008
vt 0.842590 0.768309
vt 0.844147 0.765383
vt 0.843158 0.715344
vt 0.840740 0.674126
vt 0.837756 0.674235
vt 0.859118 0.614668
vt 0.863431 0.614959
vt 0.863859 0.584905
vt 0.760911 0.712906
vt 0.788470 0.698490
vt 0.791610 0.857354
vt 0.790049 0.862894
vt 0.795776 0.823120
vt 0.793973 0.820160
vt 0.799251 0.817549
vt 0.833387 0.779219
vt 0.854006 0.612389
vt 0.857719 0.584920
vt 0.842252 0.653520
vt 0.834258 0.675826
vt 0.834310 0.681296
vt 0.839944 0.715716
vt 0.838634 0.764269
vt 0.822896 0.680490
vt 0.805849 0.691706
vt 0.789020 0.699854
vt 0.761263 0.712718
vt 0.754611 0.711137
vt 0.754450 0.716479
vt 0.845150 0.778450
vt 0.860406 0.811863
vt 0.872332 0.840408
vt 0.885764 0.879683
vt 0.890551 0.893092
vt 0.834114 0.773240
vt 0.826050 0.783518
vt 0.806565 0.803851
vt 0.791117 0.818209
vt 0.787053 0.857660
vt 0.789305 0.858980
vt 0.787768 0.861653
vt 0.859108 0.614044
vt 0.756143 0.718870
vt 0.450302 0.071735
vt 0.462649 0.129642
vt 0.425174 0.187317
vt 0.450302 0.071735
vt 0.462649 0.129642
vt 0.425174 0.187315
vt 0.284333 0.285481
vt 0.284026 0.192710
vt 0.285658 0.361787
vt 0.294496 0.082459
vt 0.284026 0.192710
vt 0.294496 0.082459
vt 0.618622 0.510238
vt 0.664817 0.415387
vt 0.581980 0.697688
vt 0.571098 0.767023
vt 0.550547 0.749520
vt 0.564375 0.841294
vt 0.581980 0.697688
vt 0.571098 0.767022
vt 0.550547 0.749521
vt 0.564375 0.841294
vt 0.450309 0.071737
vt 0.462644 0.129641
vt 0.425354 0.182808
vt 0.450309 0.071737
vt 0.462644 0.129641
vt 0.425354 0.182808
vt 0.153416 0.746120
vt 0.133686 0.712948
vt 0.127245 0.681737
vt 0.170888 0.785015
vt 0.199245 0.860436
vt 0.212300 0.768981
vt 0.155295 0.704103
vt 0.127245 0.681737
vt 0.199245 0.860436
vt 0.639789 0.586504
vt 0.649697 0.448734
vt 0.664869 0.415396
vt 0.639789 0.586504
vt 0.649697 0.448734
vt 0.664869 0.415396
vt 0.170301 0.347288
vt 0.175097 0.329317
vt 0.147798 0.426846
vt 0.164024 0.388257
vt 0.173233 0.453900
vt 0.238545 0.480581
vt 0.159078 0.526866
vt 0.184444 0.583913
vt 0.174339 0.586735
vt 0.143397 0.442072
vt 0.264593 0.488742
vt 0.173233 0.453900
vt 0.147798 0.426846
vt 0.238545 0.480581
vt 0.159078 0.526867
vt 0.184444 0.583913
vt 0.174339 0.586735
vt 0.143397 0.442072
vt 0.153708 0.385939
vt 0.264593 0.488742
vt 0.169537 0.328258
vt 0.563150 0.698418
vt 0.558874 0.873640
vt 0.091373 0.159320
vt 0.067208 0.092710
vt 0.061508 0.054571
vt 0.047899 0.060489
vt 0.570917 0.671281
vt 0.558874 0.873641
vt 0.639494 0.587622
vt 0.649400 0.448689
vt 0.664857 0.415393
vt 0.570912 0.771825
vt 0.562351 0.853197
vt 0.605160 0.842184
vt 0.570471 0.783779
vt 0.570920 0.671374
vt 0.563482 0.846548
vt 0.606203 0.837903
vt 0.563150 0.698418
vt 0.558874 0.873640
vt 0.570663 0.778648
vt 0.558874 0.873640
vt 0.480691 0.489633
vt 0.505929 0.369764
vt 0.095586 0.170510
vt 0.047941 0.060469
vt 0.430069 0.685659
vt 0.419581 0.659428
vt 0.425596 0.658463
vt 0.430008 0.710539
vt 0.416212 0.684600
vt 0.420301 0.730126
vt 0.405527 0.703747
vt 0.409790 0.748852
vt 0.394953 0.723333
vt 0.397636 0.754245
vt 0.392465 0.744474
vt 0.563207 0.698775
vt 0.566835 0.821337
vt 0.529973 0.833536
vt 0.554786 0.921631
vt 0.592245 0.241227
vt 0.600049 0.176932
vt 0.606632 0.116593
vt 0.594301 0.149937
vt 0.600302 0.175376
vt 0.571022 0.769053
vt 0.570923 0.671474
vt 0.551750 0.744204
vt 0.562097 0.854692
vt 0.183104 0.815632
vt 0.154285 0.749274
vt 0.215325 0.902548
vt 0.127242 0.681738
vt 0.284312 0.283716
vt 0.282148 0.127797
vt 0.294965 0.082525
vt 0.284312 0.283716
vt 0.275710 0.355366
vt 0.282148 0.127797
vt 0.294965 0.082525
vt 0.450309 0.071737
vt 0.462590 0.129624
vt 0.425175 0.187315
vt 0.450309 0.071737
vt 0.462590 0.129624
vt 0.425174 0.187316
vt 0.284333 0.285481
vt 0.294769 0.357204
vt 0.282109 0.127791
vt 0.284333 0.285480
vt 0.282109 0.127791
vt 0.294490 0.082459
vt 0.618622 0.510238
vt 0.664817 0.415387
vt 0.639650 0.587031
vt 0.618622 0.510238
vt 0.664817 0.415387
vt 0.450302 0.071735
vt 0.425174 0.187316
vt 0.159409 0.345024
vt 0.174689 0.454700
vt 0.152624 0.435209
vt 0.238545 0.480581
vt 0.161558 0.536116
vt 0.143504 0.442110
vt 0.184444 0.583913
vt 0.153707 0.385939
vt 0.413546 0.117818
vt 0.425263 0.185096
vt 0.284333 0.285480
vt 0.275710 0.355367
vt 0.294769 0.357204
vt 0.282192 0.129625
vt 0.275709 0.355366
vt 0.294769 0.357205
vt 0.284554 0.304255
vt 0.283247 0.199037
vt 0.285658 0.361787
vt 0.809707 0.693326
vt 0.831589 0.680754
vt 0.825269 0.680563
vt 0.805676 0.691811
vt 0.754441 0.716415
vt 0.756274 0.718814
vt 0.284312 0.283715
vt 0.275710 0.355366
vt 0.294965 0.082525
vt 0.284312 0.283715
vt 0.294769 0.357204
vt 0.282148 0.127797
vt 0.425132 0.188382
vt 0.451398 0.072145
vt 0.412447 0.298802
vt 0.284333 0.285480
vt 0.275710 0.355366
vt 0.294769 0.357204
vt 0.284333 0.285480
vt 0.275709 0.355366
vt 0.282189 0.127802
vt 0.294490 0.082459
vt 0.450309 0.071737
vt 0.462550 0.129611
vt 0.425397 0.181739
vt 0.412447 0.298802
vt 0.283988 0.240909
vt 0.309001 0.085005
vt 0.288298 0.105125
vt 0.842356 0.776551
vt 0.860410 0.811860
vt 0.886949 0.877816
vt 0.889957 0.893075
vt 0.889530 0.888257
vt 0.891562 0.881025
vt 0.874742 0.838800
vt 0.862933 0.810177
vt 0.845275 0.774245
vt 0.847785 0.772471
vt 0.893675 0.892506
vt 0.846195 0.781297
vt 0.860309 0.811928
vt 0.871759 0.840790
vt 0.885442 0.893860
vt 0.275710 0.355366
vt 0.294769 0.357204
vt 0.282192 0.129624
vt 0.294769 0.357204
vt 0.294508 0.082461
vt 0.450419 0.071771
vt 0.425263 0.185097
vt 0.283247 0.199037
vt 0.823148 0.682082
vt 0.803963 0.688423
vt 0.807235 0.691028
vt 0.777472 0.703090
vt 0.754450 0.716487
vt 0.775162 0.711181
vt 0.808004 0.694297
vt 0.830343 0.671749
vt 0.825250 0.680527
vt 0.823024 0.681841
vt 0.806114 0.691685
vt 0.774676 0.706534
vt 0.754821 0.717160
vt 0.831590 0.684359
vt 0.830872 0.676319
vt 0.413367 0.117792
vt 0.425194 0.186836
vt 0.413546 0.117818
vt 0.425263 0.185096
vt 0.275710 0.355366
vt 0.294769 0.357204
vt 0.282250 0.127811
vt 0.284333 0.285480
vt 0.294769 0.357204
vt 0.284333 0.285479
vt 0.282192 0.129624
vt 0.275710 0.355366
vt 0.294769 0.357204
vt 0.294508 0.082461
vt 0.282632 0.127864
vt 0.283988 0.230858
vt 0.275710 0.355366
vt 0.294769 0.357204
vt 0.450419 0.071771
vt 0.450256 0.071720
vt 0.434772 0.120863
vt 0.454970 0.073196
vt 0.423780 0.222264
vt 0.284554 0.304255
vt 0.283247 0.199037
vt 0.294490 0.082459
vt 0.284554 0.304256
vt 0.283247 0.199037
vt 0.294490 0.082459
vt 0.830315 0.671766
vt 0.830978 0.676242
vt 0.804113 0.688337
vt 0.754441 0.716415
vt 0.831746 0.684350
vt 0.831601 0.680751
vt 0.831249 0.678283
vt 0.825283 0.680591
vt 0.754441 0.716415
vt 0.820681 0.682926
vt 0.830256 0.671803
vt 0.830975 0.676243
vt 0.805912 0.691829
vt 0.781169 0.701707
vt 0.806111 0.687199
vt 0.764921 0.711185
vt 0.803220 0.695963
vt 0.763609 0.707686
vt 0.754836 0.717293
vt 0.780818 0.707954
vt 0.831750 0.684350
vt 0.831586 0.680754
vt 0.831249 0.678283
vt 0.825251 0.680528
vt 0.820683 0.682929
vt 0.806208 0.691616
vt 0.754488 0.716701
vt 0.563150 0.698418
vt 0.450302 0.071735
vt 0.425174 0.187316
vt 0.284333 0.285480
vt 0.275709 0.355366
vt 0.294769 0.357204
vt 0.283988 0.234800
vt 0.301082 0.083412
vt 0.285658 0.361257
vt 0.275888 0.355588
vt 0.294717 0.357278
vt 0.238107 0.302234
vt 0.283988 0.210836
vt 0.285658 0.361780
vt 0.294085 0.358173
vt 0.282148 0.127797
vt 0.294534 0.082465
vt 0.282934 0.127907
vt 0.283988 0.205346
vt 0.285658 0.361257
vt 0.275888 0.355588
vt 0.294717 0.357278
vt 0.294508 0.082461
vt 0.284333 0.285480
vt 0.275710 0.355366
vt 0.294769 0.357205
vt 0.283988 0.216015
vt 0.285568 0.341660
vt 0.330407 0.257993
vt 0.282246 0.127810
vt 0.294490 0.082459
vt 0.570912 0.771824
vt 0.562351 0.853196
vt 0.605160 0.842183
vt 0.570039 0.795308
vt 0.563436 0.846815
vt 0.284333 0.285481
vt 0.275710 0.355366
vt 0.294769 0.357204
vt 0.282190 0.127802
vt 0.294490 0.082459
vt 0.450309 0.071737
vt 0.462550 0.129611
vt 0.425397 0.181739
vt 0.412447 0.298802
vt 0.281316 0.127930
vt 0.285567 0.341616
vt 0.276479 0.356324
vt 0.425132 0.188382
vt 0.451399 0.072145
vt 0.412447 0.298802
vt 0.284333 0.285481
vt 0.275710 0.355366
vt 0.294769 0.357204
vt 0.282190 0.127802
vt 0.294490 0.082459
vt 0.450309 0.071737
vt 0.462550 0.129611
vt 0.425397 0.181739
vt 0.412447 0.298802
vt 0.284333 0.285480
vt 0.285658 0.361787
vt 0.842548 0.776691
vt 0.886949 0.877815
vt 0.868821 0.841452
vt 0.889955 0.893075
vt 0.889531 0.888257
vt 0.891561 0.881025
vt 0.847557 0.772898
vt 0.846233 0.781272
vt 0.871150 0.839319
vt 0.885442 0.893860
vt 0.284333 0.285479
vt 0.282192 0.129624
vt 0.275710 0.355366
vt 0.294769 0.357205
vt 0.867610 0.546203
vt 0.840701 0.671798
vt 0.840408 0.741976
vt 0.845740 0.779026
vt 0.850239 0.781826
vt 0.844359 0.765380
vt 0.789292 0.818321
vt 0.790751 0.838365
vt 0.790845 0.818946
vt 0.869429 0.842915
vt 0.881251 0.872913
vt 0.805825 0.691659
vt 0.788252 0.698353
vt 0.789034 0.699881
vt 0.840985 0.764963
vt 0.854892 0.602443
vt 0.857477 0.617725
vt 0.858933 0.601035
vt 0.836836 0.774281
vt 0.829269 0.779899
vt 0.838336 0.767150
vt 0.866892 0.536745
vt 0.847990 0.619372
vt 0.851036 0.622844
vt 0.833485 0.672783
vt 0.810437 0.804526
vt 0.818364 0.790868
vt 0.818636 0.791429
vt 0.839109 0.777841
vt 0.823868 0.680645
vt 0.804701 0.689466
vt 0.788571 0.837722
vt 0.787813 0.861681
vt 0.862990 0.615349
vt 0.793687 0.837622
vt 0.791660 0.837537
vt 0.831114 0.684448
vt 0.821255 0.683197
vt 0.836475 0.673156
vt 0.791436 0.859044
vt 0.794938 0.819188
vt 0.761103 0.712484
vt 0.762121 0.715125
vt 0.774590 0.708902
vt 0.790724 0.703190
vt 0.896726 0.891862
vt 0.873062 0.835370
vt 0.826517 0.777113
vt 0.829626 0.780632
vt 0.754516 0.711849
vt 0.755979 0.718578
vt 0.843246 0.769574
vt 0.838681 0.741336
vt 0.841783 0.745056
vt 0.838458 0.680834
vt 0.842263 0.653520
vt 0.851371 0.621825
vt 0.858480 0.615700
vt 0.863995 0.548226
vt 0.833184 0.682438
vt 0.837761 0.673771
vt 0.859780 0.549130
vt 0.860298 0.811935
vt 0.891144 0.892937
vt 0.886214 0.882877
vt 0.833609 0.767462
vt 0.788489 0.861998
vt 0.886412 0.893745
vt 0.882619 0.887798
vt 0.876284 0.296138
vt 0.868270 0.284820
vt 0.877210 0.304834
vt 0.874735 0.303583
vt 0.873418 0.322787
vt 0.867794 0.339065
vt 0.866060 0.338631
vt 0.870581 0.346001
vt 0.868581 0.346733
vt 0.874947 0.326527
vt 0.877455 0.307842
vt 0.879178 0.308166
vt 0.885321 0.305367
vt 0.878544 0.294666
vt 0.881601 0.304584
vt 0.868608 0.284600
vt 0.877292 0.303926
vt 0.875498 0.308306
vt 0.870992 0.332047
vt 0.868724 0.346640
vt 0.877563 0.307831
vt 0.881653 0.304701
vt 0.868208 0.284861
vt 0.861450 0.276241
vt 0.877108 0.303395
vt 0.874499 0.303219
vt 0.870477 0.331319
vt 0.868184 0.340833
vt 0.866038 0.338709
vt 0.867405 0.346501
vt 0.870550 0.346078
vt 0.879193 0.308097
vt 0.885307 0.305332
vt 0.874080 0.287683
vt 0.881208 0.303928
vt 0.868192 0.284871
vt 0.861409 0.276420
vt 0.877408 0.304425
vt 0.867816 0.339112
vt 0.870591 0.337598
vt 0.880941 0.303432
vt 0.425174 0.187316
vt 0.284333 0.285481
vt 0.284026 0.192710
vt 0.294496 0.082459
vt 0.618622 0.510238
vt 0.571098 0.767022
vt 0.564375 0.841294
vt 0.450309 0.071737
vt 0.425354 0.182808
vt 0.127245 0.681738
vt 0.639789 0.586504
vt 0.664869 0.415396
vt 0.170301 0.347288
vt 0.175097 0.329317
vt 0.164024 0.388257
vt 0.173233 0.453900
vt 0.238544 0.480581
vt 0.155169 0.512365
vt 0.184444 0.583913
vt 0.174339 0.586736
vt 0.264593 0.488742
vt 0.284312 0.283716
vt 0.275710 0.355366
vt 0.282148 0.127797
vt 0.294965 0.082525
vt 0.450309 0.071737
vt 0.462590 0.129624
vt 0.425174 0.187316
vt 0.284333 0.285481
vt 0.275710 0.355366
vt 0.282109 0.127791
vt 0.284312 0.283715
vt 0.294769 0.357204
vt 0.294965 0.082525
vt 0.861474 0.541298
vt 0.856336 0.513867
vt 0.863716 0.513296
vt 0.857385 0.538180
vt 0.852408 0.618711
vt 0.848645 0.615812
vt 0.842303 0.653523
vt 0.831937 0.674822
vt 0.833190 0.681186
vt 0.837114 0.767511
vt 0.825193 0.680463
vt 0.827884 0.673393
vt 0.805953 0.691808
vt 0.787751 0.697375
vt 0.760600 0.712585
vt 0.759515 0.709342
vt 0.859760 0.812294
vt 0.846550 0.780445
vt 0.871684 0.840841
vt 0.883639 0.871784
vt 0.891082 0.892852
vt 0.885260 0.893619
vt 0.815360 0.789955
vt 0.834329 0.766026
vt 0.816296 0.791662
vt 0.791630 0.819271
vt 0.789959 0.852865
vt 0.787930 0.855597
vt 0.789153 0.859004
vt 0.896804 0.891927
vt 0.874886 0.839149
vt 0.844127 0.764893
vt 0.841582 0.738965
vt 0.844227 0.744022
vt 0.840726 0.673276
vt 0.838028 0.676375
vt 0.857609 0.617452
vt 0.862598 0.615844
vt 0.858830 0.602075
vt 0.867561 0.546704
vt 0.867789 0.537277
vt 0.867904 0.512972
vt 0.765022 0.715115
vt 0.826807 0.684762
vt 0.787842 0.861693
vt 0.792580 0.852482
vt 0.795802 0.822873
vt 0.799185 0.817497
vt 0.834893 0.777402
vt 0.834009 0.775091
vt 0.860253 0.513564
vt 0.862455 0.537298
vt 0.854386 0.608314
vt 0.852502 0.622939
vt 0.842448 0.653533
vt 0.832736 0.674697
vt 0.833936 0.681419
vt 0.838631 0.739545
vt 0.838271 0.768288
vt 0.825321 0.680465
vt 0.761459 0.712681
vt 0.754474 0.716658
vt 0.840612 0.775717
vt 0.859920 0.812187
vt 0.884598 0.872399
vt 0.832032 0.775712
vt 0.813909 0.794022
vt 0.791243 0.819075
vt 0.788038 0.861800
vt 0.842623 0.768138
vt 0.841616 0.739989
vt 0.859060 0.614463
vt 0.866388 0.541163
vt 0.864440 0.513240
vt 0.837822 0.674421
vt 0.790411 0.857798
vt 0.793535 0.821371
vt 0.815194 0.796648
vt 0.425132 0.188382
vt 0.451398 0.072145
vt 0.284333 0.285481
vt 0.284333 0.285479
vt 0.294769 0.357205
vt 0.282189 0.127802
vt 0.425397 0.181739
vt 0.284333 0.285481
vt 0.294769 0.357204
vt 0.283988 0.234992
vt 0.294569 0.082470
vt 0.285658 0.344865
vt 0.450302 0.071735
vt 0.462649 0.129642
vt 0.425174 0.187317
vt 0.618622 0.510238
vt 0.664817 0.415387
vt 0.284333 0.285481
vt 0.284124 0.191913
vt 0.284554 0.304254
vt 0.283247 0.199037
vt 0.425132 0.188383
vt 0.451398 0.072145
vt 0.294508 0.082461
vt 0.284333 0.285481
vt 0.294769 0.357204
vt 0.284333 0.285480
vt 0.275710 0.355367
vt 0.294769 0.357204
vt 0.450309 0.071737
vt 0.462550 0.129611
vt 0.425397 0.181739
vt 0.450302 0.071735
vt 0.462649 0.129642
vt 0.425174 0.187316
vt 0.294769 0.357205
vt 0.284124 0.191915
vt 0.284333 0.285481
vt 0.294769 0.357204
vt 0.754450 0.716479
vt 0.885273 0.893680
vt 0.545029 0.926421
vt 0.625848 0.614678
vt 0.516279 0.373397
vt 0.538390 0.530624
vt 0.060228 0.160296
vt 0.137534 0.280309
vt 0.596839 0.144690
vt 0.567975 0.317336
vt 0.617758 0.149217
vt 0.215400 0.902743
vt 0.482702 0.232578
vt 0.285658 0.361905
vt 0.163913 0.461167
vt 0.754496 0.711181
vt 0.845290 0.774293
vt 0.754734 0.711092
vt 0.754496 0.711181
vt 0.881647 0.304679
vt 0.791454 0.819248
vt 0.786548 0.860902
vt 0.754428 0.716317
vt 0.791454 0.819248
vt 0.786547 0.860902
vt 0.754428 0.716318
vt 0.754450 0.716479
vt 0.885273 0.893680
vt 0.838216 0.676268
vt 0.393872 0.753294
vt 0.285658 0.361787
vt 0.285658 0.361787
vt 0.754496 0.711181
vt 0.285658 0.361787
vt 0.306331 0.108288
vt 0.285658 0.361787
vt 0.754734 0.711092
vt 0.791454 0.819248
vt 0.786548 0.860902
vt 0.754428 0.716317
vt 0.868791 0.346723
s 1
usemtl shrub_04.001
f 97/1/97 72/2/72 114/3/114
f 98/4/98 5/5/5 113/6/113
f 97/1/97 5/5/5 2/7/2
f 99/8/99 4/9/4 98/4/98
f 100/10/100 8/11/8 99/8/99
f 100/10/100 11/12/11 10/13/10
f 119/14/119 12/15/12 118/16/118
f 120/17/120 14/18/14 119/14/119
f 121/19/121 14/18/14 120/17/120
f 122/20/122 15/21/15 121/19/121
f 122/20/122 18/22/18 15/21/15
f 101/23/101 20/24/20 115/25/115
f 103/26/103 22/27/22 102/28/102
f 104/29/104 24/30/24 103/26/103
f 105/31/105 29/32/29 27/33/27
f 106/34/106 29/32/29 105/31/105
f 107/35/107 30/36/30 106/34/106
f 108/37/108 33/38/33 107/35/107
f 109/39/109 35/40/35 108/37/108
f 110/41/110 35/40/35 109/39/109
f 123/42/123 39/43/39 110/41/110
f 124/44/124 43/45/43 42/46/42
f 134/47/134 43/45/43 111/48/111
f 123/42/123 45/49/45 40/50/40
f 126/51/126 45/49/45 125/52/125
f 127/53/127 47/54/47 126/51/126
f 92/55/92 53/56/53 130/57/130
f 93/58/93 53/56/53 92/55/92
f 94/59/94 55/60/55 93/58/93
f 95/61/95 57/62/57 94/59/94
f 112/63/112 58/64/58 95/61/95
f 134/47/134 62/65/62 44/66/44
f 135/67/135 64/68/64 62/65/62
f 136/69/136 65/70/65 64/68/64
f 137/71/137 67/72/67 65/70/65
f 138/73/138 68/74/68 67/72/67
f 139/75/139 68/74/68 138/73/138
f 139/75/139 70/76/70 68/74/68
f 59/77/59 61/78/61 95/61/95
f 59/77/59 94/59/94 56/79/56
f 56/79/56 94/59/94 93/58/93
f 54/80/54 93/58/93 92/55/92
f 54/80/54 91/81/91 52/82/52
f 41/83/41 90/84/90 89/85/89
f 41/83/41 88/86/88 38/87/38
f 38/87/38 87/88/87 37/89/37
f 36/90/36 87/88/87 86/91/86
f 34/92/34 86/91/86 85/93/85
f 32/94/32 85/93/85 84/95/84
f 31/96/31 84/95/84 83/97/83
f 28/98/28 83/97/83 82/99/82
f 28/98/28 82/99/82 81/100/81
f 26/101/26 81/100/81 80/102/80
f 26/101/26 80/102/80 23/103/23
f 23/103/23 79/104/79 21/105/21
f 21/105/21 117/106/117 12/15/12
f 9/107/9 78/108/78 77/109/77
f 7/110/7 77/109/77 76/111/76
f 3/112/3 76/111/76 75/113/75
f 1/114/1 75/113/75 74/115/74
f 1/114/1 96/116/96 73/117/73
f 92/55/92 130/57/130 91/81/91
f 91/81/91 111/48/111 90/84/90
f 89/85/89 111/48/111 124/44/124
f 89/85/89 110/41/110 88/86/88
f 88/86/88 109/39/109 87/88/87
f 86/91/86 108/37/108 85/93/85
f 85/93/85 107/35/107 84/95/84
f 82/99/82 106/34/106 105/31/105
f 81/100/81 105/31/105 104/29/104
f 81/100/81 103/26/103 80/102/80
f 80/102/80 102/28/102 79/104/79
f 117/106/117 102/28/102 101/23/101
f 77/109/77 101/23/101 100/10/100
f 76/111/76 100/10/100 99/8/99
f 75/113/75 99/8/99 98/4/98
f 74/115/74 113/6/113 97/1/97
f 75/113/75 98/4/98 113/6/113
f 74/115/74 114/3/114 96/116/96
f 17/118/17 121/19/121 16/119/16
f 16/119/16 120/17/120 19/120/19
f 13/121/13 116/122/116 78/108/78
f 117/106/117 101/23/101 78/108/78
f 120/17/120 119/14/119 116/122/116
f 116/122/116 118/16/118 78/108/78
f 89/85/89 124/44/124 123/42/123
f 49/123/49 128/124/128 127/53/127
f 49/123/49 127/53/127 126/51/126
f 46/125/46 126/51/126 125/52/125
f 46/125/46 124/44/124 42/46/42
f 125/52/125 123/42/123 124/44/124
f 91/81/91 130/57/130 134/47/134
f 69/126/69 133/127/133 132/128/132
f 69/126/69 132/128/132 195/129/195
f 66/130/66 132/128/132 137/71/137
f 63/131/63 131/132/131 136/69/136
f 63/131/63 136/69/136 130/57/130
f 63/131/63 130/57/130 53/56/53
f 132/128/132 139/75/139 138/73/138
f 131/132/131 137/71/137 136/69/136
f 130/57/130 135/67/135 134/47/134
f 72/2/72 164/1/164 180/3/180
f 179/6/179 4/9/4 165/4/165
f 164/1/164 5/5/5 179/6/179
f 165/4/165 8/11/8 166/8/166
f 166/8/166 10/13/10 167/10/167
f 167/10/167 11/12/11 168/133/168
f 168/133/168 115/25/115 169/134/169
f 12/15/12 183/135/183 182/136/182
f 14/18/14 184/137/184 183/135/183
f 14/18/14 185/19/185 184/137/184
f 15/21/15 186/138/186 185/19/185
f 20/24/20 170/139/170 169/134/169
f 24/30/24 171/140/171 170/139/170
f 171/140/171 25/141/25 172/142/172
f 172/142/172 27/33/27 173/143/173
f 173/143/173 30/36/30 174/34/174
f 174/34/174 30/36/30 175/144/175
f 175/144/175 33/38/33 152/145/152
f 33/38/33 176/146/176 152/145/152
f 35/40/35 177/147/177 176/146/176
f 35/40/35 155/148/155 177/147/177
f 39/43/39 187/149/187 155/148/155
f 188/150/188 43/45/43 178/151/178
f 43/45/43 158/152/158 178/151/178
f 187/149/187 45/49/45 189/153/189
f 189/153/189 47/54/47 190/154/190
f 190/154/190 48/155/48 191/156/191
f 191/156/191 48/155/48 192/157/192
f 192/157/192 50/158/50 193/159/193
f 198/160/198 55/60/55 159/161/159
f 159/161/159 57/62/57 160/162/160
f 57/62/57 161/163/161 160/162/160
f 58/64/58 162/164/162 161/163/161
f 158/152/158 44/66/44 199/165/199
f 199/165/199 62/65/62 200/67/200
f 200/67/200 64/68/64 201/166/201
f 64/68/64 202/167/202 201/166/201
f 202/167/202 67/72/67 203/168/203
f 203/168/203 67/72/67 204/169/204
f 204/169/204 70/76/70 205/170/205
f 161/163/161 61/78/61 59/77/59
f 160/162/160 59/77/59 56/79/56
f 197/171/197 56/79/56 54/80/54
f 197/171/197 54/80/54 52/82/52
f 41/83/41 157/172/157 52/82/52
f 155/148/155 41/83/41 38/87/38
f 154/173/154 38/87/38 37/89/37
f 154/173/154 37/89/37 36/90/36
f 152/145/152 36/90/36 34/92/34
f 151/174/151 34/92/34 32/94/32
f 151/174/151 32/94/32 31/96/31
f 150/175/150 31/96/31 28/98/28
f 26/101/26 149/176/149 28/98/28
f 147/177/147 26/101/26 23/103/23
f 146/178/146 23/103/23 21/105/21
f 146/178/146 21/105/21 12/15/12
f 182/136/182 146/178/146 12/15/12
f 9/107/9 145/179/145 13/121/13
f 143/111/143 9/107/9 7/110/7
f 141/180/141 7/110/7 3/112/3
f 140/115/140 6/181/6 1/114/1
f 142/182/142 3/112/3 6/181/6
f 163/116/163 1/114/1 73/117/73
f 198/160/198 159/161/159 197/171/197
f 178/151/178 158/152/158 157/172/157
f 156/183/156 178/151/178 157/172/157
f 177/147/177 155/148/155 154/173/154
f 176/146/176 154/173/154 153/184/153
f 175/144/175 152/145/152 151/174/151
f 174/34/174 151/174/151 150/175/150
f 149/176/149 173/143/173 150/175/150
f 171/140/171 149/176/149 148/185/148
f 170/139/170 148/185/148 147/177/147
f 169/134/169 147/177/147 146/178/146
f 168/133/168 146/178/146 145/179/145
f 144/109/144 168/133/168 145/179/145
f 143/111/143 167/10/167 144/109/144
f 141/180/141 166/8/166 143/111/143
f 140/115/140 179/6/179 142/182/142
f 142/182/142 165/4/165 141/180/141
f 180/3/180 140/115/140 163/116/163
f 13/121/13 145/179/145 181/186/181
f 185/19/185 17/118/17 16/119/16
f 184/137/184 16/119/16 19/120/19
f 13/121/13 181/186/181 19/120/19
f 145/179/145 182/136/182 181/186/181
f 183/135/183 184/137/184 181/186/181
f 49/123/49 192/157/192 51/187/51
f 46/125/46 190/154/190 49/123/49
f 188/150/188 46/125/46 42/46/42
f 187/149/187 189/153/189 188/150/188
f 158/152/158 198/160/198 197/171/197
f 69/126/69 205/170/205 71/188/71
f 131/132/131 202/167/202 66/130/66
f 63/131/63 194/189/194 131/132/131
f 199/165/199 63/131/63 53/56/53
f 158/152/158 199/165/199 198/160/198
f 203/168/203 196/190/196 195/129/195
f 202/167/202 203/168/203 195/129/195
f 199/165/199 200/67/200 201/166/201
f 255/191/255 284/192/284 273/193/273
f 246/194/246 208/195/208 255/191/255
f 257/196/257 211/43/211 246/194/246
f 258/197/258 215/198/215 214/46/214
f 267/199/267 215/198/215 256/200/256
f 259/201/259 219/54/219 212/202/212
f 260/203/260 221/204/221 219/54/219
f 261/205/261 221/204/221 260/203/260
f 261/205/261 224/206/224 222/207/222
f 249/208/249 226/209/226 266/210/266
f 250/211/250 228/212/228 249/208/249
f 251/213/251 228/212/228 250/211/250
f 252/214/252 231/215/231 251/213/251
f 267/199/267 234/216/234 217/217/217
f 268/218/268 236/219/236 234/216/234
f 269/220/269 238/221/238 237/222/237
f 270/223/270 240/224/240 238/221/238
f 271/225/271 243/226/243 240/224/240
f 232/227/232 251/213/251 230/228/230
f 230/228/230 250/211/250 229/229/229
f 229/229/229 266/210/266 227/80/227
f 227/80/227 266/210/266 225/230/225
f 225/230/225 248/231/248 216/232/216
f 213/233/213 248/231/248 247/234/247
f 213/233/213 246/194/246 210/87/210
f 210/87/210 245/235/245 209/236/209
f 206/237/206 245/235/245 274/238/274
f 247/234/247 256/200/256 258/197/258
f 246/194/246 255/191/255 245/235/245
f 245/235/245 273/193/273 274/238/274
f 247/234/247 258/197/258 257/196/257
f 262/239/262 261/205/261 223/240/223
f 218/241/218 260/203/260 259/201/259
f 218/241/218 258/197/258 214/46/214
f 259/201/259 257/196/257 258/197/258
f 256/200/256 263/242/263 267/199/267
f 225/230/225 266/210/266 256/200/256
f 242/243/242 272/244/272 271/225/271
f 241/245/241 271/225/271 270/223/270
f 241/245/241 265/246/265 239/247/239
f 239/247/239 265/246/265 296/248/296
f 235/249/235 265/246/265 268/218/268
f 233/250/233 268/218/268 264/251/264
f 233/250/233 263/242/263 226/209/226
f 265/246/265 270/223/270 269/220/269
f 265/246/265 269/220/269 268/218/268
f 264/251/264 268/218/268 267/199/267
f 264/251/264 267/199/267 263/242/263
f 253/252/253 208/195/208 285/253/285
f 208/195/208 276/254/276 285/253/285
f 211/43/211 288/255/288 276/254/276
f 289/256/289 215/198/215 286/257/286
f 215/198/215 299/258/299 286/257/286
f 288/255/288 212/202/212 290/259/290
f 290/259/290 219/54/219 291/260/291
f 292/261/292 224/206/224 293/262/293
f 294/263/294 226/209/226 280/264/280
f 226/209/226 281/265/281 280/264/280
f 228/212/228 282/266/282 281/265/281
f 228/212/228 283/267/283 282/266/282
f 231/215/231 287/268/287 283/267/283
f 299/258/299 217/217/217 300/269/300
f 300/269/300 234/216/234 301/270/301
f 301/270/301 236/219/236 302/271/302
f 302/271/302 238/221/238 240/224/240
f 240/224/240 243/226/243 244/272/244
f 283/267/283 232/227/232 230/228/230
f 282/266/282 230/228/230 229/229/229
f 227/80/227 281/265/281 229/229/229
f 279/273/279 227/80/227 225/230/225
f 278/274/278 225/230/225 216/232/216
f 213/233/213 278/274/278 216/232/216
f 276/254/276 213/233/213 210/87/210
f 275/275/275 210/87/210 209/236/209
f 275/275/275 209/236/209 207/276/207
f 254/277/254 207/276/207 206/237/206
f 286/257/286 279/273/279 278/274/278
f 277/278/277 286/257/286 278/274/278
f 285/253/285 276/254/276 275/275/275
f 253/252/253 275/275/275 254/277/254
f 292/261/292 262/239/262 223/240/223
f 221/204/221 292/261/292 291/260/291
f 220/279/220 291/260/291 223/240/223
f 218/241/218 291/260/291 220/279/220
f 289/256/289 218/241/218 214/46/214
f 288/255/288 290/259/290 289/256/289
f 241/245/241 298/280/298 242/243/242
f 297/281/297 241/245/241 239/247/239
f 233/250/233 295/282/295 235/249/235
f 294/263/294 233/250/233 226/209/226
f 297/281/297 240/224/240 298/280/298
f 302/271/302 297/281/297 296/248/296
f 295/282/295 302/271/302 296/248/296
f 300/269/300 301/270/301 295/282/295
f 305/283/305 303/284/303 304/285/304
f 309/286/309 306/287/306 307/288/307
f 309/286/309 310/289/310 308/290/308
f 312/291/312 311/292/311 310/289/310
f 312/291/312 313/293/313 311/292/311
f 315/294/315 312/291/312 316/295/316
f 316/295/316 312/291/312 317/296/317
f 317/296/317 309/286/309 318/297/318
f 319/298/319 309/286/309 307/288/307
f 320/299/320 307/288/307 305/283/305
f 321/300/321 305/283/305 304/285/304
f 326/288/326 323/301/323 324/302/324
f 328/286/328 325/287/325 326/288/326
f 328/286/328 329/289/329 327/290/327
f 331/303/331 330/292/330 329/289/329
f 331/303/331 332/293/332 330/292/330
f 334/294/334 331/303/331 335/295/335
f 335/295/335 331/303/331 336/296/336
f 336/296/336 328/286/328 337/297/337
f 338/298/338 328/286/328 326/288/326
f 339/299/339 326/288/326 324/302/324
f 347/304/347 343/305/343 344/306/344
f 347/304/347 348/307/348 346/308/346
f 350/309/350 347/304/347 351/310/351
f 351/310/351 347/304/347 352/311/352
f 352/311/352 344/306/344 353/312/353
f 354/313/354 344/306/344 342/314/342
f 355/315/355 342/314/342 341/316/341
f 360/317/360 356/284/356 357/285/357
f 362/286/362 359/287/359 360/317/360
f 365/318/365 361/290/361 362/286/362
f 365/318/365 364/292/364 363/289/363
f 365/318/365 366/293/366 364/292/364
f 368/294/368 365/318/365 369/295/369
f 369/295/369 365/318/365 370/296/370
f 370/296/370 362/286/362 371/297/371
f 371/297/371 360/317/360 372/298/372
f 374/300/374 360/317/360 357/285/357
f 380/319/380 376/301/376 377/320/377
f 383/321/383 379/290/379 380/319/380
f 383/321/383 382/292/382 381/289/381
f 383/321/383 384/293/384 382/292/382
f 386/294/386 383/321/383 387/295/387
f 387/295/387 383/321/383 388/296/388
f 388/296/388 380/319/380 389/297/389
f 389/297/389 380/319/380 390/298/390
f 391/299/391 380/319/380 377/320/377
f 395/283/395 393/284/393 394/285/394
f 399/286/399 396/287/396 397/288/397
f 399/286/399 400/289/400 398/290/398
f 402/322/402 401/292/401 400/289/400
f 402/322/402 403/293/403 401/292/401
f 405/294/405 402/322/402 406/295/406
f 406/295/406 402/322/402 407/296/407
f 407/296/407 399/286/399 408/297/408
f 409/298/409 399/286/399 397/288/397
f 410/299/410 397/288/397 395/283/395
f 411/300/411 395/283/395 394/285/394
f 416/288/416 413/301/413 414/323/414
f 418/286/418 415/287/415 416/288/416
f 418/286/418 419/289/419 417/290/417
f 421/291/421 420/292/420 419/289/419
f 421/291/421 422/293/422 420/292/420
f 424/294/424 421/291/421 425/295/425
f 425/295/425 421/291/421 426/296/426
f 426/296/426 418/286/418 427/297/427
f 428/298/428 418/286/418 416/288/416
f 429/299/429 416/288/416 414/323/414
f 433/324/433 443/325/443 442/326/442
f 435/327/435 444/328/444 443/325/443
f 444/328/444 439/329/439 445/330/445
f 445/330/445 441/331/441 446/332/446
f 445/330/445 440/333/440 438/334/438
f 444/328/444 438/334/438 436/335/436
f 443/325/443 436/335/436 434/336/434
f 432/337/432 443/325/443 434/336/434
f 451/338/451 448/339/448 447/340/447
f 453/341/453 450/342/450 451/338/451
f 453/341/453 454/343/454 452/344/452
f 456/345/456 453/341/453 457/346/457
f 457/346/457 451/338/451 458/347/458
f 458/347/458 451/338/451 459/348/459
f 460/349/460 451/338/451 447/340/447
f 464/350/464 462/284/462 463/285/463
f 467/351/467 465/287/465 464/350/464
f 467/351/467 468/292/468 466/352/466
f 469/353/469 470/293/470 468/292/468
f 472/294/472 469/353/469 473/295/473
f 473/295/473 467/351/467 474/296/474
f 474/296/474 467/351/467 475/297/475
f 476/298/476 467/351/467 464/350/464
f 478/300/478 464/350/464 463/285/463
f 485/354/485 481/355/481 482/356/482
f 485/354/485 486/357/486 484/358/484
f 487/359/487 488/360/488 486/357/486
f 490/361/490 487/359/487 491/362/491
f 491/362/491 485/354/485 492/363/492
f 494/364/494 485/354/485 482/356/482
f 496/365/496 482/356/482 479/366/479
f 501/367/501 498/368/498 499/369/499
f 503/370/503 500/371/500 501/367/501
f 503/370/503 504/357/504 502/358/502
f 506/372/506 505/360/505 504/357/504
f 507/361/507 506/372/506 508/362/508
f 508/362/508 503/370/503 509/363/509
f 509/363/509 501/367/501 510/373/510
f 511/364/511 501/367/501 499/369/499
f 513/365/513 499/369/499 497/374/497
f 518/375/518 515/301/515 516/376/516
f 518/375/518 519/289/519 517/377/517
f 521/378/521 520/292/520 519/289/519
f 521/378/521 522/293/522 520/292/520
f 524/294/524 521/378/521 525/295/525
f 525/295/525 521/378/521 526/296/526
f 526/296/526 518/375/518 527/297/527
f 529/299/529 518/375/518 516/376/516
f 537/379/537 533/380/533 534/381/534
f 537/379/537 536/382/536 535/383/535
f 537/379/537 538/384/538 536/382/536
f 539/385/539 540/386/540 538/384/538
f 542/387/542 539/385/539 543/388/543
f 543/388/543 537/379/537 544/389/544
f 546/390/546 537/379/537 534/381/534
f 548/391/548 534/381/534 531/392/531
f 549/393/549 553/394/553 554/395/554
f 552/396/552 553/394/553 550/397/550
f 554/395/554 553/394/553 556/398/556
f 553/394/553 559/399/559 556/398/556
f 553/394/553 560/400/560 558/401/558
f 558/401/558 562/402/562 559/399/559
f 558/401/558 563/403/563 561/404/561
f 567/405/567 565/406/565 564/407/564
f 570/408/570 566/409/566 567/405/567
f 570/408/570 569/410/569 568/411/568
f 570/408/570 571/412/571 569/410/569
f 573/413/573 572/414/572 571/412/571
f 574/415/574 573/413/573 575/416/575
f 575/416/575 570/408/570 576/417/576
f 576/417/576 570/408/570 577/418/577
f 578/419/578 570/408/570 567/405/567
f 579/420/579 567/405/567 564/407/564
f 587/421/587 583/409/583 584/405/584
f 587/421/587 586/410/586 585/411/585
f 587/421/587 588/412/588 586/410/586
f 590/413/590 589/414/589 588/412/588
f 591/422/591 587/421/587 592/417/592
f 592/417/592 587/421/587 593/418/593
f 594/419/594 587/421/587 584/405/584
f 595/420/595 584/405/584 582/423/582
f 596/424/596 582/423/582 581/425/581
f 598/426/598 600/427/600 597/393/597
f 599/428/599 600/427/600 598/426/598
f 597/393/597 601/429/601 602/395/602
f 602/395/602 601/429/601 604/398/604
f 601/429/601 607/399/607 604/398/604
f 601/429/601 608/400/608 606/401/606
f 606/401/606 610/402/610 607/399/607
f 606/401/606 611/403/611 609/404/609
f 615/405/615 613/406/613 612/430/612
f 617/431/617 614/409/614 615/405/615
f 617/431/617 618/410/618 616/411/616
f 619/432/619 620/412/620 618/410/618
f 622/433/622 621/414/621 620/412/620
f 623/415/623 622/433/622 624/416/624
f 624/416/624 619/432/619 625/417/625
f 625/417/625 617/431/617 626/418/626
f 627/419/627 617/431/617 615/405/615
f 628/420/628 615/405/615 612/430/612
f 631/428/631 632/434/632 630/435/630
f 632/434/632 634/436/634 635/395/635
f 633/396/633 634/436/634 632/434/632
f 635/395/635 634/436/634 637/398/637
f 634/436/634 640/399/640 637/398/637
f 634/436/634 641/400/641 639/401/639
f 639/401/639 643/402/643 640/399/640
f 639/401/639 644/403/644 642/404/642
f 648/405/648 646/406/646 645/437/645
f 651/438/651 647/409/647 648/405/648
f 651/438/651 650/410/650 649/411/649
f 651/438/651 652/412/652 650/410/650
f 654/439/654 653/414/653 652/412/652
f 655/440/655 651/438/651 656/417/656
f 656/417/656 651/438/651 657/418/657
f 658/419/658 651/438/651 648/405/648
f 659/420/659 648/405/648 645/437/645
f 665/441/665 662/406/662 661/442/661
f 665/441/665 664/411/664 663/409/663
f 665/441/665 666/410/666 664/411/664
f 668/443/668 667/412/667 666/410/666
f 668/443/668 669/414/669 667/412/667
f 671/415/671 668/443/668 672/416/672
f 672/416/672 668/443/668 673/417/673
f 673/417/673 665/441/665 674/418/674
f 676/420/676 665/441/665 661/442/661
f 679/444/679 681/445/681 678/393/678
f 680/428/680 681/445/681 679/444/679
f 678/393/678 682/446/682 683/395/683
f 683/395/683 682/446/682 685/398/685
f 682/446/682 688/399/688 685/398/685
f 682/446/682 689/400/689 687/401/687
f 687/401/687 691/402/691 688/399/688
f 687/401/687 692/403/692 690/404/690
f 695/306/695 693/447/693 694/448/694
f 697/449/697 693/447/693 695/306/695
f 697/449/697 698/308/698 696/450/696
f 699/451/699 700/307/700 698/308/698
f 702/309/702 699/451/699 703/310/703
f 703/310/703 697/449/697 704/311/704
f 704/311/704 695/306/695 705/312/705
f 706/313/706 695/306/695 694/448/694
f 711/405/711 709/406/709 708/437/708
f 714/452/714 710/409/710 711/405/711
f 714/452/714 713/410/713 712/411/712
f 714/452/714 715/412/715 713/410/713
f 717/439/717 716/414/716 715/412/715
f 718/415/718 717/439/717 719/416/719
f 719/416/719 714/452/714 720/417/720
f 720/417/720 714/452/714 721/418/721
f 722/419/722 714/452/714 711/405/711
f 723/420/723 711/405/711 708/437/708
f 729/453/729 725/454/725 726/455/726
f 732/456/732 728/409/728 729/453/729
f 732/456/732 731/410/731 730/411/730
f 732/456/732 733/412/733 731/410/731
f 735/457/735 734/414/734 733/412/733
f 736/415/736 735/457/735 737/416/737
f 737/416/737 732/456/732 738/417/738
f 738/417/738 732/456/732 739/418/739
f 740/419/740 732/456/732 729/453/729
f 742/424/742 729/453/729 726/455/726
f 744/444/744 746/458/746 743/393/743
f 745/428/745 746/458/746 744/444/744
f 743/393/743 747/459/747 748/395/748
f 748/395/748 747/459/747 750/398/750
f 747/459/747 753/399/753 750/398/750
f 747/459/747 754/400/754 752/401/752
f 752/401/752 756/402/756 753/399/753
f 752/401/752 757/403/757 755/404/755
f 785/460/785 758/461/758 784/462/784
f 786/463/786 792/464/792 794/465/794
f 789/466/789 764/467/764 786/463/786
f 789/466/789 771/468/771 768/469/768
f 790/470/790 772/471/772 771/468/771
f 790/470/790 773/472/773 772/471/772
f 787/473/787 775/474/775 761/475/761
f 788/476/788 776/477/776 787/473/787
f 788/476/788 780/478/780 778/479/778
f 783/480/783 782/481/782 781/482/781
f 779/483/779 782/481/782 788/476/788
f 779/483/779 787/473/787 777/484/777
f 774/485/774 787/473/787 761/475/761
f 774/485/774 786/463/786 764/467/764
f 763/486/763 794/465/794 793/487/793
f 759/488/759 785/460/785 784/462/784
f 791/489/791 790/470/790 770/490/770
f 770/490/770 790/470/790 769/491/769
f 767/492/767 790/470/790 789/466/789
f 765/493/765 786/463/786 763/486/763
f 793/487/793 785/460/785 762/494/762
f 794/465/794 760/495/760 785/460/785
f 801/496/801 797/409/797 798/497/798
f 801/496/801 800/410/800 799/411/799
f 801/496/801 802/412/802 800/410/800
f 804/413/804 803/414/803 802/412/802
f 805/415/805 804/413/804 806/416/806
f 806/416/806 801/496/801 807/417/807
f 809/419/809 801/496/801 798/497/798
f 811/424/811 798/497/798 795/498/795
f 813/428/813 814/499/814 812/500/812
f 814/499/814 816/501/816 817/395/817
f 815/396/815 816/501/816 814/499/814
f 817/395/817 816/501/816 819/398/819
f 816/501/816 822/399/822 819/398/819
f 816/501/816 823/400/823 821/401/821
f 821/401/821 825/402/825 822/399/822
f 821/401/821 826/403/826 824/404/824
f 830/405/830 828/406/828 827/502/827
f 833/503/833 829/409/829 830/405/830
f 833/503/833 832/410/832 831/411/831
f 833/503/833 834/504/834 832/410/832
f 836/505/836 833/503/833 837/417/837
f 837/417/837 833/503/833 838/418/838
f 839/419/839 833/503/833 830/405/830
f 840/420/840 830/405/830 827/502/827
f 845/405/845 843/406/843 842/437/842
f 848/506/848 844/409/844 845/405/845
f 848/506/848 847/410/847 846/411/846
f 848/506/848 849/507/849 847/410/847
f 851/508/851 848/506/848 852/417/852
f 852/417/852 848/506/848 853/418/853
f 854/419/854 848/506/848 845/405/845
f 855/420/855 845/405/845 842/437/842
f 863/509/863 859/409/859 860/510/860
f 863/509/863 862/410/862 861/411/861
f 863/509/863 864/412/864 862/410/862
f 866/439/866 865/414/865 864/412/864
f 867/415/867 866/439/866 868/416/868
f 868/416/868 863/509/863 869/417/869
f 871/419/871 863/509/863 860/510/860
f 873/424/873 860/510/860 857/511/857
f 884/512/884 874/513/874 882/514/882
f 884/512/884 878/515/878 876/516/876
f 886/517/886 878/515/878 885/518/885
f 877/519/877 885/518/885 884/512/884
f 875/520/875 884/512/884 883/521/883
f 883/521/883 884/512/884 882/514/882
f 887/522/887 874/513/874 889/523/889
f 889/523/889 876/516/876 890/524/890
f 890/524/890 878/515/878 891/260/891
f 878/515/878 892/525/892 891/260/891
f 879/279/879 891/260/891 881/526/881
f 877/519/877 891/260/891 879/279/879
f 889/523/889 877/519/877 875/520/875
f 887/522/887 889/523/889 888/527/888
f 893/393/893 897/528/897 898/395/898
f 896/396/896 897/528/897 894/529/894
f 898/395/898 897/528/897 900/398/900
f 897/528/897 903/399/903 900/398/900
f 897/528/897 904/400/904 902/401/902
f 902/401/902 906/402/906 903/399/903
f 902/401/902 907/403/907 905/404/905
f 911/405/911 909/406/909 908/407/908
f 914/530/914 910/409/910 911/405/911
f 914/530/914 913/410/913 912/411/912
f 914/530/914 915/412/915 913/410/913
f 917/531/917 916/414/916 915/412/915
f 918/422/918 914/530/914 919/417/919
f 919/417/919 914/530/914 920/418/920
f 921/419/921 914/530/914 911/405/911
f 922/420/922 911/405/911 908/407/908
f 930/532/930 926/409/926 927/405/927
f 930/532/930 929/410/929 928/411/928
f 930/532/930 931/533/931 929/410/929
f 933/534/933 930/532/930 934/417/934
f 934/417/934 930/532/930 935/418/935
f 936/419/936 930/532/930 927/405/927
f 937/420/937 927/405/927 925/535/925
f 938/424/938 925/535/925 924/536/924
f 940/537/940 942/538/942 939/393/939
f 941/428/941 942/538/942 940/537/940
f 939/393/939 943/539/943 944/395/944
f 944/395/944 943/539/943 946/398/946
f 943/539/943 949/399/949 946/398/946
f 943/539/943 950/400/950 948/401/948
f 948/401/948 952/402/952 949/399/949
f 948/401/948 953/403/953 951/404/951
f 957/405/957 955/406/955 954/430/954
f 960/540/960 956/409/956 957/405/957
f 960/540/960 959/410/959 958/411/958
f 960/540/960 961/412/961 959/410/959
f 963/439/963 962/414/962 961/412/961
f 964/415/964 963/439/963 965/416/965
f 965/416/965 960/540/960 966/417/966
f 966/417/966 960/540/960 967/418/967
f 968/419/968 960/540/960 957/405/957
f 969/420/969 957/405/957 954/430/954
f 984/541/984 972/542/972 971/543/971
f 980/544/980 972/542/972 979/545/979
f 981/211/981 973/212/973 980/544/980
f 982/546/982 973/212/973 981/211/981
f 985/547/985 990/548/990 982/546/982
f 977/549/977 982/546/982 975/550/975
f 975/550/975 981/211/981 974/551/974
f 974/551/974 979/545/979 978/552/978
f 983/553/983 985/547/985 982/546/982
f 979/545/979 984/541/984 978/552/978
f 991/541/991 972/542/972 987/264/987
f 972/542/972 988/554/988 987/264/987
f 973/212/973 989/555/989 988/554/988
f 973/212/973 990/548/990 989/555/989
f 976/556/976 983/553/983 990/548/990
f 990/548/990 983/553/983 977/549/977
f 989/555/989 975/550/975 974/551/974
f 978/552/978 988/554/988 974/551/974
f 993/557/993 995/558/995 992/393/992
f 994/428/994 995/558/995 993/557/993
f 992/393/992 996/446/996 997/395/997
f 997/395/997 996/446/996 999/398/999
f 996/446/996 1002/399/1002 999/398/999
f 996/446/996 1003/400/1003 1001/401/1001
f 1001/401/1001 1005/402/1005 1002/399/1002
f 1001/401/1001 1006/403/1006 1004/404/1004
f 1010/405/1010 1008/406/1008 1007/430/1007
f 1013/559/1013 1009/409/1009 1010/405/1010
f 1013/559/1013 1012/410/1012 1011/411/1011
f 1013/559/1013 1014/412/1014 1012/410/1012
f 1016/560/1016 1015/414/1015 1014/412/1014
f 1017/534/1017 1013/559/1013 1018/417/1018
f 1018/417/1018 1013/559/1013 1019/418/1019
f 1020/419/1020 1013/559/1013 1010/405/1010
f 1021/420/1021 1010/405/1010 1007/430/1007
f 1028/561/1028 1024/406/1024 1025/562/1025
f 1028/561/1028 1027/411/1027 1026/409/1026
f 1028/561/1028 1029/410/1029 1027/411/1027
f 1031/563/1031 1030/412/1030 1029/410/1029
f 1031/563/1031 1032/414/1032 1030/412/1030
f 1034/415/1034 1031/563/1031 1035/416/1035
f 1035/416/1035 1031/563/1031 1036/417/1036
f 1036/417/1036 1028/561/1028 1037/418/1037
f 1039/420/1039 1028/561/1028 1025/562/1025
f 1047/432/1047 1044/411/1044 1045/564/1045
f 1047/432/1047 1048/412/1048 1046/410/1046
f 1050/565/1050 1049/414/1049 1048/412/1048
f 1051/566/1051 1047/432/1047 1052/417/1052
f 1052/417/1052 1045/564/1045 1053/418/1053
f 1055/420/1055 1045/564/1045 1042/567/1042
f 1056/424/1056 1042/567/1042 1041/568/1041
f 1060/569/1060 1057/454/1057 1058/455/1058
f 1062/405/1062 1059/406/1059 1060/569/1060
f 1062/405/1062 1063/411/1063 1061/409/1061
f 1064/431/1064 1065/410/1065 1063/411/1063
f 1067/570/1067 1066/412/1066 1065/410/1065
f 1067/570/1067 1068/414/1068 1066/412/1066
f 1070/415/1070 1067/570/1067 1071/416/1071
f 1071/416/1071 1067/570/1067 1072/417/1072
f 1072/417/1072 1064/431/1064 1073/418/1073
f 1074/419/1074 1064/431/1064 1062/405/1062
f 1075/420/1075 1062/405/1062 1060/569/1060
f 1076/424/1076 1060/569/1060 1058/455/1058
f 1080/405/1080 1078/406/1078 1077/571/1077
f 1083/572/1083 1079/409/1079 1080/405/1080
f 1083/572/1083 1082/410/1082 1081/411/1081
f 1083/572/1083 1084/412/1084 1082/410/1082
f 1086/573/1086 1085/414/1085 1084/412/1084
f 1087/574/1087 1083/572/1083 1088/417/1088
f 1088/417/1088 1083/572/1083 1089/418/1089
f 1090/419/1090 1083/572/1083 1080/405/1080
f 1091/420/1091 1080/405/1080 1077/571/1077
f 1098/431/1098 1095/409/1095 1096/405/1096
f 1098/431/1098 1099/410/1099 1097/411/1097
f 1101/575/1101 1100/412/1100 1099/410/1099
f 1101/575/1101 1102/414/1102 1100/412/1100
f 1104/415/1104 1101/575/1101 1105/416/1105
f 1105/416/1105 1101/575/1101 1106/417/1106
f 1106/417/1106 1098/431/1098 1107/576/1107
f 1107/576/1107 1098/431/1098 1096/405/1096
f 1108/420/1108 1096/405/1096 1094/577/1094
f 1109/424/1109 1094/577/1094 1093/578/1093
f 1114/579/1114 1110/284/1110 1111/285/1111
f 1116/286/1116 1113/287/1113 1114/579/1114
f 1119/580/1119 1115/290/1115 1116/286/1116
f 1119/580/1119 1118/292/1118 1117/289/1117
f 1119/580/1119 1120/293/1120 1118/292/1118
f 1122/294/1122 1119/580/1119 1123/295/1123
f 1123/295/1123 1119/580/1119 1124/296/1124
f 1124/296/1124 1116/286/1116 1125/297/1125
f 1125/297/1125 1114/579/1114 1126/298/1126
f 1128/300/1128 1114/579/1114 1111/285/1111
f 1134/581/1134 1130/301/1130 1131/582/1131
f 1134/581/1134 1135/289/1135 1133/290/1133
f 1137/583/1137 1136/292/1136 1135/289/1135
f 1137/583/1137 1138/293/1138 1136/292/1136
f 1140/294/1140 1137/583/1137 1141/295/1141
f 1141/295/1141 1137/583/1137 1142/296/1142
f 1142/296/1142 1134/581/1134 1143/297/1143
f 1143/297/1143 1134/581/1134 1144/298/1144
f 1145/299/1145 1134/581/1134 1131/582/1131
f 1153/540/1153 1149/409/1149 1150/405/1150
f 1153/540/1153 1152/410/1152 1151/411/1151
f 1153/540/1153 1154/584/1154 1152/410/1152
f 1156/422/1156 1153/540/1153 1157/417/1157
f 1157/417/1157 1153/540/1153 1158/418/1158
f 1159/419/1159 1153/540/1153 1150/405/1150
f 1160/420/1160 1150/405/1150 1148/585/1148
f 1161/424/1161 1148/585/1148 1147/586/1147
f 1163/587/1163 1165/588/1165 1162/393/1162
f 1164/428/1164 1165/588/1165 1163/587/1163
f 1162/393/1162 1166/589/1166 1167/395/1167
f 1167/395/1167 1166/589/1166 1169/398/1169
f 1166/589/1166 1172/399/1172 1169/398/1169
f 1166/589/1166 1173/400/1173 1171/401/1171
f 1171/401/1171 1175/402/1175 1172/399/1172
f 1171/401/1171 1176/403/1176 1174/404/1174
f 1179/283/1179 1177/284/1177 1178/285/1178
f 1183/286/1183 1180/287/1180 1181/288/1181
f 1183/286/1183 1184/289/1184 1182/290/1182
f 1186/322/1186 1185/292/1185 1184/289/1184
f 1186/322/1186 1187/293/1187 1185/292/1185
f 1189/294/1189 1186/322/1186 1190/295/1190
f 1190/295/1190 1186/322/1186 1191/296/1191
f 1191/296/1191 1183/286/1183 1192/297/1192
f 1193/298/1193 1183/286/1183 1181/288/1181
f 1194/299/1194 1181/288/1181 1179/283/1179
f 1195/300/1195 1179/283/1179 1178/285/1178
f 1200/288/1200 1197/301/1197 1198/302/1198
f 1202/286/1202 1199/287/1199 1200/288/1200
f 1202/286/1202 1203/289/1203 1201/290/1201
f 1205/590/1205 1204/292/1204 1203/289/1203
f 1205/590/1205 1206/293/1206 1204/292/1204
f 1208/294/1208 1205/590/1205 1209/295/1209
f 1209/295/1209 1205/590/1205 1210/296/1210
f 1210/296/1210 1202/286/1202 1211/297/1211
f 1212/298/1212 1202/286/1202 1200/288/1200
f 1213/299/1213 1200/288/1200 1198/302/1198
f 1218/405/1218 1216/406/1216 1215/591/1215
f 1221/592/1221 1217/409/1217 1218/405/1218
f 1221/592/1221 1220/410/1220 1219/411/1219
f 1221/592/1221 1222/593/1222 1220/410/1220
f 1224/505/1224 1221/592/1221 1225/417/1225
f 1225/417/1225 1221/592/1221 1226/418/1226
f 1227/419/1227 1221/592/1221 1218/405/1218
f 1228/420/1228 1218/405/1218 1215/591/1215
f 1233/405/1233 1231/406/1231 1230/594/1230
f 1236/595/1236 1232/409/1232 1233/405/1233
f 1236/595/1236 1235/410/1235 1234/411/1234
f 1236/595/1236 1237/596/1237 1235/410/1235
f 1239/505/1239 1236/595/1236 1240/417/1240
f 1240/417/1240 1236/595/1236 1241/418/1241
f 1242/419/1242 1236/595/1236 1233/405/1233
f 1243/420/1243 1233/405/1233 1230/594/1230
f 1246/428/1246 1247/597/1247 1245/598/1245
f 1247/597/1247 1249/599/1249 1250/395/1250
f 1248/396/1248 1249/599/1249 1247/597/1247
f 1250/395/1250 1249/599/1249 1252/398/1252
f 1249/599/1249 1255/399/1255 1252/398/1252
f 1249/599/1249 1256/400/1256 1254/401/1254
f 1254/401/1254 1258/402/1258 1255/399/1255
f 1254/401/1254 1259/403/1259 1257/404/1257
f 1266/600/1266 1262/409/1262 1263/601/1263
f 1266/600/1266 1265/410/1265 1264/411/1264
f 1266/600/1266 1267/412/1267 1265/410/1265
f 1269/413/1269 1268/414/1268 1267/412/1267
f 1270/415/1270 1269/413/1269 1271/416/1271
f 1271/416/1271 1266/600/1266 1272/417/1272
f 1274/419/1274 1266/600/1266 1263/601/1263
f 1276/424/1276 1263/601/1263 1260/602/1260
f 1298/603/1298 1280/604/1280 1296/605/1296
f 1287/606/1287 1282/607/1282 1280/604/1280
f 1289/608/1289 1282/607/1282 1288/609/1288
f 1281/610/1281 1288/609/1288 1287/606/1287
f 1297/611/1297 1287/606/1287 1298/603/1298
f 1279/612/1279 1286/527/1286 1278/46/1278
f 1290/522/1290 1277/613/1277 1292/614/1292
f 1299/615/1299 1280/604/1280 1293/616/1293
f 1293/616/1293 1282/607/1282 1294/617/1294
f 1282/607/1282 1295/618/1295 1294/617/1294
f 1288/609/1288 1295/618/1295 1284/619/1284
f 1281/610/1281 1294/617/1294 1288/609/1288
f 1297/611/1297 1293/616/1293 1281/610/1281
f 1291/527/1291 1279/612/1279 1278/46/1278
f 1290/522/1290 1292/614/1292 1291/527/1291
f 1292/614/1292 1297/611/1297 1279/612/1279
f 1292/614/1292 1296/605/1296 1299/615/1299
f 1279/612/1279 1298/603/1298 1285/620/1285
f 1285/620/1285 1296/605/1296 1277/613/1277
f 1303/405/1303 1301/406/1301 1300/437/1300
f 1306/621/1306 1302/409/1302 1303/405/1303
f 1306/621/1306 1305/410/1305 1304/411/1304
f 1306/621/1306 1307/622/1307 1305/410/1305
f 1309/623/1309 1306/621/1306 1310/417/1310
f 1310/417/1310 1306/621/1306 1311/418/1311
f 1312/419/1312 1306/621/1306 1303/405/1303
f 1313/420/1313 1303/405/1303 1300/437/1300
f 1318/405/1318 1316/406/1316 1315/624/1315
f 1321/625/1321 1317/409/1317 1318/405/1318
f 1321/625/1321 1320/410/1320 1319/411/1319
f 1321/625/1321 1322/626/1322 1320/410/1320
f 1324/574/1324 1321/625/1321 1325/417/1325
f 1325/417/1325 1321/625/1321 1326/418/1326
f 1327/419/1327 1321/625/1321 1318/405/1318
f 1328/420/1328 1318/405/1318 1315/624/1315
f 1331/428/1331 1332/627/1332 1330/628/1330
f 1332/627/1332 1334/629/1334 1335/395/1335
f 1333/396/1333 1334/629/1334 1332/627/1332
f 1335/395/1335 1334/629/1334 1337/398/1337
f 1334/629/1334 1340/399/1340 1337/398/1337
f 1334/629/1334 1341/400/1341 1339/401/1339
f 1339/401/1339 1343/402/1343 1340/399/1340
f 1339/401/1339 1344/403/1344 1342/404/1342
f 1349/405/1349 1346/406/1346 1347/630/1347
f 1351/431/1351 1348/409/1348 1349/405/1349
f 1351/431/1351 1352/410/1352 1350/411/1350
f 1353/432/1353 1354/412/1354 1352/410/1352
f 1356/413/1356 1355/414/1355 1354/412/1354
f 1357/415/1357 1356/413/1356 1358/416/1358
f 1358/416/1358 1353/432/1353 1359/417/1359
f 1360/418/1360 1353/432/1353 1351/431/1351
f 1361/419/1361 1351/431/1351 1349/405/1349
f 1362/420/1362 1349/405/1349 1347/630/1347
f 1374/512/1374 1364/631/1364 1372/514/1372
f 1374/512/1374 1368/515/1368 1366/516/1366
f 1376/632/1376 1368/515/1368 1375/633/1375
f 1367/519/1367 1375/633/1375 1374/512/1374
f 1365/520/1365 1374/512/1374 1373/521/1373
f 1373/521/1373 1374/512/1374 1372/514/1372
f 1377/522/1377 1364/631/1364 1379/634/1379
f 1379/634/1379 1366/516/1366 1380/635/1380
f 1380/635/1380 1368/515/1368 1381/636/1381
f 1368/515/1368 1382/637/1382 1381/636/1381
f 1369/279/1369 1381/636/1381 1371/638/1371
f 1367/519/1367 1381/636/1381 1369/279/1369
f 1379/634/1379 1367/519/1367 1365/520/1365
f 1377/522/1377 1379/634/1379 1378/527/1378
f 1384/428/1384 1385/639/1385 1383/640/1383
f 1385/639/1385 1387/641/1387 1388/395/1388
f 1385/639/1385 1389/642/1389 1387/641/1387
f 1388/395/1388 1387/641/1387 1390/398/1390
f 1387/641/1387 1393/399/1393 1390/398/1390
f 1387/641/1387 1394/400/1394 1392/401/1392
f 1392/401/1392 1396/402/1396 1393/399/1393
f 1392/401/1392 1397/403/1397 1395/404/1395
f 1399/428/1399 1400/627/1400 1398/643/1398
f 1400/627/1400 1402/644/1402 1403/395/1403
f 1401/396/1401 1402/644/1402 1400/627/1400
f 1403/395/1403 1402/644/1402 1405/398/1405
f 1402/644/1402 1408/399/1408 1405/398/1405
f 1402/644/1402 1409/400/1409 1407/401/1407
f 1407/401/1407 1411/402/1411 1408/399/1408
f 1407/401/1407 1412/403/1412 1410/404/1410
f 1417/431/1417 1414/409/1414 1415/645/1415
f 1417/431/1417 1418/410/1418 1416/411/1416
f 1420/646/1420 1419/647/1419 1418/410/1418
f 1422/415/1422 1420/646/1420 1423/416/1423
f 1423/416/1423 1420/646/1420 1424/417/1424
f 1425/418/1425 1420/646/1420 1417/431/1417
f 1426/419/1426 1417/431/1417 1415/645/1415
f 1428/424/1428 1415/645/1415 1413/498/1413
f 1432/405/1432 1430/406/1430 1429/437/1429
f 1435/648/1435 1431/409/1431 1432/405/1432
f 1435/648/1435 1434/410/1434 1433/411/1433
f 1435/648/1435 1436/649/1436 1434/410/1434
f 1438/650/1438 1435/648/1435 1439/417/1439
f 1439/417/1439 1435/648/1435 1440/418/1440
f 1441/419/1441 1435/648/1435 1432/405/1432
f 1442/420/1442 1432/405/1432 1429/437/1429
f 1447/405/1447 1445/406/1445 1444/591/1444
f 1450/651/1450 1446/409/1446 1447/405/1447
f 1450/651/1450 1449/410/1449 1448/411/1448
f 1450/651/1450 1451/652/1451 1449/410/1449
f 1453/534/1453 1450/651/1450 1454/417/1454
f 1454/417/1454 1450/651/1450 1455/418/1455
f 1456/419/1456 1450/651/1450 1447/405/1447
f 1457/420/1457 1447/405/1447 1444/591/1444
f 1460/428/1460 1461/653/1461 1459/640/1459
f 1463/395/1463 1465/654/1465 1466/398/1466
f 1464/642/1464 1465/654/1465 1461/653/1461
f 1465/654/1465 1469/399/1469 1466/398/1466
f 1465/654/1465 1470/400/1470 1468/401/1468
f 1468/401/1468 1472/402/1472 1469/399/1469
f 1468/401/1468 1473/403/1473 1471/404/1471
f 1480/655/1480 1476/409/1476 1477/656/1477
f 1480/655/1480 1479/410/1479 1478/411/1478
f 1480/655/1480 1481/412/1481 1479/410/1479
f 1483/657/1483 1482/414/1482 1481/412/1481
f 1484/415/1484 1483/657/1483 1485/416/1485
f 1485/416/1485 1480/655/1480 1486/417/1486
f 1488/419/1488 1480/655/1480 1477/656/1477
f 1490/424/1490 1477/656/1477 1474/658/1474
f 1501/659/1501 1491/513/1491 1499/660/1499
f 1501/659/1501 1495/661/1495 1493/516/1493
f 1503/662/1503 1495/661/1495 1502/663/1502
f 1494/519/1494 1502/663/1502 1501/659/1501
f 1492/520/1492 1501/659/1501 1500/664/1500
f 1500/664/1500 1501/659/1501 1499/660/1499
f 1504/522/1504 1491/513/1491 1506/665/1506
f 1506/665/1506 1493/516/1493 1507/635/1507
f 1507/635/1507 1495/661/1495 1508/666/1508
f 1495/661/1495 1509/667/1509 1508/666/1508
f 1496/279/1496 1508/666/1508 1498/668/1498
f 1494/519/1494 1508/666/1508 1496/279/1496
f 1506/665/1506 1494/519/1494 1492/520/1492
f 1504/522/1504 1506/665/1506 1505/527/1505
f 1558/669/1558 1513/9/1513 1589/670/1589
f 1548/182/1548 1558/669/1558 1566/6/1566
f 1547/671/1547 1516/11/1516 1513/9/1513
f 1549/672/1549 1518/673/1518 1516/11/1516
f 1570/674/1570 1520/675/1520 1569/676/1569
f 1571/677/1571 1521/678/1521 1570/674/1570
f 1572/679/1572 1523/680/1523 1571/677/1571
f 1573/681/1573 1523/680/1523 1572/679/1572
f 1527/682/1527 1524/683/1524 1573/681/1573
f 1559/684/1559 1529/685/1529 1567/686/1567
f 1561/687/1561 1529/685/1529 1560/688/1560
f 1562/689/1562 1531/690/1531 1561/687/1561
f 1563/691/1563 1537/32/1537 1535/692/1535
f 1564/693/1564 1539/694/1539 1563/691/1563
f 1565/695/1565 1541/696/1541 1564/693/1564
f 1556/697/1556 1544/698/1544 1565/695/1565
f 1556/697/1556 2013/699/2013 1545/700/1545
f 1546/701/1546 1557/702/1557 1556/697/1556
f 1543/703/1543 1556/697/1556 1555/704/1555
f 1543/703/1543 1564/693/1564 1540/705/1540
f 1540/705/1540 1564/693/1564 1554/706/1554
f 1536/707/1536 1554/706/1554 1553/708/1553
f 1534/709/1534 1553/708/1553 1552/710/1552
f 1532/711/1532 1552/710/1552 1551/712/1551
f 1530/713/1530 1569/676/1569 1520/675/1520
f 1517/714/1517 1550/715/1550 1549/672/1549
f 1517/714/1517 1547/671/1547 1512/112/1512
f 1574/716/1574 1548/182/1548 1515/181/1515
f 1574/716/1574 1547/671/1547 1558/669/1558
f 1556/697/1556 1565/695/1565 1555/704/1555
f 1553/708/1553 1563/691/1563 1562/689/1562
f 1553/708/1553 1562/689/1562 1552/710/1552
f 1552/710/1552 1561/687/1561 1551/712/1551
f 1569/676/1569 1560/688/1560 1559/684/1559
f 1550/715/1550 1559/684/1559 1549/672/1549
f 1515/181/1515 1511/717/1511 1574/716/1574
f 1526/118/1526 1573/681/1573 1525/718/1525
f 1525/718/1525 1572/679/1572 1528/719/1528
f 1522/720/1522 1568/721/1568 1570/674/1570
f 1522/720/1522 1550/715/1550 1519/722/1519
f 1569/676/1569 1559/684/1559 1550/715/1550
f 1572/679/1572 1571/677/1571 1568/721/1568
f 1570/674/1570 1569/676/1569 1550/715/1550
f 1589/670/1589 1590/4/1590 1510/723/1510
f 1514/5/1514 1510/723/1510 1597/6/1597
f 1513/9/1513 1577/724/1577 1590/4/1590
f 1577/724/1577 1518/673/1518 1591/725/1591
f 1520/675/1520 1599/726/1599 1579/727/1579
f 1521/678/1521 1600/728/1600 1599/726/1599
f 1523/680/1523 1601/17/1601 1600/728/1600
f 1523/680/1523 1602/729/1602 1601/17/1601
f 1524/683/1524 1603/730/1603 1602/729/1602
f 1591/725/1591 1529/685/1529 1592/731/1592
f 1529/685/1529 1593/732/1593 1592/731/1592
f 1593/732/1593 1533/733/1533 1594/734/1594
f 1594/734/1594 1535/692/1535 1595/735/1595
f 1595/735/1595 1539/694/1539 1596/736/1596
f 1596/736/1596 1541/696/1541 1585/737/1585
f 1585/737/1585 1542/738/1542 1586/739/1586
f 1542/738/1542 1587/740/1587 1586/739/1586
f 1587/740/1587 1545/700/1545 1588/741/1588
f 1588/741/1588 2013/699/2013 2014/742/2014
f 1588/741/1588 2014/742/2014 1546/701/1546
f 1587/740/1587 1546/701/1546 1543/703/1543
f 1585/737/1585 1543/703/1543 1540/705/1540
f 1584/743/1584 1540/705/1540 1538/744/1538
f 1583/745/1583 1538/744/1538 1536/707/1536
f 1534/709/1534 1583/745/1583 1536/707/1536
f 1581/746/1581 1534/709/1534 1532/711/1532
f 1580/747/1580 1532/711/1532 1530/713/1530
f 1579/727/1579 1530/713/1530 1520/675/1520
f 1517/714/1517 1578/748/1578 1519/722/1519
f 1512/112/1512 1577/724/1577 1517/714/1517
f 1566/6/1566 1589/670/1589 1514/5/1514
f 1574/716/1574 1575/180/1575 1512/112/1512
f 1596/736/1596 1585/737/1585 1584/743/1584
f 1583/745/1583 1596/736/1596 1584/743/1584
f 1582/749/1582 1595/735/1595 1583/745/1583
f 1593/732/1593 1582/749/1582 1581/746/1581
f 1592/731/1592 1581/746/1581 1580/747/1580
f 1579/727/1579 1592/731/1592 1580/747/1580
f 1591/725/1591 1579/727/1579 1578/748/1578
f 1577/724/1577 1591/725/1591 1578/748/1578
f 1576/182/1576 1510/723/1510 1511/717/1511
f 1511/717/1511 1590/4/1590 1575/180/1575
f 1602/729/1602 1526/118/1526 1525/718/1525
f 1601/17/1601 1525/718/1525 1528/719/1528
f 1522/720/1522 1598/750/1598 1528/719/1528
f 1578/748/1578 1522/720/1522 1519/722/1519
f 1600/728/1600 1601/17/1601 1598/750/1598
f 1579/727/1579 1599/726/1599 1578/748/1578
f 1619/751/1619 1607/752/1607 1618/753/1618
f 1620/754/1620 1608/755/1608 1619/751/1619
f 1621/756/1621 1608/755/1608 1620/754/1620
f 1621/756/1621 1613/757/1613 1610/758/1610
f 1612/759/1612 1617/760/1617 1611/761/1611
f 1611/761/1611 1620/754/1620 1609/762/1609
f 1609/762/1609 1620/754/1620 1614/763/1614
f 1606/764/1606 1616/765/1616 1618/753/1618
f 1606/764/1606 1615/766/1615 1604/722/1604
f 1620/754/1620 1619/751/1619 1616/765/1616
f 1615/766/1615 1618/753/1618 1607/752/1607
f 1605/675/1605 1625/767/1625 1624/768/1624
f 1625/767/1625 1608/755/1608 1626/769/1626
f 1626/769/1626 1608/755/1608 1627/770/1627
f 1627/770/1627 1610/758/1610 1628/771/1628
f 1610/758/1610 1613/757/1613 1628/771/1628
f 1628/771/1628 1612/759/1612 1611/761/1611
f 1627/770/1627 1611/761/1611 1609/762/1609
f 1627/770/1627 1609/762/1609 1614/763/1614
f 1625/767/1625 1614/763/1614 1606/764/1606
f 1622/766/1622 1606/764/1606 1604/722/1604
f 1624/768/1624 1625/767/1625 1622/766/1622
f 1641/772/1641 1630/675/1630 1640/773/1640
f 1642/774/1642 1631/678/1631 1641/772/1641
f 1643/775/1643 1633/776/1633 1642/774/1642
f 1644/777/1644 1633/776/1633 1643/775/1643
f 1645/778/1645 1634/779/1634 1644/777/1644
f 1645/778/1645 1637/780/1637 1634/779/1634
f 1636/781/1636 1644/777/1644 1635/782/1635
f 1635/782/1635 1643/775/1643 1638/783/1638
f 1632/784/1632 1640/773/1640 1629/722/1629
f 1643/775/1643 1642/774/1642 1639/785/1639
f 1630/675/1630 1648/786/1648 1647/787/1647
f 1631/678/1631 1649/788/1649 1648/786/1648
f 1633/776/1633 1650/789/1650 1649/788/1649
f 1633/776/1633 1651/790/1651 1650/789/1650
f 1651/790/1651 1636/781/1636 1635/782/1635
f 1650/789/1650 1635/782/1635 1638/783/1638
f 1632/784/1632 1646/791/1646 1638/783/1638
f 1647/787/1647 1632/784/1632 1629/722/1629
f 1649/788/1649 1650/789/1650 1646/791/1646
f 1731/792/1731 1671/793/1671 1729/794/1729
f 1658/795/1658 1718/796/1718 1720/797/1720
f 1709/798/1709 1653/799/1653 1654/800/1654
f 1711/70/1711 1654/800/1654 1655/801/1655
f 1717/802/1717 1667/803/1667 1669/804/1669
f 1663/805/1663 1724/806/1724 1662/807/1662
f 1730/808/1730 1670/809/1670 1671/793/1671
f 1668/810/1668 1674/811/1674 1675/812/1675
f 1686/813/1686 1683/814/1683 1684/815/1684
f 1740/696/1740 1676/816/1676 1677/817/1677
f 1738/738/1738 1668/810/1668 1676/816/1676
f 1737/818/1737 1673/819/1673 1668/810/1668
f 1733/43/1733 1666/820/1666 1673/819/1673
f 1710/821/1710 1685/822/1685 1681/823/1681
f 1710/821/1710 1681/823/1681 1682/824/1682
f 1712/825/1712 1682/824/1682 1683/814/1683
f 1712/825/1712 1656/826/1656 1710/821/1710
f 1712/825/1712 1683/814/1683 1686/813/1686
f 1712/825/1712 1686/813/1686 1719/827/1719
f 1664/828/1664 1725/829/1725 1663/805/1663
f 1656/826/1656 1711/70/1711 1655/801/1655
f 1708/830/1708 1652/831/1652 1653/799/1653
f 1674/811/1674 1734/87/1734 1735/832/1735
f 1676/816/1676 1736/833/1736 1739/834/1739
f 1707/835/1707 1679/836/1679 1685/822/1685
f 1726/837/1726 1725/829/1725 1689/838/1689
f 1690/839/1690 1689/838/1689 1691/840/1691
f 1705/841/1705 1679/836/1679 1707/835/1707
f 1659/842/1659 1712/825/1712 1719/827/1719
f 1710/821/1710 1654/800/1654 1685/822/1685
f 1653/799/1653 1707/835/1707 1685/822/1685
f 1723/843/1723 1661/844/1661 1688/845/1688
f 1668/810/1668 1673/819/1673 1674/811/1674
f 1675/812/1675 1735/832/1735 1736/833/1736
f 1669/804/1669 1715/846/1715 1716/847/1716
f 1670/809/1670 1713/848/1713 1657/849/1657
f 1662/807/1662 1722/850/1722 1661/844/1661
f 1666/820/1666 1727/851/1727 1664/828/1664
f 1661/844/1661 1721/852/1721 1660/853/1660
f 1726/837/1726 1663/805/1663 1723/843/1723
f 1691/840/1691 1699/854/1699 1690/839/1690
f 1700/855/1700 1702/856/1702 1701/857/1701
f 1703/858/1703 1693/859/1693 1704/95/1704
f 1723/843/1723 1688/845/1688 1724/806/1724
f 1723/843/1723 1724/806/1724 1725/829/1725
f 1653/799/1653 1705/841/1705 1707/835/1707
f 1665/860/1665 1730/808/1730 1671/793/1671
f 1658/795/1658 1717/802/1717 1669/804/1669
f 1657/849/1657 1713/848/1713 1656/826/1656
f 1671/793/1671 1720/797/1720 1729/794/1729
f 1734/87/1734 1672/861/1672 1731/792/1731
f 1715/846/1715 1696/862/1696 1716/847/1716
f 1718/796/1718 1696/862/1696 1697/863/1697
f 1718/796/1718 1697/863/1697 1692/864/1692
f 1718/796/1718 1698/865/1698 1720/797/1720
f 1720/797/1720 1699/854/1699 1729/794/1729
f 1729/794/1729 1691/840/1691 1731/792/1731
f 1731/792/1731 1700/855/1700 1734/87/1734
f 1735/832/1735 1700/855/1700 1701/857/1701
f 1736/833/1736 1701/857/1701 1702/856/1702
f 1736/833/1736 1703/858/1703 1739/834/1739
f 1715/846/1715 1694/866/1694 1695/867/1695
f 1697/863/1697 1719/827/1719 1692/864/1692
f 1690/839/1690 1730/808/1730 1726/837/1726
f 1684/815/1684 1713/848/1713 1728/868/1728
f 1684/815/1684 1730/808/1730 1699/854/1699
f 1691/840/1691 1727/851/1727 1732/50/1732
f 1689/838/1689 1725/829/1725 1727/851/1727
f 1678/869/1678 1708/830/1708 1679/836/1679
f 1682/824/1682 1711/70/1711 1713/848/1713
f 1695/867/1695 1714/870/1714 1667/803/1667
f 1696/862/1696 1717/802/1717 1697/863/1697
f 1688/845/1688 1721/852/1721 1722/850/1722
f 1693/859/1693 1738/738/1738 1740/696/1740
f 1695/867/1695 1717/802/1717 1696/862/1696
f 1681/823/1681 1709/798/1709 1711/70/1711
f 1700/855/1700 1737/818/1737 1702/856/1702
f 1700/855/1700 1732/50/1732 1733/43/1733
f 1787/871/1787 1816/872/1816 1805/873/1805
f 1779/874/1779 1743/875/1743 1787/871/1787
f 1789/876/1789 1746/43/1746 1779/874/1779
f 1790/877/1790 1750/878/1750 1749/46/1749
f 1799/879/1799 1750/878/1750 1788/880/1788
f 1791/881/1791 1754/882/1754 1747/883/1747
f 1793/884/1793 1754/882/1754 1792/885/1792
f 1793/884/1793 1758/206/1758 1756/886/1756
f 1782/887/1782 1760/209/1760 1798/888/1798
f 1783/889/1783 1762/212/1762 1782/887/1782
f 1784/890/1784 1765/891/1765 1783/889/1783
f 1799/879/1799 1768/892/1768 1752/893/1752
f 1800/894/1800 1770/219/1770 1768/892/1768
f 1801/895/1801 1772/896/1772 1771/897/1771
f 1802/898/1802 1774/899/1774 1772/896/1772
f 1803/225/1803 1776/226/1776 1774/899/1774
f 1766/227/1766 1783/889/1783 1764/228/1764
f 1764/228/1764 1782/887/1782 1763/551/1763
f 1763/551/1763 1798/888/1798 1761/80/1761
f 1761/80/1761 1798/888/1798 1759/900/1759
f 1759/900/1759 1781/901/1781 1751/902/1751
f 1748/903/1748 1781/901/1781 1780/904/1780
f 1748/903/1748 1779/874/1779 1745/87/1745
f 1745/87/1745 1778/905/1778 1744/906/1744
f 1741/237/1741 1778/905/1778 1806/907/1806
f 1780/904/1780 1788/880/1788 1790/877/1790
f 1779/874/1779 1787/871/1787 1778/905/1778
f 1778/905/1778 1805/873/1805 1806/907/1806
f 1780/904/1780 1790/877/1790 1789/876/1789
f 1794/908/1794 1793/884/1793 1757/909/1757
f 1753/910/1753 1792/885/1792 1791/881/1791
f 1753/910/1753 1790/877/1790 1749/46/1749
f 1791/881/1791 1789/876/1789 1790/877/1790
f 1788/880/1788 1795/911/1795 1799/879/1799
f 1759/900/1759 1798/888/1798 1788/880/1788
f 1829/912/1829 1804/913/1804 1803/225/1803
f 1775/914/1775 1803/225/1803 1802/898/1802
f 1775/914/1775 1797/915/1797 1773/916/1773
f 1773/916/1773 1797/915/1797 1827/917/1827
f 1769/918/1769 1797/915/1797 1800/894/1800
f 1767/919/1767 1800/894/1800 1796/920/1796
f 1767/919/1767 1795/911/1795 1760/209/1760
f 1797/915/1797 1802/898/1802 1801/895/1801
f 1797/915/1797 1801/895/1801 1800/894/1800
f 1796/920/1796 1800/894/1800 1799/879/1799
f 1796/920/1796 1799/879/1799 1795/911/1795
f 1785/252/1785 1743/875/1743 1817/921/1817
f 1743/875/1743 1808/922/1808 1817/921/1817
f 1746/43/1746 1820/923/1820 1808/922/1808
f 1821/924/1821 1750/878/1750 1818/925/1818
f 1750/878/1750 1830/926/1830 1818/925/1818
f 1820/923/1820 1747/883/1747 1822/259/1822
f 1822/259/1822 1754/882/1754 1823/927/1823
f 1824/928/1824 1758/206/1758 1825/929/1825
f 1826/930/1826 1760/209/1760 1812/264/1812
f 1760/209/1760 1813/265/1813 1812/264/1812
f 1762/212/1762 1814/931/1814 1813/265/1813
f 1762/212/1762 1815/932/1815 1814/931/1814
f 1765/891/1765 1819/933/1819 1815/932/1815
f 1830/926/1830 1752/893/1752 1831/934/1831
f 1831/934/1831 1768/892/1768 1832/935/1832
f 1832/935/1832 1770/219/1770 1833/936/1833
f 1833/936/1833 1772/896/1772 1774/899/1774
f 1774/899/1774 1776/226/1776 1777/937/1777
f 1815/932/1815 1766/227/1766 1764/228/1764
f 1814/931/1814 1764/228/1764 1763/551/1763
f 1761/80/1761 1813/265/1813 1763/551/1763
f 1811/938/1811 1761/80/1761 1759/900/1759
f 1810/939/1810 1759/900/1759 1751/902/1751
f 1748/903/1748 1810/939/1810 1751/902/1751
f 1808/922/1808 1748/903/1748 1745/87/1745
f 1807/940/1807 1745/87/1745 1744/906/1744
f 1807/940/1807 1744/906/1744 1742/276/1742
f 1786/277/1786 1742/276/1742 1741/237/1741
f 1818/925/1818 1811/938/1811 1810/939/1810
f 1809/941/1809 1818/925/1818 1810/939/1810
f 1817/921/1817 1808/922/1808 1807/940/1807
f 1785/252/1785 1807/940/1807 1786/277/1786
f 1824/928/1824 1794/908/1794 1757/909/1757
f 1754/882/1754 1824/928/1824 1823/927/1823
f 1755/279/1755 1823/927/1823 1757/909/1757
f 1753/910/1753 1823/927/1823 1755/279/1755
f 1821/924/1821 1753/910/1753 1749/46/1749
f 1820/923/1820 1822/259/1822 1821/924/1821
f 1828/942/1828 1775/914/1775 1773/916/1773
f 1767/919/1767 1832/935/1832 1769/918/1769
f 1826/930/1826 1767/919/1767 1760/209/1760
f 1828/942/1828 1774/899/1774 1829/912/1829
f 1833/936/1833 1828/942/1828 1827/917/1827
f 1832/935/1832 1833/936/1833 1827/917/1827
f 1922/94/1922 1860/943/1860 1919/944/1919
f 1914/945/1914 1855/946/1855 1912/947/1912
f 1840/948/1840 1901/949/1901 1903/950/1903
f 1893/951/1893 1835/952/1835 1836/953/1836
f 1895/70/1895 1836/953/1836 1837/954/1837
f 1900/955/1900 1849/956/1849 1853/957/1853
f 1845/958/1845 1907/959/1907 1844/960/1844
f 1913/961/1913 1854/962/1854 1855/946/1855
f 1850/963/1850 1858/964/1858 1859/965/1859
f 1869/966/1869 1866/967/1866 1867/968/1867
f 1921/696/1921 1860/943/1860 1851/817/1851
f 1920/738/1920 1850/963/1850 1860/943/1860
f 1918/969/1918 1857/970/1857 1850/963/1850
f 1894/971/1894 1868/972/1868 1864/823/1864
f 1894/971/1894 1864/823/1864 1865/973/1865
f 1896/825/1896 1865/973/1865 1866/967/1866
f 1896/825/1896 1838/826/1838 1894/971/1894
f 1896/825/1896 1866/967/1866 1869/966/1869
f 1896/825/1896 1869/966/1869 1902/974/1902
f 1846/975/1846 1908/976/1908 1845/958/1845
f 1838/826/1838 1895/70/1895 1837/954/1837
f 1892/977/1892 1834/978/1834 1835/952/1835
f 1858/964/1858 1916/87/1916 1917/979/1917
f 1891/980/1891 1862/981/1862 1868/972/1868
f 1909/982/1909 1908/976/1908 1872/983/1872
f 1873/984/1873 1872/983/1872 1874/985/1874
f 1889/986/1889 1862/981/1862 1891/980/1891
f 1841/987/1841 1896/825/1896 1902/974/1902
f 1894/971/1894 1836/953/1836 1868/972/1868
f 1835/952/1835 1891/980/1891 1868/972/1868
f 1906/988/1906 1843/989/1843 1871/990/1871
f 1850/963/1850 1857/970/1857 1858/964/1858
f 1853/957/1853 1898/991/1898 1899/992/1899
f 1854/962/1854 1897/993/1897 1839/994/1839
f 1844/960/1844 1905/995/1905 1843/989/1843
f 1848/996/1848 1910/997/1910 1846/975/1846
f 1843/989/1843 1842/998/1842 1904/999/1904
f 1909/982/1909 1845/958/1845 1906/988/1906
f 1874/985/1874 1884/1000/1884 1873/984/1873
f 1885/1001/1885 1877/1002/1877 1886/1003/1886
f 1887/1004/1887 1879/859/1879 1888/95/1888
f 1906/988/1906 1871/990/1871 1907/959/1907
f 1906/988/1906 1907/959/1907 1908/976/1908
f 1919/944/1919 1888/95/1888 1922/94/1922
f 1835/952/1835 1889/986/1889 1891/980/1891
f 1847/1005/1847 1913/961/1913 1855/946/1855
f 1840/948/1840 1900/955/1900 1853/957/1853
f 1839/994/1839 1897/993/1897 1838/826/1838
f 1855/946/1855 1903/950/1903 1912/947/1912
f 1916/87/1916 1856/1006/1856 1914/945/1914
f 1859/965/1859 1917/979/1917 1919/944/1919
f 1917/979/1917 1887/1004/1887 1919/944/1919
f 1886/1003/1886 1878/1007/1878 1887/1004/1887
f 1898/991/1898 1881/1008/1881 1899/992/1899
f 1901/949/1901 1881/1008/1881 1882/1009/1882
f 1901/949/1901 1882/1009/1882 1876/1010/1876
f 1901/949/1901 1883/865/1883 1903/950/1903
f 1903/950/1903 1884/1000/1884 1912/947/1912
f 1912/947/1912 1874/985/1874 1914/945/1914
f 1914/945/1914 1885/1001/1885 1916/87/1916
f 1916/87/1916 1886/1003/1886 1917/979/1917
f 1898/991/1898 1875/1011/1875 1880/1012/1880
f 1882/1009/1882 1902/974/1902 1876/1010/1876
f 1873/984/1873 1913/961/1913 1909/982/1909
f 1867/968/1867 1897/993/1897 1911/1013/1911
f 1867/968/1867 1913/961/1913 1884/1000/1884
f 1874/985/1874 1910/997/1910 1915/50/1915
f 1872/983/1872 1908/976/1908 1910/997/1910
f 1861/1014/1861 1892/977/1892 1862/981/1862
f 1865/973/1865 1895/70/1895 1897/993/1897
f 1880/1012/1880 1852/1015/1852 1849/956/1849
f 1881/1008/1881 1900/955/1900 1882/1009/1882
f 1871/990/1871 1842/998/1842 1905/995/1905
f 1879/859/1879 1920/738/1920 1921/696/1921
f 1880/1012/1880 1900/955/1900 1881/1008/1881
f 1877/1002/1877 1918/969/1918 1878/1007/1878
f 1864/823/1864 1893/951/1893 1895/70/1895
f 1885/1001/1885 1918/969/1918 1877/1002/1877
f 1885/1001/1885 1915/50/1915 1848/996/1848
f 1969/1016/1969 1924/698/1924 1960/1017/1960
f 1962/1018/1962 1925/1019/1925 1969/1016/1969
f 1972/1020/1972 1928/43/1928 1962/1018/1962
f 1973/1021/1973 1932/1022/1932 1935/1023/1935
f 1970/1024/1970 1932/1022/1932 1964/1025/1964
f 1972/1020/1972 1934/1026/1934 1929/50/1929
f 1936/1027/1936 1934/1026/1934 1974/1028/1974
f 1966/1029/1966 1942/56/1942 1977/1030/1977
f 1967/1031/1967 1942/56/1942 1966/1029/1966
f 1968/1032/1968 1945/62/1945 1943/1033/1943
f 1971/63/1971 1946/1034/1946 1968/1032/1968
f 1982/1035/1982 1950/1036/1950 1933/66/1933
f 1982/1035/1982 1952/68/1952 1950/1036/1950
f 1983/1037/1983 1953/70/1953 1952/68/1952
f 1984/1038/1984 1955/1039/1955 1953/70/1953
f 1985/1040/1985 1956/1041/1956 1955/1039/1955
f 1959/1042/1959 1956/1041/1956 1985/1040/1985
f 1947/1043/1947 1949/1044/1949 1968/1032/1968
f 1947/1043/1947 1943/1033/1943 1944/1045/1944
f 1944/1045/1944 1943/1033/1943 1967/1031/1967
f 1967/1031/1967 1965/1046/1965 1941/1047/1941
f 1941/1047/1941 1964/1025/1964 1931/1048/1931
f 1930/1049/1930 1964/1025/1964 1963/1050/1963
f 1930/1049/1930 1962/1018/1962 1927/87/1927
f 1927/87/1927 1961/1051/1961 1926/1052/1926
f 1923/1053/1923 1961/1051/1961 1960/1017/1960
f 1966/1029/1966 1977/1030/1977 1965/1046/1965
f 1963/1050/1963 1964/1025/1964 1973/1021/1973
f 1962/1018/1962 1969/1016/1969 1961/1051/1961
f 1963/1050/1963 1973/1021/1973 1972/1020/1972
f 1938/123/1938 1975/1054/1975 1937/1055/1937
f 1938/123/1938 1937/1055/1937 1936/1027/1936
f 1935/1023/1935 1936/1027/1936 1974/1028/1974
f 1974/1028/1974 1972/1020/1972 1973/1021/1973
f 1965/1046/1965 1977/1030/1977 1970/1024/1970
f 1980/1056/1980 1981/1057/1981 1959/1042/1959
f 1958/1058/1958 1980/1056/1980 1979/1059/1979
f 1958/1058/1958 1979/1059/1979 2004/1060/2004
f 1954/130/1954 1979/1059/1979 1984/1038/1984
f 1951/1061/1951 1978/132/1978 1983/1037/1983
f 1951/1061/1951 1983/1037/1983 1977/1030/1977
f 1951/1061/1951 1977/1030/1977 1942/56/1942
f 1979/1059/1979 1959/1042/1959 1985/1040/1985
f 1978/132/1978 1984/1038/1984 1983/1037/1983
f 1977/1030/1977 1982/1035/1982 1970/1024/1970
f 1924/698/1924 1996/1062/1996 1986/1063/1986
f 1925/1019/1925 1988/1064/1988 1996/1062/1996
f 1928/43/1928 1997/1065/1997 1988/1064/1988
f 1998/1066/1998 1932/1022/1932 1990/1067/1990
f 1932/1022/1932 1991/1068/1991 1990/1067/1990
f 1997/1065/1997 1934/1026/1934 1999/1069/1999
f 1999/1069/1999 1936/1027/1936 2000/1070/2000
f 2000/1070/2000 1937/1055/1937 2001/1071/2001
f 2001/1071/2001 1937/1055/1937 2002/1072/2002
f 2002/1072/2002 1939/1073/1939 2003/1074/2003
f 2007/1075/2007 1943/1033/1943 1992/1076/1992
f 1992/1076/1992 1945/62/1945 1993/1077/1993
f 1945/62/1945 1994/1078/1994 1993/1077/1993
f 1946/1034/1946 1995/1079/1995 1994/1078/1994
f 1991/1068/1991 1933/66/1933 2008/1080/2008
f 1950/1036/1950 1952/68/1952 2009/1081/2009
f 1952/68/1952 2010/1082/2010 2009/1081/2009
f 2010/1082/2010 1955/1039/1955 2011/1083/2011
f 2011/1083/2011 1957/1084/1957 2012/1085/2012
f 2012/1085/2012 1959/1042/1959 2006/1086/2006
f 1994/1078/1994 1949/1044/1949 1947/1043/1947
f 1993/1077/1993 1947/1043/1947 1944/1045/1944
f 2007/1075/2007 1944/1045/1944 1967/1031/1967
f 2007/1075/2007 1967/1031/1967 1941/1047/1941
f 1990/1067/1990 1941/1047/1941 1931/1048/1931
f 1930/1049/1930 1990/1067/1990 1931/1048/1931
f 1988/1064/1988 1930/1049/1930 1927/87/1927
f 1987/1087/1987 1927/87/1927 1926/1052/1926
f 1986/1063/1986 1926/1052/1926 1923/1053/1923
f 1996/1062/1996 1988/1064/1988 1987/1087/1987
f 1938/123/1938 2002/1072/2002 1940/1088/1940
f 1935/1023/1935 2000/1070/2000 1938/123/1938
f 1997/1065/1997 1999/1069/1999 1998/1066/1998
f 1980/1056/1980 2006/1086/2006 1981/1057/1981
f 1958/1058/1958 2012/1085/2012 1980/1056/1980
f 1978/132/1978 2010/1082/2010 1954/130/1954
f 1951/1061/1951 2009/1081/2009 1978/132/1978
f 2008/1080/2008 1951/1061/1951 1942/56/1942
f 1991/1068/1991 2008/1080/2008 2007/1075/2007
f 2011/1083/2011 2005/190/2005 2004/1060/2004
f 2010/1082/2010 2011/1083/2011 2004/1060/2004
f 2008/1080/2008 1950/1036/1950 2009/1081/2009
f 2016/1089/2016 2018/1090/2018 2015/393/2015
f 2017/428/2017 2018/1090/2018 2016/1089/2016
f 2015/393/2015 2019/1091/2019 2020/395/2020
f 2020/395/2020 2019/1091/2019 2022/398/2022
f 2019/1091/2019 2025/399/2025 2022/398/2022
f 2019/1091/2019 2026/400/2026 2024/401/2024
f 2024/401/2024 2028/402/2028 2025/399/2025
f 2024/401/2024 2029/403/2029 2027/404/2027
f 2031/1092/2031 2033/1093/2033 2030/393/2030
f 2032/428/2032 2033/1093/2033 2031/1092/2031
f 2030/393/2030 2034/1094/2034 2035/395/2035
f 2035/395/2035 2034/1094/2034 2037/398/2037
f 2034/1094/2034 2040/399/2040 2037/398/2037
f 2034/1094/2034 2041/400/2041 2039/401/2039
f 2039/401/2039 2043/402/2043 2040/399/2040
f 2039/401/2039 2044/403/2044 2042/404/2042
f 2051/1095/2051 2047/409/2047 2048/1096/2048
f 2051/1095/2051 2050/410/2050 2049/411/2049
f 2051/1095/2051 2052/412/2052 2050/410/2050
f 2054/1097/2054 2053/414/2053 2052/412/2052
f 2055/415/2055 2054/1097/2054 2056/416/2056
f 2056/416/2056 2051/1095/2051 2057/417/2057
f 2057/417/2057 2051/1095/2051 2058/418/2058
f 2059/419/2059 2051/1095/2051 2048/1096/2048
f 2060/420/2060 2045/1098/2045 2061/424/2061
f 2068/532/2068 2064/409/2064 2065/1099/2065
f 2068/532/2068 2067/410/2067 2066/411/2066
f 2068/532/2068 2069/412/2069 2067/410/2067
f 2071/457/2071 2070/414/2070 2069/412/2069
f 2072/415/2072 2071/457/2071 2073/416/2073
f 2073/416/2073 2068/532/2068 2074/417/2074
f 2074/417/2074 2068/532/2068 2075/418/2075
f 2076/419/2076 2068/532/2068 2065/1099/2065
f 2077/420/2077 2062/1100/2062 2078/424/2078
f 2081/306/2081 2079/1101/2079 2080/448/2080
f 2083/449/2083 2079/1101/2079 2081/306/2081
f 2083/449/2083 2084/308/2084 2082/450/2082
f 2085/451/2085 2086/307/2086 2084/308/2084
f 2088/309/2088 2085/451/2085 2089/310/2089
f 2089/310/2089 2083/449/2083 2090/311/2090
f 2090/311/2090 2081/306/2081 2091/312/2091
f 2092/313/2092 2081/306/2081 2080/448/2080
f 2096/306/2096 2094/1101/2094 2095/1102/2095
f 2098/449/2098 2094/1101/2094 2096/306/2096
f 2098/449/2098 2099/308/2099 2097/450/2097
f 2100/451/2100 2101/307/2101 2099/308/2099
f 2103/309/2103 2100/451/2100 2104/310/2104
f 2104/310/2104 2098/449/2098 2105/311/2105
f 2105/311/2105 2096/306/2096 2106/312/2106
f 2107/313/2107 2096/306/2096 2095/1102/2095
f 2124/1103/2124 2109/284/2109 2110/285/2110
f 2113/1104/2113 2111/301/2111 2124/1103/2124
f 2113/1104/2113 2114/289/2114 2112/1105/2112
f 2116/1106/2116 2115/292/2115 2114/289/2114
f 2116/1106/2116 2117/293/2117 2115/292/2115
f 2119/294/2119 2116/1106/2116 2120/295/2120
f 2120/295/2120 2116/1106/2116 2121/296/2121
f 2121/296/2121 2113/1104/2113 2122/297/2122
f 2122/297/2122 2113/1104/2113 2123/298/2123
f 2125/300/2125 2124/1103/2124 2110/285/2110
f 2141/1107/2141 2126/284/2126 2127/285/2127
f 2130/1108/2130 2128/301/2128 2141/1107/2141
f 2130/1108/2130 2131/289/2131 2129/1109/2129
f 2133/1110/2133 2132/292/2132 2131/289/2131
f 2133/1110/2133 2134/293/2134 2132/292/2132
f 2136/294/2136 2133/1110/2133 2137/295/2137
f 2137/295/2137 2133/1110/2133 2138/296/2138
f 2138/296/2138 2130/1108/2130 2139/297/2139
f 2139/297/2139 2130/1108/2130 2140/298/2140
f 2142/300/2142 2141/1107/2141 2127/285/2127
f 2144/1111/2144 2146/1112/2146 2143/393/2143
f 2145/428/2145 2146/1112/2146 2144/1111/2144
f 2143/393/2143 2147/1113/2147 2148/395/2148
f 2148/395/2148 2147/1113/2147 2150/398/2150
f 2147/1113/2147 2153/399/2153 2150/398/2150
f 2147/1113/2147 2154/400/2154 2152/401/2152
f 2152/401/2152 2156/402/2156 2153/399/2153
f 2152/401/2152 2157/403/2157 2155/404/2155
f 2159/1114/2159 2161/1115/2161 2158/393/2158
f 2160/428/2160 2161/1115/2161 2159/1114/2159
f 2158/393/2158 2162/1116/2162 2163/395/2163
f 2163/395/2163 2162/1116/2162 2165/398/2165
f 2162/1116/2162 2168/399/2168 2165/398/2165
f 2162/1116/2162 2169/400/2169 2167/401/2167
f 2167/401/2167 2171/402/2171 2168/399/2168
f 2167/401/2167 2172/403/2172 2170/404/2170
f 2176/1117/2176 2174/1118/2174 2173/1119/2173
f 2178/1120/2178 2175/380/2175 2176/1117/2176
f 2178/1120/2178 2179/382/2179 2177/383/2177
f 2181/1121/2181 2180/384/2180 2179/382/2179
f 2181/1121/2181 2182/386/2182 2180/384/2180
f 2184/387/2184 2181/1121/2181 2185/388/2185
f 2185/388/2185 2181/1121/2181 2186/389/2186
f 2186/389/2186 2178/1120/2178 2187/1122/2187
f 2188/390/2188 2178/1120/2178 2176/1117/2176
f 2189/1123/2189 2176/1117/2176 2173/1119/2173
f 2194/1117/2194 2192/1118/2192 2191/1124/2191
f 2196/1120/2196 2193/380/2193 2194/1117/2194
f 2196/1120/2196 2197/382/2197 2195/383/2195
f 2199/1125/2199 2198/384/2198 2197/382/2197
f 2199/1125/2199 2200/386/2200 2198/384/2198
f 2202/387/2202 2199/1125/2199 2203/388/2203
f 2203/388/2203 2199/1125/2199 2204/389/2204
f 2204/389/2204 2196/1120/2196 2205/1122/2205
f 2206/390/2206 2196/1120/2196 2194/1117/2194
f 2207/1123/2207 2194/1117/2194 2191/1124/2191
f 2212/306/2212 2213/450/2213 2211/305/2211
f 2215/1126/2215 2214/308/2214 2213/450/2213
f 2215/1126/2215 2216/307/2216 2214/308/2214
f 2218/309/2218 2215/1126/2215 2219/310/2219
f 2219/310/2219 2215/1126/2215 2220/311/2220
f 2220/311/2220 2212/306/2212 2221/312/2221
f 2222/313/2222 2212/306/2212 2210/1127/2210
f 2223/315/2223 2210/1127/2210 2209/1128/2209
f 2227/306/2227 2228/450/2228 2226/305/2226
f 2230/1129/2230 2229/308/2229 2228/450/2228
f 2230/1129/2230 2231/307/2231 2229/308/2229
f 2233/309/2233 2230/1129/2230 2234/310/2234
f 2234/310/2234 2230/1129/2230 2235/311/2235
f 2235/311/2235 2227/306/2227 2236/312/2236
f 2237/313/2237 2227/306/2227 2225/1130/2225
f 2238/315/2238 2225/1130/2225 2224/1131/2224
f 2263/1132/2263 2239/461/2239 2240/1133/2240
f 2266/1134/2266 2270/464/2270 2271/1135/2271
f 2267/1136/2267 2243/467/2243 2266/1134/2266
f 2267/1136/2267 2250/468/2250 2247/469/2247
f 2268/1137/2268 2251/471/2251 2250/468/2250
f 2268/1137/2268 2252/472/2252 2251/471/2251
f 2265/1138/2265 2259/478/2259 2257/479/2257
f 2262/1139/2262 2261/1140/2261 2260/482/2260
f 2260/482/2260 2265/1138/2265 2258/483/2258
f 2258/483/2258 2265/1138/2265 2256/484/2256
f 2253/485/2253 2264/1141/2264 2243/467/2243
f 2269/1142/2269 2268/1137/2268 2249/490/2249
f 2249/490/2249 2268/1137/2268 2248/491/2248
f 2246/492/2246 2268/1137/2268 2267/1136/2267
f 2244/493/2244 2266/1134/2266 2242/486/2242
f 2263/1132/2263 2270/464/2270 2241/495/2241
f 2301/1143/2301 2277/467/2277 2300/1144/2300
f 2301/1143/2301 2284/468/2284 2281/469/2281
f 2302/1145/2302 2285/471/2285 2284/468/2284
f 2302/1145/2302 2286/472/2286 2285/471/2285
f 2298/1146/2298 2293/478/2293 2291/479/2291
f 2299/1147/2299 2295/1148/2295 2294/482/2294
f 2294/482/2294 2298/1146/2298 2292/483/2292
f 2292/483/2292 2298/1146/2298 2290/484/2290
f 2287/485/2287 2297/1149/2297 2277/467/2277
f 2276/486/2276 2305/1150/2305 2304/487/2304
f 2303/1151/2303 2302/1145/2302 2283/490/2283
f 2283/490/2283 2302/1145/2302 2282/491/2282
f 2280/492/2280 2302/1145/2302 2301/1143/2301
f 2278/493/2278 2300/1144/2300 2276/486/2276
f 2275/494/2275 2305/1150/2305 2296/1152/2296
f 2305/1150/2305 2274/495/2274 2296/1152/2296
f 2308/1153/2308 2306/284/2306 2307/285/2307
f 2312/286/2312 2309/287/2309 2310/288/2310
f 2312/286/2312 2313/289/2313 2311/290/2311
f 2315/1154/2315 2314/292/2314 2313/289/2313
f 2315/1154/2315 2316/293/2316 2314/292/2314
f 2318/294/2318 2315/1154/2315 2319/295/2319
f 2319/295/2319 2315/1154/2315 2320/296/2320
f 2320/296/2320 2312/286/2312 2321/297/2321
f 2322/298/2322 2312/286/2312 2310/288/2310
f 2323/299/2323 2310/288/2310 2308/1153/2308
f 2324/300/2324 2308/1153/2308 2307/285/2307
f 2330/1155/2330 2326/339/2326 2327/1156/2327
f 2332/341/2332 2329/342/2329 2330/1155/2330
f 2332/341/2332 2333/343/2333 2331/344/2331
f 2335/345/2335 2332/341/2332 2336/346/2336
f 2336/346/2336 2330/1155/2330 2337/347/2337
f 2337/347/2337 2330/1155/2330 2338/348/2338
f 2339/349/2339 2330/1155/2330 2327/1156/2327
f 2340/1157/2340 2327/1156/2327 2325/1158/2325
f 2345/288/2345 2342/301/2342 2343/1159/2343
f 2347/286/2347 2344/287/2344 2345/288/2345
f 2347/286/2347 2348/289/2348 2346/290/2346
f 2350/1160/2350 2349/292/2349 2348/289/2348
f 2350/1160/2350 2351/293/2351 2349/292/2349
f 2353/294/2353 2350/1160/2350 2354/295/2354
f 2354/295/2354 2350/1160/2350 2355/296/2355
f 2355/296/2355 2347/286/2347 2356/297/2356
f 2357/298/2357 2347/286/2347 2345/288/2345
f 2358/299/2358 2345/288/2345 2343/1159/2343
f 2366/1161/2366 2362/305/2362 2363/306/2363
f 2366/1161/2366 2367/307/2367 2365/308/2365
f 2369/309/2369 2366/1161/2366 2370/310/2370
f 2370/310/2370 2366/1161/2366 2371/311/2371
f 2371/311/2371 2363/306/2363 2372/312/2372
f 2373/313/2373 2363/306/2363 2361/1162/2361
f 2374/315/2374 2361/1162/2361 2360/1163/2360
f 2380/1164/2380 2375/284/2375 2376/285/2376
f 2383/1165/2383 2379/290/2379 2380/1164/2380
f 2383/1165/2383 2382/292/2382 2381/289/2381
f 2383/1165/2383 2384/293/2384 2382/292/2382
f 2386/294/2386 2383/1165/2383 2387/1166/2387
f 2387/1166/2387 2380/1164/2380 2388/297/2388
f 2388/297/2388 2380/1164/2380 2389/298/2389
f 2391/300/2391 2380/1164/2380 2376/285/2376
f 2397/1167/2397 2393/301/2393 2394/1168/2394
f 2400/1169/2400 2396/290/2396 2397/1167/2397
f 2400/1169/2400 2399/292/2399 2398/289/2398
f 2400/1169/2400 2401/293/2401 2399/292/2399
f 2403/294/2403 2400/1169/2400 2404/295/2404
f 2404/295/2404 2400/1169/2400 2405/1170/2405
f 2405/1170/2405 2397/1167/2397 2406/298/2406
f 2407/299/2407 2397/1167/2397 2394/1168/2394
f 2411/1171/2411 2409/284/2409 2410/285/2410
f 2415/286/2415 2412/287/2412 2413/288/2413
f 2415/286/2415 2416/289/2416 2414/290/2414
f 2418/1172/2418 2417/292/2417 2416/289/2416
f 2418/1172/2418 2419/293/2419 2417/292/2417
f 2421/294/2421 2418/1172/2418 2422/295/2422
f 2422/295/2422 2418/1172/2418 2423/296/2423
f 2423/296/2423 2415/286/2415 2424/297/2424
f 2425/298/2425 2415/286/2415 2413/288/2413
f 2426/299/2426 2413/288/2413 2411/1171/2411
f 2427/300/2427 2411/1171/2411 2410/285/2410
f 2433/1173/2433 2429/301/2429 2430/1159/2430
f 2433/1173/2433 2434/289/2434 2432/290/2432
f 2436/1174/2436 2435/292/2435 2434/289/2434
f 2436/1174/2436 2437/293/2437 2435/292/2435
f 2439/294/2439 2436/1174/2436 2440/295/2440
f 2440/295/2440 2436/1174/2436 2441/296/2441
f 2441/296/2441 2433/1173/2433 2442/297/2442
f 2444/299/2444 2433/1173/2433 2430/1159/2430
f 2448/324/2448 2458/1175/2458 2457/1176/2457
f 2458/1175/2458 2454/329/2454 2459/330/2459
f 2459/330/2459 2456/331/2456 2460/332/2460
f 2459/330/2459 2455/333/2455 2453/334/2453
f 2458/1175/2458 2453/334/2453 2451/335/2451
f 2458/1175/2458 2451/335/2451 2449/336/2449
f 2447/337/2447 2458/1175/2458 2449/336/2449
f 2465/1177/2465 2462/339/2462 2461/1178/2461
f 2467/341/2467 2464/342/2464 2465/1177/2465
f 2467/341/2467 2468/343/2468 2466/344/2466
f 2470/345/2470 2467/341/2467 2471/346/2471
f 2471/346/2471 2465/1177/2465 2472/347/2472
f 2472/347/2472 2465/1177/2465 2473/348/2473
f 2474/349/2474 2465/1177/2465 2461/1178/2461
f 2479/1179/2479 2476/1180/2476 2477/1181/2477
f 2481/1182/2481 2478/1183/2478 2479/1179/2479
f 2483/1184/2483 2480/1185/2480 2481/1182/2481
f 2485/1186/2485 2482/1187/2482 2483/1184/2483
f 2487/1188/2487 2484/1189/2484 2485/1186/2485
f 2490/1190/2490 2488/284/2488 2489/285/2489
f 2493/1191/2493 2491/287/2491 2490/1190/2490
f 2493/1191/2493 2494/292/2494 2492/1192/2492
f 2495/1193/2495 2496/293/2496 2494/292/2494
f 2498/295/2498 2493/1191/2493 2499/296/2499
f 2499/296/2499 2493/1191/2493 2500/297/2500
f 2501/298/2501 2493/1191/2493 2490/1190/2490
f 2503/300/2503 2490/1190/2490 2489/285/2489
f 2510/1194/2510 2506/355/2506 2507/1195/2507
f 2510/1194/2510 2511/357/2511 2509/358/2509
f 2512/359/2512 2513/360/2513 2511/357/2511
f 2515/361/2515 2512/359/2512 2516/362/2516
f 2516/362/2516 2510/1194/2510 2517/363/2517
f 2519/364/2519 2510/1194/2510 2507/1195/2507
f 2521/365/2521 2507/1195/2507 2504/1196/2504
f 2526/367/2526 2523/1197/2523 2524/1198/2524
f 2528/370/2528 2525/371/2525 2526/367/2526
f 2528/370/2528 2529/357/2529 2527/358/2527
f 2531/372/2531 2530/360/2530 2529/357/2529
f 2532/361/2532 2531/372/2531 2533/362/2533
f 2533/362/2533 2528/370/2528 2534/363/2534
f 2534/363/2534 2526/367/2526 2535/373/2535
f 2536/364/2536 2526/367/2526 2524/1198/2524
f 2538/365/2538 2524/1198/2524 2522/1196/2522
f 2543/1199/2543 2540/301/2540 2541/1200/2541
f 2543/1199/2543 2544/289/2544 2542/1201/2542
f 2546/1202/2546 2545/292/2545 2544/289/2544
f 2546/1202/2546 2547/293/2547 2545/292/2545
f 2549/294/2549 2546/1202/2546 2550/295/2550
f 2550/295/2550 2546/1202/2546 2551/296/2551
f 2551/296/2551 2543/1199/2543 2552/297/2552
f 2554/299/2554 2543/1199/2543 2541/1200/2541
f 2562/1203/2562 2558/380/2558 2559/1204/2559
f 2562/1203/2562 2561/382/2561 2560/383/2560
f 2562/1203/2562 2563/384/2563 2561/382/2561
f 2565/1205/2565 2564/386/2564 2563/384/2563
f 2566/387/2566 2565/1205/2565 2567/388/2567
f 2567/388/2567 2562/1203/2562 2568/389/2568
f 2570/390/2570 2562/1203/2562 2559/1204/2559
f 2572/391/2572 2559/1204/2559 2556/1206/2556
f 2576/405/2576 2577/411/2577 2575/409/2575
f 2579/1207/2579 2578/410/2578 2577/411/2577
f 2579/1207/2579 2580/507/2580 2578/410/2578
f 2582/440/2582 2579/1207/2579 2583/417/2583
f 2583/417/2583 2579/1207/2579 2584/418/2584
f 2585/419/2585 2579/1207/2579 2576/405/2576
f 2586/420/2586 2576/405/2576 2574/1208/2574
f 2587/424/2587 2574/1208/2574 2573/1209/2573
f 2591/405/2591 2592/411/2592 2590/409/2590
f 2594/1210/2594 2593/410/2593 2592/411/2592
f 2594/1210/2594 2595/1211/2595 2593/410/2593
f 2597/505/2597 2594/1210/2594 2598/417/2598
f 2598/417/2598 2594/1210/2594 2599/418/2599
f 2600/419/2600 2594/1210/2594 2591/405/2591
f 2601/420/2601 2591/405/2591 2589/1212/2589
f 2602/424/2602 2589/1212/2589 2588/1213/2588
f 2604/1214/2604 2606/1215/2606 2603/393/2603
f 2605/428/2605 2606/1215/2606 2604/1214/2604
f 2603/393/2603 2607/1216/2607 2608/395/2608
f 2608/395/2608 2607/1216/2607 2610/398/2610
f 2607/1216/2607 2613/399/2613 2610/398/2610
f 2607/1216/2607 2614/400/2614 2612/401/2612
f 2612/401/2612 2616/402/2616 2613/399/2613
f 2612/401/2612 2617/403/2617 2615/404/2615
f 2619/1217/2619 2621/1218/2621 2618/393/2618
f 2620/428/2620 2621/1218/2621 2619/1217/2619
f 2618/393/2618 2622/1219/2622 2623/395/2623
f 2623/395/2623 2622/1219/2622 2625/398/2625
f 2622/1219/2622 2628/399/2628 2625/398/2625
f 2622/1219/2622 2629/400/2629 2627/401/2627
f 2627/401/2627 2631/402/2631 2628/399/2628
f 2627/401/2627 2632/403/2632 2630/404/2630
f 2639/1220/2639 2635/409/2635 2636/405/2636
f 2639/1220/2639 2638/410/2638 2637/411/2637
f 2639/1220/2639 2640/596/2640 2638/410/2638
f 2642/1221/2642 2639/1220/2639 2643/417/2643
f 2643/417/2643 2639/1220/2639 2644/418/2644
f 2645/419/2645 2639/1220/2639 2636/405/2636
f 2646/420/2646 2636/405/2636 2634/1222/2634
f 2647/424/2647 2634/1222/2634 2633/498/2633
f 2654/1223/2654 2650/409/2650 2651/405/2651
f 2654/1223/2654 2653/410/2653 2652/411/2652
f 2654/1223/2654 2655/584/2655 2653/410/2653
f 2657/505/2657 2654/1223/2654 2658/417/2658
f 2658/417/2658 2654/1223/2654 2659/418/2659
f 2660/419/2660 2654/1223/2654 2651/405/2651
f 2661/420/2661 2651/405/2651 2649/1224/2649
f 2662/424/2662 2649/1224/2649 2648/1225/2648
f 2665/306/2665 2663/1226/2663 2664/1227/2664
f 2668/1228/2668 2663/1226/2663 2665/306/2665
f 2668/1228/2668 2667/308/2667 2666/450/2666
f 2668/1228/2668 2669/307/2669 2667/308/2667
f 2671/309/2671 2668/1228/2668 2672/310/2672
f 2672/310/2672 2668/1228/2668 2673/311/2673
f 2673/311/2673 2665/306/2665 2674/312/2674
f 2675/313/2675 2665/306/2665 2664/1227/2664
f 2679/306/2679 2677/1229/2677 2678/1230/2678
f 2681/449/2681 2677/1229/2677 2679/306/2679
f 2681/449/2681 2682/308/2682 2680/450/2680
f 2683/451/2683 2684/307/2684 2682/308/2682
f 2686/309/2686 2683/451/2683 2687/310/2687
f 2687/310/2687 2681/449/2681 2688/311/2688
f 2688/311/2688 2679/306/2679 2689/312/2689
f 2690/313/2690 2679/306/2679 2678/1230/2678
f 2693/1231/2693 2695/1090/2695 2692/393/2692
f 2694/428/2694 2695/1090/2695 2693/1231/2693
f 2692/393/2692 2696/1232/2696 2697/395/2697
f 2697/395/2697 2696/1232/2696 2699/398/2699
f 2696/1232/2696 2702/399/2702 2699/398/2699
f 2696/1232/2696 2703/400/2703 2701/401/2701
f 2701/401/2701 2705/402/2705 2702/399/2702
f 2701/401/2701 2706/403/2706 2704/404/2704
f 2709/1233/2709 2707/461/2707 2733/462/2733
f 2736/1234/2736 2713/467/2713 2734/1235/2734
f 2736/1234/2736 2720/468/2720 2717/469/2717
f 2737/1236/2737 2721/471/2721 2720/468/2720
f 2737/1236/2737 2722/472/2722 2721/471/2721
f 2735/1237/2735 2724/474/2724 2710/1238/2710
f 2735/1237/2735 2729/478/2729 2727/479/2727
f 2732/1239/2732 2731/481/2731 2730/482/2730
f 2728/483/2728 2731/481/2731 2735/1237/2735
f 2728/483/2728 2735/1237/2735 2726/484/2726
f 2723/485/2723 2735/1237/2735 2710/1238/2710
f 2723/485/2723 2734/1235/2734 2713/467/2713
f 2712/486/2712 2740/1240/2740 2739/487/2739
f 2708/488/2708 2709/1233/2709 2733/462/2733
f 2738/1142/2738 2737/1236/2737 2719/490/2719
f 2719/490/2719 2737/1236/2737 2718/491/2718
f 2716/492/2716 2737/1236/2737 2736/1234/2736
f 2714/493/2714 2734/1235/2734 2712/486/2712
f 2739/487/2739 2709/1233/2709 2711/494/2711
f 2742/428/2742 2743/1241/2743 2741/598/2741
f 2743/1241/2743 2745/1242/2745 2746/395/2746
f 2744/396/2744 2745/1242/2745 2743/1241/2743
f 2746/395/2746 2745/1242/2745 2748/398/2748
f 2745/1242/2745 2751/399/2751 2748/398/2748
f 2745/1242/2745 2752/400/2752 2750/401/2750
f 2750/401/2750 2754/402/2754 2751/399/2751
f 2750/401/2750 2755/403/2755 2753/404/2753
f 2759/405/2759 2757/406/2757 2756/407/2756
f 2762/1243/2762 2758/409/2758 2759/405/2759
f 2762/1243/2762 2761/410/2761 2760/411/2760
f 2762/1243/2762 2763/1244/2763 2761/410/2761
f 2765/1245/2765 2762/1243/2762 2766/417/2766
f 2766/417/2766 2762/1243/2762 2767/418/2767
f 2768/419/2768 2762/1243/2762 2759/405/2759
f 2769/420/2769 2759/405/2759 2756/407/2756
f 2776/506/2776 2773/409/2773 2772/1246/2772
f 2776/506/2776 2775/410/2775 2774/411/2774
f 2776/506/2776 2777/1247/2777 2775/410/2775
f 2779/1248/2779 2776/506/2776 2780/417/2780
f 2780/417/2780 2776/506/2776 2781/418/2781
f 2782/419/2782 2776/506/2776 2772/1246/2772
f 2783/420/2783 2772/1246/2772 2771/594/2771
f 2791/1249/2791 2787/409/2787 2788/1250/2788
f 2791/1249/2791 2790/410/2790 2789/411/2789
f 2791/1249/2791 2792/412/2792 2790/410/2790
f 2794/1251/2794 2793/414/2793 2792/412/2792
f 2795/415/2795 2794/1251/2794 2796/416/2796
f 2796/416/2796 2791/1249/2791 2797/417/2797
f 2799/419/2799 2791/1249/2791 2788/1250/2788
f 2801/424/2801 2788/1250/2788 2785/498/2785
f 2811/512/2811 2802/631/2802 2809/660/2809
f 2811/512/2811 2805/661/2805 2804/516/2804
f 2813/517/2813 2805/661/2805 2812/518/2812
f 2806/1252/2806 2812/518/2812 2811/512/2811
f 2803/520/2803 2811/512/2811 2810/1253/2810
f 2810/1253/2810 2811/512/2811 2809/660/2809
f 2814/522/2814 2802/631/2802 2816/1254/2816
f 2816/1254/2816 2804/516/2804 2817/524/2817
f 2817/524/2817 2805/661/2805 2818/1255/2818
f 2805/661/2805 2819/1256/2819 2818/1255/2818
f 2806/1252/2806 2818/1255/2818 2808/1257/2808
f 2816/1254/2816 2806/1252/2806 2803/520/2803
f 2814/522/2814 2816/1254/2816 2815/527/2815
f 2823/405/2823 2824/411/2824 2822/409/2822
f 2826/1258/2826 2825/410/2825 2824/411/2824
f 2826/1258/2826 2827/1259/2827 2825/410/2825
f 2829/508/2829 2826/1258/2826 2830/417/2830
f 2830/417/2830 2826/1258/2826 2831/418/2831
f 2832/419/2832 2826/1258/2826 2823/405/2823
f 2833/420/2833 2823/405/2823 2821/1208/2821
f 2834/424/2834 2821/1208/2821 2820/1260/2820
f 2838/405/2838 2839/411/2839 2837/409/2837
f 2841/1261/2841 2840/410/2840 2839/411/2839
f 2841/1261/2841 2842/596/2842 2840/410/2840
f 2844/1262/2844 2841/1261/2841 2845/417/2845
f 2845/417/2845 2841/1261/2841 2846/418/2846
f 2847/419/2847 2841/1261/2841 2838/405/2838
f 2848/420/2848 2838/405/2838 2836/1263/2836
f 2849/424/2849 2836/1263/2836 2835/1213/2835
f 2850/393/2850 2854/1264/2854 2855/395/2855
f 2853/396/2853 2854/1264/2854 2851/1265/2851
f 2855/395/2855 2854/1264/2854 2857/398/2857
f 2854/1264/2854 2859/399/2859 2857/398/2857
f 2854/1264/2854 2860/400/2860 2862/1266/2862
f 2862/1266/2862 2863/403/2863 2861/404/2861
f 2867/405/2867 2865/406/2865 2864/407/2864
f 2870/1267/2870 2866/409/2866 2867/405/2867
f 2870/1267/2870 2869/410/2869 2868/411/2868
f 2870/1267/2870 2871/1268/2871 2869/410/2869
f 2873/1269/2873 2870/1267/2870 2874/417/2874
f 2874/417/2874 2870/1267/2870 2875/418/2875
f 2876/419/2876 2870/1267/2870 2867/405/2867
f 2877/420/2877 2867/405/2867 2864/407/2864
f 2885/1270/2885 2881/409/2881 2882/405/2882
f 2885/1270/2885 2884/410/2884 2883/411/2883
f 2885/1270/2885 2886/1271/2886 2884/410/2884
f 2888/505/2888 2885/1270/2885 2889/417/2889
f 2889/417/2889 2885/1270/2885 2890/418/2890
f 2891/419/2891 2885/1270/2885 2882/405/2882
f 2892/420/2892 2882/405/2882 2880/1272/2880
f 2893/424/2893 2880/1272/2880 2879/1273/2879
f 2895/1274/2895 2897/1275/2897 2894/393/2894
f 2896/428/2896 2897/1275/2897 2895/1274/2895
f 2894/393/2894 2898/1276/2898 2899/395/2899
f 2899/395/2899 2898/1276/2898 2901/398/2901
f 2898/1276/2898 2903/399/2903 2901/398/2901
f 2898/1276/2898 2904/400/2904 2906/1277/2906
f 2906/1277/2906 2907/403/2907 2905/404/2905
f 2913/1278/2913 2909/406/2909 2910/1279/2910
f 2913/1278/2913 2914/410/2914 2912/411/2912
f 2915/432/2915 2916/412/2916 2914/410/2914
f 2918/413/2918 2917/414/2917 2916/412/2916
f 2919/415/2919 2918/413/2918 2920/416/2920
f 2920/416/2920 2915/432/2915 2921/417/2921
f 2921/417/2921 2913/1278/2913 2922/418/2922
f 2924/420/2924 2913/1278/2913 2910/1279/2910
f 2910/1279/2910 2925/1280/2925 2908/454/2908
f 2941/1281/2941 2929/542/2929 2927/543/2927
f 2941/1281/2941 2931/60/2931 2929/542/2929
f 2938/211/2938 2931/60/2931 2937/1282/2937
f 2939/1283/2939 2933/62/2933 2938/211/2938
f 2942/1284/2942 2947/1285/2947 2939/1283/2939
f 2935/1286/2935 2938/211/2938 2932/1287/2932
f 2932/1287/2932 2937/1282/2937 2930/1288/2930
f 2930/1288/2930 2936/1289/2936 2928/1290/2928
f 2940/1291/2940 2942/1284/2942 2939/1283/2939
f 2937/1282/2937 2941/1281/2941 2936/1289/2936
f 2927/543/2927 2944/1292/2944 2948/541/2948
f 2929/542/2929 2945/1293/2945 2944/1292/2944
f 2931/60/2931 2946/1294/2946 2945/1293/2945
f 2933/62/2933 2947/1285/2947 2946/1294/2946
f 2934/1295/2934 2940/1291/2940 2947/1285/2947
f 2947/1285/2947 2940/1291/2940 2935/1286/2935
f 2946/1294/2946 2935/1286/2935 2932/1287/2932
f 2945/1293/2945 2932/1287/2932 2930/1288/2930
f 2928/1290/2928 2945/1293/2945 2930/1288/2930
f 2952/405/2952 2950/406/2950 2949/430/2949
f 2955/595/2955 2951/409/2951 2952/405/2952
f 2955/595/2955 2954/410/2954 2953/411/2953
f 2955/595/2955 2956/1296/2956 2954/410/2954
f 2958/1297/2958 2955/595/2955 2959/417/2959
f 2959/417/2959 2955/595/2955 2960/418/2960
f 2961/419/2961 2955/595/2955 2952/405/2952
f 2962/420/2962 2952/405/2952 2949/430/2949
f 2969/1243/2969 2966/409/2966 2965/1298/2965
f 2969/1243/2969 2968/410/2968 2967/411/2967
f 2969/1243/2969 2970/622/2970 2968/410/2968
f 2972/1299/2972 2969/1243/2969 2973/417/2973
f 2973/417/2973 2969/1243/2969 2974/418/2974
f 2975/419/2975 2969/1243/2969 2965/1298/2965
f 2976/420/2976 2965/1298/2965 2964/1300/2964
f 2979/428/2979 2980/434/2980 2978/1301/2978
f 2980/434/2980 2982/1302/2982 2983/395/2983
f 2981/396/2981 2982/1302/2982 2980/434/2980
f 2983/395/2983 2982/1302/2982 2985/398/2985
f 2982/1302/2982 2988/399/2988 2985/398/2985
f 2982/1302/2982 2989/400/2989 2987/401/2987
f 2987/401/2987 2991/402/2991 2988/399/2988
f 2987/401/2987 2992/403/2992 2990/404/2990
f 2999/1249/2999 2995/409/2995 2996/1303/2996
f 2999/1249/2999 2998/410/2998 2997/411/2997
f 2999/1249/2999 3000/412/3000 2998/410/2998
f 3002/531/3002 3001/414/3001 3000/412/3000
f 3003/415/3003 3002/531/3002 3004/416/3004
f 3004/416/3004 2999/1249/2999 3005/417/3005
f 3007/419/3007 2999/1249/2999 2996/1303/2996
f 3009/424/3009 2996/1303/2996 2993/658/2993
f 3029/1304/3029 3012/1305/3012 3027/605/3027
f 3019/1306/3019 3014/1307/3014 3012/1305/3012
f 3021/1308/3021 3014/1307/3014 3020/1309/3020
f 3013/1310/3013 3020/1309/3020 3019/1306/3019
f 3028/611/3028 3019/1306/3019 3029/1304/3029
f 3022/522/3022 3010/1311/3010 3024/1312/3024
f 3030/1313/3030 3012/1305/3012 3025/1314/3025
f 3025/1314/3025 3014/1307/3014 3026/1315/3026
f 3014/1307/3014 3016/1316/3016 3026/1315/3026
f 3013/1310/3013 3026/1315/3026 3020/1309/3020
f 3028/611/3028 3025/1314/3025 3013/1310/3013
f 3022/522/3022 3024/1312/3024 3023/527/3023
f 3024/1312/3024 3028/611/3028 3011/1317/3011
f 3024/1312/3024 3027/605/3027 3030/1313/3030
f 3011/1317/3011 3029/1304/3029 3017/1318/3017
f 3017/1318/3017 3027/605/3027 3010/1311/3010
f 3032/428/3032 3033/1319/3033 3031/643/3031
f 3033/1319/3033 3035/1320/3035 3036/395/3036
f 3033/1319/3033 3037/642/3037 3035/1320/3035
f 3036/395/3036 3035/1320/3035 3038/398/3038
f 3035/1320/3035 3041/399/3041 3038/398/3038
f 3035/1320/3035 3042/400/3042 3040/401/3040
f 3040/401/3040 3044/402/3044 3041/399/3041
f 3040/401/3040 3045/403/3045 3043/404/3043
f 3047/428/3047 3048/1321/3048 3046/640/3046
f 3048/1321/3048 3050/1322/3050 3051/395/3051
f 3049/396/3049 3050/1322/3050 3048/1321/3048
f 3051/395/3051 3050/1322/3050 3053/398/3053
f 3050/1322/3050 3056/399/3056 3053/398/3053
f 3050/1322/3050 3057/400/3057 3055/401/3055
f 3055/401/3055 3059/402/3059 3056/399/3056
f 3055/401/3055 3060/403/3060 3058/404/3058
f 3064/405/3064 3062/406/3062 3061/591/3061
f 3067/621/3067 3063/409/3063 3064/405/3064
f 3067/621/3067 3066/410/3066 3065/411/3065
f 3067/621/3067 3068/1323/3068 3066/410/3066
f 3070/1324/3070 3067/621/3067 3071/417/3071
f 3071/417/3071 3067/621/3067 3072/418/3072
f 3073/419/3073 3067/621/3067 3064/405/3064
f 3074/420/3074 3064/405/3064 3061/591/3061
f 3078/1325/3078 3076/454/3076 3077/455/3077
f 3083/1326/3083 3079/409/3079 3080/405/3080
f 3083/1326/3083 3082/410/3082 3081/411/3081
f 3083/1326/3083 3084/1268/3084 3082/410/3082
f 3086/1327/3086 3083/1326/3083 3087/417/3087
f 3087/417/3087 3083/1326/3083 3088/418/3088
f 3089/419/3089 3083/1326/3083 3080/405/3080
f 3090/420/3090 3080/405/3080 3078/1325/3078
f 3091/424/3091 3078/1325/3078 3077/455/3077
f 3097/1328/3097 3094/409/3094 3093/1329/3093
f 3097/1328/3097 3096/410/3096 3095/411/3095
f 3097/1328/3097 3098/1330/3098 3096/410/3096
f 3100/1331/3100 3097/1328/3097 3101/417/3101
f 3101/417/3101 3097/1328/3097 3102/418/3102
f 3103/419/3103 3097/1328/3097 3093/1329/3093
f 3104/420/3104 3093/1329/3093 3092/1332/3092
f 3108/1333/3108 3106/454/3106 3107/455/3107
f 3111/1334/3111 3112/410/3112 3110/411/3110
f 3113/432/3113 3114/1335/3114 3112/410/3112
f 3116/1336/3116 3113/432/3113 3117/417/3117
f 3117/417/3117 3111/1334/3111 3118/418/3118
f 3120/420/3120 3111/1334/3111 3108/1333/3108
f 3121/424/3121 3108/1333/3108 3107/455/3107
f 3123/428/3123 3124/653/3124 3122/1337/3122
f 3126/395/3126 3128/654/3128 3129/398/3129
f 3127/642/3127 3128/654/3128 3124/653/3124
f 3128/654/3128 3132/399/3132 3129/398/3129
f 3128/654/3128 3133/400/3133 3131/401/3131
f 3131/401/3131 3135/402/3135 3132/399/3132
f 3131/401/3131 3136/403/3136 3134/404/3134
f 3137/1338/3137 3141/1339/3141 3138/393/3138
f 3140/428/3140 3141/1339/3141 3139/1340/3139
f 3138/393/3138 3143/1341/3143 3144/395/3144
f 3142/396/3142 3143/1341/3143 3141/1339/3141
f 3144/395/3144 3143/1341/3143 3146/398/3146
f 3143/1341/3143 3149/399/3149 3146/398/3146
f 3143/1341/3143 3150/400/3150 3148/401/3148
f 3148/401/3148 3152/402/3152 3149/399/3149
f 3148/401/3148 3153/403/3153 3151/404/3151
f 3160/1342/3160 3156/409/3156 3157/1343/3157
f 3160/1342/3160 3159/410/3159 3158/411/3158
f 3160/1342/3160 3161/412/3161 3159/410/3159
f 3163/433/3163 3162/414/3162 3161/412/3161
f 3164/415/3164 3163/433/3163 3165/416/3165
f 3165/416/3165 3160/1342/3160 3166/417/3166
f 3168/419/3168 3160/1342/3160 3157/1343/3157
f 3170/424/3170 3157/1343/3157 3154/1344/3154
f 3177/1345/3177 3173/409/3173 3174/1346/3174
f 3177/1345/3177 3176/410/3176 3175/411/3175
f 3177/1345/3177 3178/412/3178 3176/410/3176
f 3180/531/3180 3179/414/3179 3178/412/3178
f 3181/415/3181 3180/531/3180 3182/416/3182
f 3182/416/3182 3177/1345/3177 3183/417/3183
f 3185/419/3185 3177/1345/3177 3174/1346/3174
f 3187/424/3187 3174/1346/3174 3171/1347/3171
f 3197/512/3197 3188/1348/3188 3195/1349/3195
f 3197/512/3197 3191/1350/3191 3190/516/3190
f 3199/1351/3199 3191/1350/3191 3198/518/3198
f 3192/1252/3192 3198/518/3198 3197/512/3197
f 3189/1352/3189 3197/512/3197 3196/1353/3196
f 3196/1353/3196 3197/512/3197 3195/1349/3195
f 3200/1354/3200 3188/1348/3188 3201/1355/3201
f 3201/1355/3201 3190/516/3190 3202/635/3202
f 3202/635/3202 3191/1350/3191 3203/1255/3203
f 3191/1350/3191 3204/1356/3204 3203/1255/3203
f 3192/1252/3192 3203/1255/3203 3194/668/3194
f 3201/1355/3201 3192/1252/3192 3189/1352/3189
f 3214/1357/3214 3205/1358/3205 3212/1359/3212
f 3215/1360/3215 3223/1361/3223 3207/1362/3207
f 3217/1363/3217 3223/1361/3223 3216/1364/3216
f 3217/1363/3217 3211/206/3211 3209/1365/3209
f 3218/1366/3218 3217/1363/3217 3210/1367/3210
f 3208/519/3208 3215/1360/3215 3214/1357/3214
f 3206/1368/3206 3214/1357/3214 3213/1369/3213
f 3213/1369/3213 3214/1357/3214 3212/1359/3212
f 3219/1370/3219 3205/1358/3205 3220/1371/3220
f 3220/1371/3220 3207/1362/3207 3221/1372/3221
f 3221/1372/3221 3207/1362/3207 3222/1373/3222
f 3223/1361/3223 3209/1365/3209 3224/1374/3224
f 3223/1361/3223 3218/1366/3218 3210/1367/3210
f 3216/1364/3216 3222/1373/3222 3210/1367/3210
f 3208/519/3208 3222/1373/3222 3216/1364/3216
f 3220/1371/3220 3208/519/3208 3206/1368/3206
f 3227/1375/3227 3225/284/3225 3226/285/3226
f 3231/286/3231 3228/287/3228 3229/288/3229
f 3231/286/3231 3232/289/3232 3230/290/3230
f 3234/1172/3234 3233/292/3233 3232/289/3232
f 3234/1172/3234 3235/293/3235 3233/292/3233
f 3237/294/3237 3234/1172/3234 3238/295/3238
f 3238/295/3238 3234/1172/3234 3239/296/3239
f 3239/296/3239 3231/286/3231 3240/297/3240
f 3241/298/3241 3231/286/3231 3229/288/3229
f 3242/299/3242 3229/288/3229 3227/1375/3227
f 3243/300/3243 3227/1375/3227 3226/285/3226
f 3245/1376/3245 3247/445/3247 3244/393/3244
f 3246/428/3246 3247/445/3247 3245/1376/3245
f 3244/393/3244 3248/1377/3248 3249/395/3249
f 3249/395/3249 3248/1377/3248 3251/398/3251
f 3248/1377/3248 3254/399/3254 3251/398/3251
f 3248/1377/3248 3255/400/3255 3253/401/3253
f 3253/401/3253 3257/402/3257 3254/399/3254
f 3253/401/3253 3258/403/3258 3256/404/3256
f 3262/405/3262 3260/406/3260 3259/591/3259
f 3265/1378/3265 3261/409/3261 3262/405/3262
f 3265/1378/3265 3264/410/3264 3263/411/3263
f 3265/1378/3265 3266/1379/3266 3264/410/3264
f 3268/1380/3268 3265/1378/3265 3269/417/3269
f 3269/417/3269 3265/1378/3265 3270/418/3270
f 3271/419/3271 3265/1378/3265 3262/405/3262
f 3272/420/3272 3262/405/3262 3259/591/3259
f 3279/1381/3279 3275/406/3275 3276/1382/3276
f 3279/1381/3279 3278/411/3278 3277/409/3277
f 3279/1381/3279 3280/410/3280 3278/411/3278
f 3282/1383/3282 3281/1384/3281 3280/410/3280
f 3283/1385/3283 3282/1383/3282 3284/417/3284
f 3284/417/3284 3279/1381/3279 3285/418/3285
f 3287/420/3287 3279/1381/3279 3276/1382/3276
f 3294/432/3294 3292/1386/3292 3293/1387/3293
f 3294/432/3294 3295/412/3295 3292/1386/3292
f 3297/1388/3297 3296/414/3296 3295/412/3295
f 3298/1389/3298 3294/432/3294 3299/417/3299
f 3299/417/3299 3293/1387/3293 3300/418/3300
f 3302/420/3302 3293/1387/3293 3290/1390/3290
f 3303/424/3303 3290/1390/3290 3289/1391/3289
f 3306/1392/3306 3304/454/3304 3305/455/3305
f 3309/1393/3309 3308/411/3308 3307/409/3307
f 3309/1393/3309 3310/410/3310 3308/411/3308
f 3312/1394/3312 3311/1395/3311 3310/410/3310
f 3313/1396/3313 3312/1394/3312 3314/417/3314
f 3314/417/3314 3309/1393/3309 3315/418/3315
f 3317/420/3317 3309/1393/3309 3306/1392/3306
f 3318/424/3318 3306/1392/3306 3305/455/3305
f 3322/405/3322 3320/406/3320 3319/1397/3319
f 3325/1398/3325 3321/409/3321 3322/405/3322
f 3325/1398/3325 3324/410/3324 3323/411/3323
f 3325/1398/3325 3326/1399/3326 3324/410/3324
f 3328/1400/3328 3325/1398/3325 3329/417/3329
f 3329/417/3329 3325/1398/3325 3330/418/3330
f 3331/419/3331 3325/1398/3325 3322/405/3322
f 3332/420/3332 3322/405/3322 3319/1397/3319
f 3338/1401/3338 3339/410/3339 3337/411/3337
f 3341/1402/3341 3340/412/3340 3339/410/3339
f 3341/1402/3341 3342/414/3342 3340/412/3340
f 3344/415/3344 3341/1402/3341 3345/416/3345
f 3345/416/3345 3341/1402/3341 3346/417/3346
f 3346/417/3346 3338/1401/3338 3347/1403/3347
f 3348/420/3348 3338/1401/3338 3335/1404/3335
f 3349/424/3349 3335/1404/3335 3334/1405/3334
f 3355/1406/3355 3350/284/3350 3351/285/3351
f 3358/1407/3358 3354/290/3354 3355/1406/3355
f 3358/1407/3358 3357/292/3357 3356/289/3356
f 3358/1407/3358 3359/293/3359 3357/292/3357
f 3361/294/3361 3358/1407/3358 3362/1408/3362
f 3362/1408/3362 3355/1406/3355 3363/297/3363
f 3363/297/3363 3355/1406/3355 3364/298/3364
f 3366/300/3366 3355/1406/3355 3351/285/3351
f 3372/1409/3372 3368/301/3368 3369/582/3369
f 3372/1409/3372 3373/289/3373 3371/290/3371
f 3375/1410/3375 3374/292/3374 3373/289/3373
f 3375/1410/3375 3376/293/3376 3374/292/3374
f 3378/294/3378 3375/1410/3375 3379/295/3379
f 3379/295/3379 3375/1410/3375 3380/296/3380
f 3380/296/3380 3372/1409/3372 3381/297/3381
f 3381/297/3381 3372/1409/3372 3382/298/3382
f 3383/299/3383 3372/1409/3372 3369/582/3369
f 3391/1411/3391 3387/409/3387 3388/405/3388
f 3391/1411/3391 3390/410/3390 3389/411/3389
f 3391/1411/3391 3392/1412/3392 3390/410/3390
f 3394/1413/3394 3391/1411/3391 3395/417/3395
f 3395/417/3395 3391/1411/3391 3396/418/3396
f 3397/419/3397 3391/1411/3391 3388/405/3388
f 3398/420/3398 3388/405/3388 3386/1414/3386
f 3399/424/3399 3386/1414/3386 3385/1415/3385
f 3401/1416/3401 3403/1417/3403 3400/393/3400
f 3402/428/3402 3403/1417/3403 3401/1416/3401
f 3400/393/3400 3404/1418/3404 3405/395/3405
f 3405/395/3405 3404/1418/3404 3407/398/3407
f 3404/1418/3404 3409/399/3409 3407/398/3407
f 3404/1418/3404 3410/400/3410 3412/1419/3412
f 3412/1419/3412 3413/403/3413 3411/404/3411
f 3418/288/3418 3415/301/3415 3416/302/3416
f 3420/286/3420 3417/287/3417 3418/288/3418
f 3420/286/3420 3421/289/3421 3419/290/3419
f 3423/303/3423 3422/292/3422 3421/289/3421
f 3423/303/3423 3424/293/3424 3422/292/3422
f 3426/294/3426 3423/303/3423 3427/295/3427
f 3427/295/3427 3423/303/3423 3428/296/3428
f 3428/296/3428 3420/286/3420 3429/297/3429
f 3430/298/3430 3420/286/3420 3418/288/3418
f 3431/299/3431 3418/288/3418 3416/302/3416
f 3437/431/3437 3434/409/3434 3435/1420/3435
f 3437/431/3437 3438/410/3438 3436/411/3436
f 3440/1421/3440 3439/1422/3439 3438/410/3438
f 3442/415/3442 3440/1421/3440 3443/416/3443
f 3443/416/3443 3440/1421/3440 3444/417/3444
f 3445/418/3445 3440/1421/3440 3437/431/3437
f 3446/419/3446 3437/431/3437 3435/1420/3435
f 3448/424/3448 3435/1420/3435 3433/425/3433
f 3449/393/3449 3453/1423/3453 3454/395/3454
f 3452/396/3452 3453/1423/3453 3450/1424/3450
f 3454/395/3454 3453/1423/3453 3456/398/3456
f 3453/1423/3453 3458/399/3458 3456/398/3456
f 3453/1423/3453 3459/400/3459 3461/1425/3461
f 3461/1425/3461 3462/403/3462 3460/404/3460
f 3466/405/3466 3464/406/3464 3463/1332/3463
f 3469/572/3469 3465/409/3465 3466/405/3466
f 3469/572/3469 3468/410/3468 3467/411/3467
f 3469/572/3469 3470/652/3470 3468/410/3468
f 3472/534/3472 3469/572/3469 3473/417/3473
f 3473/417/3473 3469/572/3469 3474/418/3474
f 3475/419/3475 3469/572/3469 3466/405/3466
f 3476/420/3476 3466/405/3466 3463/1332/3463
f 3484/1426/3484 3480/409/3480 3481/405/3481
f 3484/1426/3484 3483/410/3483 3482/411/3482
f 3484/1426/3484 3485/1427/3485 3483/410/3483
f 3487/1428/3487 3484/1426/3484 3488/417/3488
f 3488/417/3488 3484/1426/3484 3489/418/3489
f 3490/419/3490 3484/1426/3484 3481/405/3481
f 3491/420/3491 3481/405/3481 3479/1429/3479
f 3492/424/3492 3479/1429/3479 3478/1430/3478
f 3494/1431/3494 3496/1432/3496 3493/393/3493
f 3495/428/3495 3496/1432/3496 3494/1431/3494
f 3493/393/3493 3497/1433/3497 3498/395/3498
f 3498/395/3498 3497/1433/3497 3500/398/3500
f 3497/1433/3497 3502/399/3502 3500/398/3500
f 3497/1433/3497 3503/400/3503 3505/1434/3505
f 3505/1434/3505 3506/403/3506 3504/404/3504
f 3510/405/3510 3508/406/3508 3507/591/3507
f 3513/1435/3513 3509/409/3509 3510/405/3510
f 3513/1435/3513 3512/410/3512 3511/411/3511
f 3513/1435/3513 3514/412/3514 3512/410/3512
f 3516/1436/3516 3515/414/3515 3514/412/3514
f 3517/1336/3517 3513/1435/3513 3518/417/3518
f 3518/417/3518 3513/1435/3513 3519/418/3519
f 3520/419/3520 3513/1435/3513 3510/405/3510
f 3521/420/3521 3510/405/3510 3507/591/3507
f 3533/1437/3533 3524/542/3524 3523/543/3523
f 3530/887/3530 3524/542/3524 3533/1437/3533
f 3531/1438/3531 3525/1439/3525 3530/887/3530
f 3534/1440/3534 3538/1441/3538 3531/1438/3531
f 3528/1442/3528 3530/887/3530 3526/229/3526
f 3526/229/3526 3533/1437/3533 3529/1443/3529
f 3532/553/3532 3534/1440/3534 3531/1438/3531
f 3539/541/3539 3524/542/3524 3536/1444/3536
f 3524/542/3524 3537/1445/3537 3536/1444/3536
f 3525/1439/3525 3538/1441/3538 3537/1445/3537
f 3527/1446/3527 3532/553/3532 3538/1441/3538
f 3538/1441/3538 3532/553/3532 3528/1442/3528
f 3537/1445/3537 3528/1442/3528 3526/229/3526
f 3529/1443/3529 3537/1445/3537 3526/229/3526
f 3545/1447/3545 3542/409/3542 3541/1448/3541
f 3545/1447/3545 3544/410/3544 3543/411/3543
f 3545/1447/3545 3546/1449/3546 3544/410/3544
f 3548/1450/3548 3545/1447/3545 3549/417/3549
f 3549/417/3549 3545/1447/3545 3550/418/3550
f 3551/419/3551 3545/1447/3545 3541/1448/3541
f 3552/420/3552 3541/1448/3541 3540/1332/3540
f 3649/94/3649 3581/816/3581 3646/1451/3646
f 3640/1452/3640 3576/1453/3576 3638/947/3638
f 3560/1454/3560 3627/1455/3627 3629/1456/3629
f 3618/1457/3618 3555/1458/3555 3556/1459/3556
f 3620/70/3620 3556/1459/3556 3557/954/3557
f 3626/1460/3626 3571/1461/3571 3574/957/3574
f 3566/1462/3566 3633/1463/3633 3565/1464/3565
f 3639/808/3639 3575/1465/3575 3576/1453/3576
f 3573/1466/3573 3579/1467/3579 3580/1468/3580
f 3591/1469/3591 3588/1470/3588 3589/1471/3589
f 3648/696/3648 3581/816/3581 3582/1472/3582
f 3647/738/3647 3573/1466/3573 3581/816/3581
f 3645/1473/3645 3572/1474/3572 3573/1466/3573
f 3645/1473/3645 3578/970/3578 3572/1474/3572
f 3642/43/3642 3569/1475/3569 3578/970/3578
f 3619/1476/3619 3590/972/3590 3586/823/3586
f 3619/1476/3619 3586/823/3586 3587/1477/3587
f 3621/825/3621 3587/1477/3587 3588/1470/3588
f 3621/825/3621 3558/1478/3558 3619/1476/3619
f 3621/825/3621 3588/1470/3588 3591/1469/3591
f 3621/825/3621 3591/1469/3591 3628/1479/3628
f 3567/1480/3567 3634/1481/3634 3566/1462/3566
f 3558/1478/3558 3620/70/3620 3557/954/3557
f 3617/1482/3617 3554/1483/3554 3555/1458/3555
f 3579/1467/3579 3643/87/3643 3644/1484/3644
f 3616/1485/3616 3584/1486/3584 3590/972/3590
f 3635/1487/3635 3634/1481/3634 3596/1488/3596
f 3597/984/3597 3596/1488/3596 3598/1489/3598
f 3614/1490/3614 3584/1486/3584 3616/1485/3616
f 3561/1491/3561 3556/1459/3556 3555/1458/3555
f 3562/987/3562 3621/825/3621 3628/1479/3628
f 3619/1476/3619 3561/1491/3561 3590/972/3590
f 3555/1458/3555 3616/1485/3616 3590/972/3590
f 3564/1492/3564 3594/1493/3594 3595/1494/3595
f 3632/1495/3632 3564/1492/3564 3595/1494/3595
f 3572/1474/3572 3578/970/3578 3579/1467/3579
f 3574/957/3574 3624/1496/3624 3625/1497/3625
f 3575/1465/3575 3622/1498/3622 3559/1499/3559
f 3565/1464/3565 3631/995/3631 3564/1492/3564
f 3569/1475/3569 3636/851/3636 3567/1480/3567
f 3564/1492/3564 3630/1500/3630 3563/1501/3563
f 3635/1487/3635 3566/1462/3566 3632/1495/3632
f 3557/954/3557 3556/1459/3556 3561/1491/3561
f 3608/1502/3608 3600/1503/3600 3609/1504/3609
f 3592/1505/3592 3600/1503/3600 3597/984/3597
f 3610/1506/3610 3601/1507/3601 3611/1508/3611
f 3612/1509/3612 3603/859/3603 3613/95/3613
f 3592/1505/3592 3597/984/3597 3598/1489/3598
f 3632/1495/3632 3595/1494/3595 3633/1463/3633
f 3632/1495/3632 3633/1463/3633 3634/1481/3634
f 3640/1452/3640 3592/1505/3592 3598/1489/3598
f 3646/1451/3646 3613/95/3613 3649/94/3649
f 3555/1458/3555 3614/1490/3614 3616/1485/3616
f 3568/1510/3568 3639/808/3639 3576/1453/3576
f 3560/1454/3560 3626/1460/3626 3574/957/3574
f 3559/1499/3559 3622/1498/3622 3558/1478/3558
f 3576/1453/3576 3629/1456/3629 3638/947/3638
f 3643/87/3643 3577/1511/3577 3640/1452/3640
f 3580/1468/3580 3644/1484/3644 3646/1451/3646
f 3644/1484/3644 3612/1509/3612 3646/1451/3646
f 3611/1508/3611 3602/1512/3602 3612/1509/3612
f 3624/1496/3624 3606/862/3606 3625/1497/3625
f 3627/1455/3627 3606/862/3606 3607/1513/3607
f 3627/1455/3627 3607/1513/3607 3599/1010/3599
f 3627/1455/3627 3608/1502/3608 3629/1456/3629
f 3629/1456/3629 3609/1504/3609 3638/947/3638
f 3638/947/3638 3592/1505/3592 3640/1452/3640
f 3640/1452/3640 3610/1506/3610 3643/87/3643
f 3643/87/3643 3611/1508/3611 3644/1484/3644
f 3624/1496/3624 3604/1514/3604 3605/1515/3605
f 3607/1513/3607 3628/1479/3628 3599/1010/3599
f 3597/984/3597 3639/808/3639 3635/1487/3635
f 3589/1471/3589 3622/1498/3622 3637/1516/3637
f 3589/1471/3589 3639/808/3639 3600/1503/3600
f 3598/1489/3598 3636/851/3636 3641/50/3641
f 3596/1488/3596 3634/1481/3634 3636/851/3636
f 3583/1517/3583 3617/1482/3617 3584/1486/3584
f 3587/1477/3587 3620/70/3620 3622/1498/3622
f 3605/1515/3605 3623/1518/3623 3570/1519/3570
f 3606/862/3606 3626/1460/3626 3607/1513/3607
f 3594/1493/3594 3630/1500/3630 3631/995/3631
f 3603/859/3603 3647/738/3647 3648/696/3648
f 3605/1515/3605 3626/1460/3626 3606/862/3606
f 3601/1507/3601 3645/1473/3645 3602/1512/3602
f 3586/823/3586 3618/1457/3618 3620/70/3620
f 3610/1506/3610 3645/1473/3645 3601/1507/3601
f 3610/1506/3610 3641/50/3641 3642/43/3642
f 3666/768/3666 3653/678/3653 3651/675/3651
f 3668/1520/3668 3653/678/3653 3667/1521/3667
f 3669/1522/3669 3655/1523/3655 3668/1520/3668
f 3670/1524/3670 3655/1523/3655 3669/1522/3669
f 3671/1525/3671 3657/1526/3657 3670/1524/3670
f 3671/1525/3671 3660/22/3660 3657/1526/3657
f 3659/1527/3659 3664/1528/3664 3658/1529/3658
f 3658/1529/3658 3665/1530/3665 3656/1531/3656
f 3656/1531/3656 3665/1530/3665 3661/1532/3661
f 3654/1533/3654 3663/1534/3663 3668/1520/3668
f 3654/1533/3654 3667/1521/3667 3652/764/3652
f 3652/764/3652 3662/766/3662 3650/722/3650
f 3665/1530/3665 3669/1522/3669 3663/1534/3663
f 3670/1524/3670 3669/1522/3669 3665/1530/3665
f 3662/766/3662 3667/1521/3667 3666/768/3666
f 3651/675/3651 3676/1535/3676 3675/768/3675
f 3653/678/3653 3677/1536/3677 3676/1535/3676
f 3655/1523/3655 3678/1537/3678 3677/1536/3677
f 3678/1537/3678 3657/1526/3657 3679/1538/3679
f 3657/1526/3657 3680/1539/3680 3679/1538/3679
f 3679/1538/3679 3659/1527/3659 3658/1529/3658
f 3674/1540/3674 3658/1529/3658 3656/1531/3656
f 3674/1540/3674 3656/1531/3656 3661/1532/3661
f 3654/1533/3654 3673/1541/3673 3661/1532/3661
f 3676/1535/3676 3654/1533/3654 3652/764/3652
f 3650/722/3650 3676/1535/3676 3652/764/3652
f 3677/1536/3677 3674/1540/3674 3673/1541/3673
f 3678/1537/3678 3679/1538/3679 3674/1540/3674
f 3675/768/3675 3676/1535/3676 3672/766/3672
f 3694/1542/3694 3682/675/3682 3693/1543/3693
f 3695/1544/3695 3683/678/3683 3694/1542/3694
f 3696/17/3696 3685/1545/3685 3695/1544/3695
f 3697/1546/3697 3685/1545/3685 3696/17/3696
f 3698/1547/3698 3686/1548/3686 3697/1546/3697
f 3698/1547/3698 3689/1549/3689 3686/1548/3686
f 3688/1550/3688 3697/1546/3697 3687/1551/3687
f 3687/1551/3687 3696/17/3696 3690/1552/3690
f 3684/1553/3684 3693/1543/3693 3681/722/3681
f 3696/17/3696 3695/1544/3695 3691/1554/3691
f 3682/675/3682 3702/1555/3702 3701/1556/3701
f 3683/678/3683 3703/1557/3703 3702/1555/3702
f 3685/1545/3685 3704/137/3704 3703/1557/3703
f 3685/1545/3685 3705/1558/3705 3704/137/3704
f 3700/1559/3700 3688/1550/3688 3687/1551/3687
f 3704/137/3704 3687/1551/3687 3690/1552/3690
f 3684/1553/3684 3699/1560/3699 3690/1552/3690
f 3701/1556/3701 3684/1553/3684 3681/722/3681
f 3703/1557/3703 3704/137/3704 3699/1560/3699
f 3707/1231/3707 3709/445/3709 3706/393/3706
f 3708/428/3708 3709/445/3709 3707/1231/3707
f 3706/393/3706 3710/1561/3710 3711/395/3711
f 3711/395/3711 3710/1561/3710 3713/398/3713
f 3710/1561/3710 3716/399/3716 3713/398/3713
f 3710/1561/3710 3717/400/3717 3715/401/3715
f 3715/401/3715 3719/402/3719 3716/399/3716
f 3715/401/3715 3720/403/3720 3718/404/3718
f 3727/1562/3727 3723/409/3723 3724/1563/3724
f 3727/1562/3727 3726/410/3726 3725/411/3725
f 3727/1562/3727 3728/412/3728 3726/410/3726
f 3730/413/3730 3729/414/3729 3728/412/3728
f 3731/415/3731 3730/413/3730 3732/416/3732
f 3732/416/3732 3727/1562/3727 3733/417/3733
f 3733/417/3733 3727/1562/3727 3734/418/3734
f 3735/419/3735 3727/1562/3727 3724/1563/3724
f 3736/420/3736 3721/1564/3721 3737/424/3737
f 3740/306/3740 3738/1565/3738 3739/1102/3739
f 3742/449/3742 3738/1565/3738 3740/306/3740
f 3742/449/3742 3743/308/3743 3741/450/3741
f 3744/451/3744 3745/307/3745 3743/308/3743
f 3747/309/3747 3744/451/3744 3748/310/3748
f 3748/310/3748 3742/449/3742 3749/311/3749
f 3749/311/3749 3740/306/3740 3750/312/3750
f 3751/313/3751 3740/306/3740 3739/1102/3739
f 3769/1107/3769 3753/284/3753 3754/285/3754
f 3758/1566/3758 3755/301/3755 3769/1107/3769
f 3758/1566/3758 3757/290/3757 3756/287/3756
f 3758/1566/3758 3759/289/3759 3757/290/3757
f 3761/1567/3761 3760/292/3760 3759/289/3759
f 3761/1567/3761 3762/293/3762 3760/292/3760
f 3764/294/3764 3761/1567/3761 3765/295/3765
f 3765/295/3765 3761/1567/3761 3766/296/3766
f 3766/296/3766 3758/1566/3758 3767/297/3767
f 3767/297/3767 3758/1566/3758 3768/298/3768
f 3770/300/3770 3769/1107/3769 3754/285/3754
f 3772/1568/3772 3774/1112/3774 3771/393/3771
f 3773/428/3773 3774/1112/3774 3772/1568/3772
f 3771/393/3771 3775/1569/3775 3776/395/3776
f 3776/395/3776 3775/1569/3775 3778/398/3778
f 3775/1569/3775 3781/399/3781 3778/398/3778
f 3775/1569/3775 3782/400/3782 3780/401/3780
f 3780/401/3780 3784/402/3784 3781/399/3781
f 3780/401/3780 3785/403/3785 3783/404/3783
f 3789/1117/3789 3787/1118/3787 3786/1570/3786
f 3791/1120/3791 3788/380/3788 3789/1117/3789
f 3791/1120/3791 3792/382/3792 3790/383/3790
f 3794/1121/3794 3793/384/3793 3792/382/3792
f 3794/1121/3794 3795/386/3795 3793/384/3793
f 3797/387/3797 3794/1121/3794 3798/388/3798
f 3798/388/3798 3794/1121/3794 3799/389/3799
f 3799/389/3799 3791/1120/3791 3800/1122/3800
f 3801/390/3801 3791/1120/3791 3789/1117/3789
f 3802/1123/3802 3789/1117/3789 3786/1570/3786
f 3807/306/3807 3808/450/3808 3806/305/3806
f 3810/1571/3810 3809/308/3809 3808/450/3808
f 3810/1571/3810 3811/307/3811 3809/308/3809
f 3813/309/3813 3810/1571/3810 3814/310/3814
f 3814/310/3814 3810/1571/3810 3815/311/3815
f 3815/311/3815 3807/306/3807 3816/312/3816
f 3817/313/3817 3807/306/3807 3805/1127/3805
f 3818/315/3818 3805/1127/3805 3804/1572/3804
f 3843/1573/3843 3819/461/3819 3820/1574/3820
f 3847/1134/3847 3851/464/3851 3852/1575/3852
f 3848/1576/3848 3823/467/3823 3847/1134/3847
f 3848/1576/3848 3830/468/3830 3827/469/3827
f 3849/1577/3849 3831/471/3831 3830/468/3830
f 3849/1577/3849 3832/472/3832 3831/471/3831
f 3846/476/3846 3835/477/3835 3845/1578/3845
f 3846/476/3846 3839/478/3839 3837/479/3837
f 3842/1579/3842 3841/1580/3841 3840/482/3840
f 3840/482/3840 3846/476/3846 3838/483/3838
f 3838/483/3838 3845/1578/3845 3836/484/3836
f 3833/485/3833 3844/1149/3844 3823/467/3823
f 3850/1581/3850 3849/1577/3849 3829/490/3829
f 3829/490/3829 3849/1577/3849 3828/491/3828
f 3826/492/3826 3849/1577/3849 3848/1576/3848
f 3824/493/3824 3847/1134/3847 3822/486/3822
f 3843/1573/3843 3851/464/3851 3821/495/3821
f 3856/405/3856 3857/411/3857 3855/409/3855
f 3859/1582/3859 3858/410/3858 3857/411/3857
f 3859/1582/3859 3860/1583/3860 3858/410/3858
f 3862/422/3862 3859/1582/3859 3863/417/3863
f 3863/417/3863 3859/1582/3859 3864/418/3864
f 3865/419/3865 3859/1582/3859 3856/405/3856
f 3866/420/3866 3856/405/3856 3854/1584/3854
f 3867/424/3867 3854/1584/3854 3853/1585/3853
f 3869/1586/3869 3871/1587/3871 3868/393/3868
f 3870/428/3870 3871/1587/3871 3869/1586/3869
f 3868/393/3868 3872/1588/3872 3873/395/3873
f 3873/395/3873 3872/1588/3872 3875/398/3875
f 3872/1588/3872 3878/399/3878 3875/398/3875
f 3872/1588/3872 3879/400/3879 3877/401/3877
f 3877/401/3877 3881/402/3881 3878/399/3878
f 3877/401/3877 3882/403/3882 3880/404/3880
f 3889/1589/3889 3885/409/3885 3886/405/3886
f 3889/1589/3889 3888/410/3888 3887/411/3887
f 3889/1589/3889 3890/1590/3890 3888/410/3888
f 3892/422/3892 3889/1589/3889 3893/417/3893
f 3893/417/3893 3889/1589/3889 3894/418/3894
f 3895/419/3895 3889/1589/3889 3886/405/3886
f 3896/420/3896 3886/405/3886 3884/1591/3884
f 3897/424/3897 3884/1591/3884 3883/498/3883
f 3901/405/3901 3902/411/3902 3900/409/3900
f 3904/1592/3904 3903/410/3903 3902/411/3902
f 3904/1592/3904 3905/1412/3905 3903/410/3903
f 3907/1593/3907 3904/1592/3904 3908/417/3908
f 3908/417/3908 3904/1592/3904 3909/418/3909
f 3910/419/3910 3904/1592/3904 3901/405/3901
f 3911/420/3911 3901/405/3901 3899/1263/3899
f 3912/424/3912 3899/1263/3899 3898/1594/3898
f 3967/1595/3967 3914/1596/3914 3956/1597/3956
f 3968/146/3968 3916/1598/3916 3967/1595/3967
f 3969/1599/3969 3918/1600/3918 3968/146/3968
f 3960/1601/3960 3918/1600/3918 3969/1599/3969
f 3971/1602/3971 3922/43/3922 3960/1601/3960
f 3972/1603/3972 3926/198/3926 3925/46/3925
f 3981/1604/3981 3926/198/3926 3970/200/3970
f 3973/1605/3973 3930/54/3930 3923/1606/3923
f 3974/1607/3974 3932/1608/3932 3930/54/3930
f 3975/1609/3975 3932/1608/3932 3974/1607/3974
f 3975/1609/3975 3935/206/3935 3933/1610/3933
f 3963/1611/3963 3938/209/3938 3980/1612/3980
f 3964/1613/3964 3940/1439/3940 3963/1611/3963
f 3965/1614/3965 3940/1439/3940 3964/1613/3964
f 3966/1615/3966 3943/1616/3943 3965/1614/3965
f 3981/1604/3981 3946/1617/3946 3928/1618/3928
f 3982/1619/3982 3948/219/3948 3946/1617/3946
f 3983/1620/3983 3950/221/3950 3949/222/3949
f 3984/1621/3984 3952/1622/3952 3950/221/3950
f 3985/1623/3985 3955/226/3955 3952/1622/3952
f 3944/1624/3944 3965/1614/3965 3942/228/3942
f 3942/228/3942 3964/1613/3964 3941/1625/3941
f 3941/1625/3941 3980/1612/3980 3939/80/3939
f 3939/80/3939 3980/1612/3980 3937/1626/3937
f 3937/1626/3937 3962/1627/3962 3927/1628/3927
f 3924/1629/3924 3962/1627/3962 3961/1630/3961
f 3924/1629/3924 3960/1601/3960 3921/87/3921
f 3921/87/3921 3959/1631/3959 3920/1632/3920
f 3919/276/3919 3959/1631/3959 3958/1633/3958
f 3917/1634/3917 3958/1633/3958 3957/1635/3957
f 3917/1634/3917 3957/1635/3957 3915/94/3915
f 3913/1636/3913 3957/1635/3957 3956/1597/3956
f 3961/1630/3961 3970/200/3970 3972/1603/3972
f 3960/1601/3960 3969/1599/3969 3959/1631/3959
f 3958/1633/3958 3967/1595/3967 3957/1635/3957
f 3961/1630/3961 3972/1603/3972 3971/1602/3971
f 3936/908/3936 3975/1609/3975 3934/1637/3934
f 3929/1638/3929 3974/1607/3974 3973/1605/3973
f 3929/1638/3929 3972/1603/3972 3925/46/3925
f 3973/1605/3973 3971/1602/3971 3972/1603/3972
f 3970/200/3970 3976/911/3976 3981/1604/3981
f 3937/1626/3937 3980/1612/3980 3970/200/3970
f 3954/243/3954 3979/1639/3979 3985/1623/3985
f 3953/1640/3953 3985/1623/3985 3984/1621/3984
f 3953/1640/3953 3978/246/3978 3951/1641/3951
f 3951/1641/3951 3978/246/3978 4011/1642/4011
f 3947/249/3947 3978/246/3978 3982/1619/3982
f 3945/1643/3945 3982/1619/3982 3977/1644/3977
f 3945/1643/3945 3976/911/3976 3938/209/3938
f 3978/246/3978 3984/1621/3984 3983/1620/3983
f 3978/246/3978 3983/1620/3983 3982/1619/3982
f 3977/1644/3977 3982/1619/3982 3981/1604/3981
f 3977/1644/3977 3981/1604/3981 3976/911/3976
f 3998/1645/3998 3916/1598/3916 3999/1646/3999
f 3999/1646/3999 3918/1600/3918 4000/1647/4000
f 4000/1647/4000 3918/1600/3918 3989/1648/3989
f 3918/1600/3918 3990/1649/3990 3989/1648/3989
f 3922/43/3922 4003/1650/4003 3990/1649/3990
f 4004/1651/4004 3926/198/3926 4001/1652/4001
f 3926/198/3926 4014/1653/4014 4001/1652/4001
f 4003/1650/4003 3923/1606/3923 4005/1654/4005
f 4005/1654/4005 3930/54/3930 4006/1255/4006
f 4007/1655/4007 3935/206/3935 4008/1656/4008
f 4009/1657/4009 3938/209/3938 3994/264/3994
f 3938/209/3938 3995/1658/3995 3994/264/3994
f 3940/1439/3940 3996/931/3996 3995/1658/3995
f 3940/1439/3940 3997/1659/3997 3996/931/3996
f 3943/1616/3943 4002/933/4002 3997/1659/3997
f 4014/1653/4014 3928/1618/3928 4015/1660/4015
f 4015/1660/4015 3946/1617/3946 4016/1661/4016
f 4016/1661/4016 3948/219/3948 4017/1662/4017
f 4017/1662/4017 3950/221/3950 3952/1622/3952
f 3952/1622/3952 3955/226/3955 4018/1663/4018
f 3997/1659/3997 3944/1624/3944 3942/228/3942
f 3996/931/3996 3942/228/3942 3941/1625/3941
f 3939/80/3939 3995/1658/3995 3941/1625/3941
f 3993/1664/3993 3939/80/3939 3937/1626/3937
f 3992/1665/3992 3937/1626/3937 3927/1628/3927
f 3924/1629/3924 3992/1665/3992 3927/1628/3927
f 3990/1649/3990 3924/1629/3924 3921/87/3921
f 3989/1648/3989 3921/87/3921 3920/1632/3920
f 3988/1666/3988 3920/1632/3920 3919/276/3919
f 3988/1666/3988 3919/276/3919 3917/1634/3917
f 3987/1667/3987 3917/1634/3917 3915/94/3915
f 3986/1668/3986 3915/94/3915 3913/1636/3913
f 4001/1652/4001 3993/1664/3993 3992/1665/3992
f 3991/1669/3991 4001/1652/4001 3992/1665/3992
f 4000/1647/4000 3989/1648/3989 3988/1666/3988
f 3999/1646/3999 3988/1666/3988 3987/1667/3987
f 3998/1645/3998 3987/1667/3987 3986/1668/3986
f 4007/1655/4007 3936/908/3936 3934/1637/3934
f 3932/1608/3932 4007/1655/4007 4006/1255/4006
f 3931/279/3931 4006/1255/4006 3934/1637/3934
f 3929/1638/3929 4006/1255/4006 3931/279/3931
f 4004/1651/4004 3929/1638/3929 3925/46/3925
f 4003/1650/4003 4005/1654/4005 4004/1651/4004
f 3953/1640/3953 4013/1670/4013 3954/243/3954
f 4012/1671/4012 3953/1640/3953 3951/1641/3951
f 3945/1643/3945 4010/1672/4010 3947/249/3947
f 4009/1657/4009 3945/1643/3945 3938/209/3938
f 4012/1671/4012 3952/1622/3952 4013/1670/4013
f 4017/1662/4017 4012/1671/4012 4011/1642/4011
f 4010/1672/4010 4017/1662/4017 4011/1642/4011
f 4015/1660/4015 4016/1661/4016 4010/1672/4010
f 4019/393/4019 4023/1673/4023 4024/395/4024
f 4022/396/4022 4023/1673/4023 4020/1674/4020
f 4024/395/4024 4023/1673/4023 4026/398/4026
f 4023/1673/4023 4029/399/4029 4026/398/4026
f 4023/1673/4023 4030/400/4030 4028/401/4028
f 4028/401/4028 4032/402/4032 4029/399/4029
f 4028/401/4028 4033/403/4033 4031/404/4031
f 4037/405/4037 4035/406/4035 4034/430/4034
f 4040/1675/4040 4036/409/4036 4037/405/4037
f 4040/1675/4040 4039/410/4039 4038/411/4038
f 4040/1675/4040 4041/412/4041 4039/410/4039
f 4043/531/4043 4042/414/4042 4041/412/4041
f 4044/415/4044 4043/531/4043 4045/416/4045
f 4045/416/4045 4040/1675/4040 4046/417/4046
f 4046/417/4046 4040/1675/4040 4047/418/4047
f 4048/419/4048 4040/1675/4040 4037/405/4037
f 4049/420/4049 4037/405/4037 4034/430/4034
f 4057/1676/4057 4053/409/4053 4054/405/4054
f 4057/1676/4057 4056/410/4056 4055/411/4055
f 4057/1676/4057 4058/412/4058 4056/410/4056
f 4060/439/4060 4059/414/4059 4058/412/4058
f 4061/1677/4061 4057/1676/4057 4062/417/4062
f 4062/417/4062 4057/1676/4057 4063/418/4063
f 4064/419/4064 4057/1676/4057 4054/405/4054
f 4065/420/4065 4054/405/4054 4052/1678/4052
f 4066/424/4066 4052/1678/4052 4051/1225/4051
f 4068/426/4068 4070/588/4070 4067/393/4067
f 4069/428/4069 4070/588/4070 4068/426/4068
f 4067/393/4067 4071/1679/4071 4072/395/4072
f 4072/395/4072 4071/1679/4071 4074/398/4074
f 4071/1679/4071 4077/399/4077 4074/398/4074
f 4071/1679/4071 4078/400/4078 4076/401/4076
f 4076/401/4076 4080/402/4080 4077/399/4077
f 4076/401/4076 4081/403/4081 4079/404/4079
f 4085/405/4085 4083/406/4083 4082/1332/4082
f 4087/431/4087 4084/409/4084 4085/405/4085
f 4087/431/4087 4088/410/4088 4086/411/4086
f 4089/432/4089 4090/412/4090 4088/410/4088
f 4092/457/4092 4091/414/4091 4090/412/4090
f 4093/415/4093 4092/457/4092 4094/416/4094
f 4094/416/4094 4089/432/4089 4095/417/4095
f 4095/417/4095 4087/431/4087 4096/418/4096
f 4097/419/4097 4087/431/4087 4085/405/4085
f 4098/420/4098 4085/405/4085 4082/1332/4082
f 4103/405/4103 4101/406/4101 4100/594/4100
f 4106/1680/4106 4102/409/4102 4103/405/4103
f 4106/1680/4106 4105/410/4105 4104/411/4104
f 4106/1680/4106 4107/412/4107 4105/410/4105
f 4109/657/4109 4108/414/4108 4107/412/4107
f 4110/1681/4110 4106/1680/4106 4111/417/4111
f 4111/417/4111 4106/1680/4106 4112/418/4112
f 4113/419/4113 4106/1680/4106 4103/405/4103
f 4114/420/4114 4103/405/4103 4100/594/4100
f 4120/1682/4120 4117/406/4117 4116/1683/4116
f 4120/1682/4120 4119/411/4119 4118/409/4118
f 4120/1682/4120 4121/410/4121 4119/411/4119
f 4123/1684/4123 4122/412/4122 4121/410/4121
f 4123/1684/4123 4124/414/4124 4122/412/4122
f 4126/415/4126 4123/1684/4123 4127/416/4127
f 4127/416/4127 4123/1684/4123 4128/417/4128
f 4128/417/4128 4120/1682/4120 4129/418/4129
f 4131/420/4131 4120/1682/4120 4116/1683/4116
f 4134/1685/4134 4136/1686/4136 4133/393/4133
f 4135/428/4135 4136/1686/4136 4134/1685/4134
f 4133/393/4133 4137/1687/4137 4138/395/4138
f 4138/395/4138 4137/1687/4137 4140/398/4140
f 4137/1687/4137 4143/399/4143 4140/398/4140
f 4137/1687/4137 4144/400/4144 4142/401/4142
f 4142/401/4142 4146/402/4146 4143/399/4143
f 4142/401/4142 4147/403/4147 4145/404/4145
f 4150/306/4150 4148/1688/4148 4149/1689/4149
f 4152/449/4152 4148/1688/4148 4150/306/4150
f 4152/449/4152 4153/308/4153 4151/450/4151
f 4154/451/4154 4155/307/4155 4153/308/4153
f 4157/309/4157 4154/451/4154 4158/310/4158
f 4158/310/4158 4152/449/4152 4159/311/4159
f 4159/311/4159 4150/306/4150 4160/312/4160
f 4161/313/4161 4150/306/4150 4149/1689/4149
f 4166/405/4166 4164/406/4164 4163/591/4163
f 4169/1690/4169 4165/409/4165 4166/405/4166
f 4169/1690/4169 4168/410/4168 4167/411/4167
f 4169/1690/4169 4170/412/4170 4168/410/4168
f 4172/573/4172 4171/414/4171 4170/412/4170
f 4173/415/4173 4172/573/4172 4174/416/4174
f 4174/416/4174 4169/1690/4169 4175/417/4175
f 4175/417/4175 4169/1690/4169 4176/418/4176
f 4177/419/4177 4169/1690/4169 4166/405/4166
f 4178/420/4178 4166/405/4166 4163/591/4163
f 4184/1691/4184 4180/454/4180 4181/455/4181
f 4187/438/4187 4183/409/4183 4184/1691/4184
f 4187/438/4187 4186/410/4186 4185/411/4185
f 4187/438/4187 4188/412/4188 4186/410/4186
f 4190/413/4190 4189/414/4189 4188/412/4188
f 4191/415/4191 4190/413/4190 4192/416/4192
f 4192/416/4192 4187/438/4187 4193/417/4193
f 4193/417/4193 4187/438/4187 4194/418/4194
f 4195/419/4195 4187/438/4187 4184/1691/4184
f 4197/424/4197 4184/1691/4184 4181/455/4181
f 4204/1692/4204 4200/409/4200 4201/1693/4201
f 4204/1692/4204 4203/410/4203 4202/411/4202
f 4204/1692/4204 4205/412/4205 4203/410/4203
f 4207/413/4207 4206/414/4206 4205/412/4205
f 4208/415/4208 4207/413/4207 4209/416/4209
f 4209/416/4209 4204/1692/4204 4210/417/4210
f 4212/419/4212 4204/1692/4204 4201/1693/4201
f 4214/424/4214 4201/1693/4201 4198/498/4198
f 4217/393/4215 4221/1694/4219 4222/395/4220
f 4220/396/4218 4221/1694/4219 4218/1695/4216
f 4222/395/4220 4221/1694/4219 4224/398/4222
f 4221/1694/4219 4227/399/4225 4224/398/4222
f 4221/1694/4219 4228/400/4226 4226/401/4224
f 4226/401/4224 4230/402/4228 4227/399/4225
f 4226/401/4224 4231/403/4229 4229/404/4227
f 4235/405/4233 4233/406/4231 4232/1696/4230
f 4238/1697/4236 4234/409/4232 4235/405/4233
f 4238/1697/4236 4237/410/4235 4236/411/4234
f 4238/1697/4236 4239/412/4237 4237/410/4235
f 4241/433/4239 4240/414/4238 4239/412/4237
f 4242/1698/4240 4238/1697/4236 4243/417/4241
f 4243/417/4241 4238/1697/4236 4244/418/4242
f 4245/419/4243 4238/1697/4236 4235/405/4233
f 4246/420/4244 4235/405/4233 4232/1696/4230
f 4254/1699/4252 4250/409/4248 4251/405/4249
f 4254/1699/4252 4253/410/4251 4252/411/4250
f 4254/1699/4252 4255/1700/4253 4253/410/4251
f 4257/1701/4255 4254/1699/4252 4258/417/4256
f 4258/417/4256 4254/1699/4252 4259/418/4257
f 4260/419/4258 4254/1699/4252 4251/405/4249
f 4261/420/4259 4251/405/4249 4249/1272/4247
f 4262/424/4260 4249/1272/4247 4248/498/4246
f 4264/1702/4262 4266/1703/4264 4263/393/4261
f 4265/428/4263 4266/1703/4264 4264/1702/4262
f 4263/393/4261 4267/1704/4265 4268/395/4266
f 4268/395/4266 4267/1704/4265 4270/398/4268
f 4267/1704/4265 4273/399/4271 4270/398/4268
f 4267/1704/4265 4274/400/4272 4272/401/4270
f 4272/401/4270 4276/402/4274 4273/399/4271
f 4272/401/4270 4277/403/4275 4275/404/4273
f 4281/405/4279 4279/406/4277 4278/502/4276
f 4284/1095/4282 4280/409/4278 4281/405/4279
f 4284/1095/4282 4283/410/4281 4282/411/4280
f 4284/1095/4282 4285/412/4283 4283/410/4281
f 4287/531/4285 4286/414/4284 4285/412/4283
f 4288/415/4286 4287/531/4285 4289/416/4287
f 4289/416/4287 4284/1095/4282 4290/417/4288
f 4290/417/4288 4284/1095/4282 4291/418/4289
f 4292/419/4290 4284/1095/4282 4281/405/4279
f 4293/420/4291 4281/405/4279 4278/502/4276
f 4296/1705/4294 4298/1706/4296 4295/393/4293
f 4297/428/4295 4298/1706/4296 4296/1705/4294
f 4295/393/4293 4299/1707/4297 4300/395/4298
f 4300/395/4298 4299/1707/4297 4302/398/4300
f 4299/1707/4297 4305/399/4303 4302/398/4300
f 4299/1707/4297 4306/400/4304 4304/401/4302
f 4304/401/4302 4308/402/4306 4305/399/4303
f 4304/401/4302 4309/403/4307 4307/404/4305
f 4313/405/4311 4311/406/4309 4310/430/4308
f 4316/456/4314 4312/409/4310 4313/405/4311
f 4316/456/4314 4315/410/4313 4314/411/4312
f 4316/456/4314 4317/412/4315 4315/410/4313
f 4319/413/4317 4318/414/4316 4317/412/4315
f 4320/1708/4318 4316/456/4314 4321/417/4319
f 4321/417/4319 4316/456/4314 4322/418/4320
f 4323/419/4321 4316/456/4314 4313/405/4311
f 4324/420/4322 4313/405/4311 4310/430/4308
f 4330/1709/4328 4326/454/4324 4327/455/4325
f 4333/1710/4331 4329/409/4327 4330/1709/4328
f 4333/1710/4331 4332/410/4330 4331/411/4329
f 4333/1710/4331 4334/412/4332 4332/410/4330
f 4336/413/4334 4335/414/4333 4334/412/4332
f 4337/1711/4335 4333/1710/4331 4338/417/4336
f 4338/417/4336 4333/1710/4331 4339/418/4337
f 4340/419/4338 4333/1710/4331 4330/1709/4328
f 4342/424/4340 4330/1709/4328 4327/455/4325
f 97/1/97 2/7/2 72/2/72
f 98/4/98 4/9/4 5/5/5
f 97/1/97 113/6/113 5/5/5
f 99/8/99 8/11/8 4/9/4
f 100/10/100 10/13/10 8/11/8
f 100/10/100 101/23/101 11/12/11
f 119/14/119 14/18/14 12/15/12
f 121/19/121 15/21/15 14/18/14
f 101/23/101 102/28/102 20/24/20
f 102/28/102 22/27/22 20/24/20
f 103/26/103 24/30/24 22/27/22
f 104/29/104 25/141/25 24/30/24
f 104/29/104 27/33/27 25/141/25
f 104/29/104 105/31/105 27/33/27
f 106/34/106 30/36/30 29/32/29
f 107/35/107 33/38/33 30/36/30
f 108/37/108 35/40/35 33/38/33
f 110/41/110 39/43/39 35/40/35
f 123/42/123 40/50/40 39/43/39
f 124/44/124 111/48/111 43/45/43
f 134/47/134 44/66/44 43/45/43
f 123/42/123 125/52/125 45/49/45
f 126/51/126 47/54/47 45/49/45
f 127/53/127 48/155/48 47/54/47
f 127/53/127 128/124/128 48/155/48
f 128/124/128 50/158/50 48/155/48
f 128/124/128 129/1712/129 50/158/50
f 93/58/93 55/60/55 53/56/53
f 94/59/94 57/62/57 55/60/55
f 95/61/95 58/64/58 57/62/57
f 112/63/112 60/1713/60 58/64/58
f 134/47/134 135/67/135 62/65/62
f 135/67/135 136/69/136 64/68/64
f 136/69/136 137/71/137 65/70/65
f 137/71/137 138/73/138 67/72/67
f 59/77/59 95/61/95 94/59/94
f 54/80/54 56/79/56 93/58/93
f 54/80/54 92/55/92 91/81/91
f 52/82/52 91/81/91 90/84/90
f 41/83/41 52/82/52 90/84/90
f 41/83/41 89/85/89 88/86/88
f 38/87/38 88/86/88 87/88/87
f 36/90/36 37/89/37 87/88/87
f 34/92/34 36/90/36 86/91/86
f 32/94/32 34/92/34 85/93/85
f 31/96/31 32/94/32 84/95/84
f 28/98/28 31/96/31 83/97/83
f 26/101/26 28/98/28 81/100/81
f 23/103/23 80/102/80 79/104/79
f 21/105/21 79/104/79 117/106/117
f 118/16/118 12/15/12 117/106/117
f 9/107/9 13/121/13 78/108/78
f 7/110/7 9/107/9 77/109/77
f 3/112/3 7/110/7 76/111/76
f 1/114/1 6/181/6 75/113/75
f 6/181/6 3/112/3 75/113/75
f 1/114/1 74/115/74 96/116/96
f 95/61/95 61/78/61 112/63/112
f 91/81/91 134/47/134 111/48/111
f 89/85/89 90/84/90 111/48/111
f 89/85/89 123/42/123 110/41/110
f 88/86/88 110/41/110 109/39/109
f 86/91/86 87/88/87 109/39/109
f 86/91/86 109/39/109 108/37/108
f 85/93/85 108/37/108 107/35/107
f 83/97/83 84/95/84 107/35/107
f 83/97/83 107/35/107 106/34/106
f 82/99/82 83/97/83 106/34/106
f 81/100/81 82/99/82 105/31/105
f 81/100/81 104/29/104 103/26/103
f 80/102/80 103/26/103 102/28/102
f 117/106/117 79/104/79 102/28/102
f 77/109/77 78/108/78 101/23/101
f 76/111/76 77/109/77 100/10/100
f 75/113/75 76/111/76 99/8/99
f 74/115/74 75/113/75 113/6/113
f 74/115/74 97/1/97 114/3/114
f 19/120/19 120/17/120 116/122/116
f 17/118/17 122/20/122 121/19/121
f 16/119/16 121/19/121 120/17/120
f 13/121/13 19/120/19 116/122/116
f 101/23/101 115/25/115 11/12/11
f 118/16/118 117/106/117 78/108/78
f 116/122/116 119/14/119 118/16/118
f 51/187/51 129/1712/129 128/124/128
f 49/123/49 51/187/51 128/124/128
f 46/125/46 49/123/49 126/51/126
f 46/125/46 125/52/125 124/44/124
f 69/126/69 71/188/71 133/127/133
f 66/130/66 195/129/195 132/128/132
f 131/132/131 66/130/66 137/71/137
f 132/128/132 133/127/133 139/75/139
f 137/71/137 132/128/132 138/73/138
f 130/57/130 136/69/136 135/67/135
f 72/2/72 2/7/2 164/1/164
f 179/6/179 5/5/5 4/9/4
f 164/1/164 2/7/2 5/5/5
f 165/4/165 4/9/4 8/11/8
f 166/8/166 8/11/8 10/13/10
f 167/10/167 10/13/10 11/12/11
f 12/15/12 14/18/14 183/135/183
f 14/18/14 15/21/15 185/19/185
f 186/138/186 15/21/15 18/22/18
f 169/134/169 115/25/115 20/24/20
f 20/24/20 22/27/22 170/139/170
f 22/27/22 24/30/24 170/139/170
f 171/140/171 24/30/24 25/141/25
f 25/141/25 27/33/27 172/142/172
f 173/143/173 27/33/27 29/32/29
f 173/143/173 29/32/29 30/36/30
f 175/144/175 30/36/30 33/38/33
f 33/38/33 35/40/35 176/146/176
f 35/40/35 39/43/39 155/148/155
f 39/43/39 40/50/40 187/149/187
f 188/150/188 42/46/42 43/45/43
f 43/45/43 44/66/44 158/152/158
f 187/149/187 40/50/40 45/49/45
f 189/153/189 45/49/45 47/54/47
f 190/154/190 47/54/47 48/155/48
f 48/155/48 50/158/50 192/157/192
f 199/165/199 53/56/53 198/160/198
f 198/160/198 53/56/53 55/60/55
f 159/161/159 55/60/55 57/62/57
f 57/62/57 58/64/58 161/163/161
f 58/64/58 60/1713/60 162/164/162
f 199/165/199 44/66/44 62/65/62
f 200/67/200 62/65/62 64/68/64
f 64/68/64 65/70/65 202/167/202
f 202/167/202 65/70/65 67/72/67
f 204/169/204 67/72/67 68/74/68
f 204/169/204 68/74/68 70/76/70
f 161/163/161 162/164/162 61/78/61
f 160/162/160 161/163/161 59/77/59
f 159/161/159 160/162/160 56/79/56
f 197/171/197 159/161/159 56/79/56
f 157/172/157 158/152/158 52/82/52
f 41/83/41 156/183/156 157/172/157
f 155/148/155 156/183/156 41/83/41
f 154/173/154 155/148/155 38/87/38
f 153/184/153 154/173/154 36/90/36
f 152/145/152 153/184/153 36/90/36
f 151/174/151 152/145/152 34/92/34
f 150/175/150 151/174/151 31/96/31
f 28/98/28 149/176/149 150/175/150
f 148/185/148 149/176/149 26/101/26
f 147/177/147 148/185/148 26/101/26
f 146/178/146 147/177/147 23/103/23
f 182/136/182 145/179/145 146/178/146
f 9/107/9 144/109/144 145/179/145
f 143/111/143 144/109/144 9/107/9
f 141/180/141 143/111/143 7/110/7
f 140/115/140 142/182/142 6/181/6
f 142/182/142 141/180/141 3/112/3
f 163/116/163 140/115/140 1/114/1
f 156/183/156 188/150/188 178/151/178
f 155/148/155 187/149/187 156/183/156
f 176/146/176 177/147/177 154/173/154
f 152/145/152 176/146/176 153/184/153
f 174/34/174 175/144/175 151/174/151
f 150/175/150 173/143/173 174/34/174
f 149/176/149 172/142/172 173/143/173
f 171/140/171 172/142/172 149/176/149
f 170/139/170 171/140/171 148/185/148
f 169/134/169 170/139/170 147/177/147
f 168/133/168 169/134/169 146/178/146
f 144/109/144 167/10/167 168/133/168
f 143/111/143 166/8/166 167/10/167
f 141/180/141 165/4/165 166/8/166
f 140/115/140 164/1/164 179/6/179
f 142/182/142 179/6/179 165/4/165
f 180/3/180 164/1/164 140/115/140
f 181/186/181 184/137/184 19/120/19
f 185/19/185 186/138/186 17/118/17
f 184/137/184 185/19/185 16/119/16
f 11/12/11 115/25/115 168/133/168
f 182/136/182 183/135/183 181/186/181
f 156/183/156 187/149/187 188/150/188
f 192/157/192 193/159/193 51/187/51
f 49/123/49 191/156/191 192/157/192
f 190/154/190 191/156/191 49/123/49
f 46/125/46 189/153/189 190/154/190
f 188/150/188 189/153/189 46/125/46
f 52/82/52 158/152/158 197/171/197
f 69/126/69 196/190/196 205/170/205
f 195/129/195 196/190/196 69/126/69
f 66/130/66 202/167/202 195/129/195
f 131/132/131 194/189/194 202/167/202
f 63/131/63 201/166/201 194/189/194
f 63/131/63 199/165/199 201/166/201
f 196/190/196 204/169/204 205/170/205
f 196/190/196 203/168/203 204/169/204
f 194/189/194 201/166/201 202/167/202
f 255/191/255 208/195/208 284/192/284
f 246/194/246 211/43/211 208/195/208
f 257/196/257 212/202/212 211/43/211
f 258/197/258 256/200/256 215/198/215
f 267/199/267 217/217/217 215/198/215
f 257/196/257 259/201/259 212/202/212
f 259/201/259 260/203/260 219/54/219
f 261/205/261 222/207/222 221/204/221
f 261/205/261 262/239/262 224/206/224
f 263/242/263 266/210/266 226/209/226
f 249/208/249 228/212/228 226/209/226
f 251/213/251 231/215/231 228/212/228
f 267/199/267 268/218/268 234/216/234
f 268/218/268 269/220/269 236/219/236
f 269/220/269 237/222/237 236/219/236
f 269/220/269 270/223/270 238/221/238
f 270/223/270 271/225/271 240/224/240
f 271/225/271 272/244/272 243/226/243
f 232/227/232 252/214/252 251/213/251
f 230/228/230 251/213/251 250/211/250
f 229/229/229 250/211/250 249/208/249
f 229/229/229 249/208/249 266/210/266
f 225/230/225 256/200/256 248/231/248
f 213/233/213 216/232/216 248/231/248
f 213/233/213 247/234/247 246/194/246
f 210/87/210 246/194/246 245/235/245
f 207/276/207 209/236/209 245/235/245
f 206/237/206 207/276/207 245/235/245
f 247/234/247 248/231/248 256/200/256
f 247/234/247 257/196/257 246/194/246
f 245/235/245 255/191/255 273/193/273
f 223/240/223 261/205/261 260/203/260
f 220/279/220 223/240/223 260/203/260
f 218/241/218 220/279/220 260/203/260
f 218/241/218 259/201/259 258/197/258
f 256/200/256 266/210/266 263/242/263
f 242/243/242 244/272/244 272/244/272
f 241/245/241 242/243/242 271/225/271
f 241/245/241 270/223/270 265/246/265
f 235/249/235 296/248/296 265/246/265
f 233/250/233 235/249/235 268/218/268
f 233/250/233 264/251/264 263/242/263
f 253/252/253 284/192/284 208/195/208
f 208/195/208 211/43/211 276/254/276
f 211/43/211 212/202/212 288/255/288
f 289/256/289 214/46/214 215/198/215
f 215/198/215 217/217/217 299/258/299
f 290/259/290 212/202/212 219/54/219
f 291/260/291 219/54/219 221/204/221
f 221/204/221 222/207/222 292/261/292
f 292/261/292 222/207/222 224/206/224
f 226/209/226 228/212/228 281/265/281
f 228/212/228 231/215/231 283/267/283
f 300/269/300 217/217/217 234/216/234
f 301/270/301 234/216/234 236/219/236
f 236/219/236 237/222/237 302/271/302
f 302/271/302 237/222/237 238/221/238
f 283/267/283 287/268/287 232/227/232
f 282/266/282 283/267/283 230/228/230
f 281/265/281 282/266/282 229/229/229
f 227/80/227 280/264/280 281/265/281
f 279/273/279 280/264/280 227/80/227
f 278/274/278 279/273/279 225/230/225
f 213/233/213 277/278/277 278/274/278
f 276/254/276 277/278/277 213/233/213
f 275/275/275 276/254/276 210/87/210
f 254/277/254 275/275/275 207/276/207
f 279/273/279 294/263/294 280/264/280
f 286/257/286 299/258/299 279/273/279
f 277/278/277 289/256/289 286/257/286
f 276/254/276 288/255/288 277/278/277
f 253/252/253 285/253/285 275/275/275
f 277/278/277 288/255/288 289/256/289
f 292/261/292 293/262/293 262/239/262
f 291/260/291 292/261/292 223/240/223
f 218/241/218 290/259/290 291/260/291
f 289/256/289 290/259/290 218/241/218
f 299/258/299 294/263/294 279/273/279
f 242/243/242 298/280/298 244/272/244
f 297/281/297 298/280/298 241/245/241
f 296/248/296 297/281/297 239/247/239
f 235/249/235 295/282/295 296/248/296
f 233/250/233 300/269/300 295/282/295
f 294/263/294 300/269/300 233/250/233
f 298/280/298 240/224/240 244/272/244
f 297/281/297 302/271/302 240/224/240
f 295/282/295 301/270/301 302/271/302
f 294/263/294 299/258/299 300/269/300
f 307/288/307 306/287/306 305/283/305
f 309/286/309 308/290/308 306/287/306
f 309/286/309 312/291/312 310/289/310
f 312/291/312 314/1714/314 313/293/313
f 315/294/315 314/1714/314 312/291/312
f 317/296/317 312/291/312 309/286/309
f 319/298/319 318/297/318 309/286/309
f 320/299/320 319/298/319 307/288/307
f 321/300/321 320/299/320 305/283/305
f 324/302/324 323/301/323 322/284/322
f 326/288/326 325/287/325 323/301/323
f 328/286/328 327/290/327 325/287/325
f 328/286/328 331/303/331 329/289/329
f 331/303/331 333/1714/333 332/293/332
f 334/294/334 333/1714/333 331/303/331
f 336/296/336 331/303/331 328/286/328
f 338/298/338 337/297/337 328/286/328
f 339/299/339 338/298/338 326/288/326
f 340/300/340 339/299/339 324/302/324
f 344/306/344 343/305/343 342/314/342
f 347/304/347 345/450/345 343/305/343
f 347/304/347 346/308/346 345/450/345
f 347/304/347 349/1715/349 348/307/348
f 350/309/350 349/1715/349 347/304/347
f 352/311/352 347/304/347 344/306/344
f 354/313/354 353/312/353 344/306/344
f 355/315/355 354/313/354 342/314/342
f 360/317/360 358/301/358 356/284/356
f 360/317/360 359/287/359 358/301/358
f 362/286/362 361/290/361 359/287/359
f 365/318/365 363/289/363 361/290/361
f 365/318/365 367/1714/367 366/293/366
f 368/294/368 367/1714/367 365/318/365
f 370/296/370 365/318/365 362/286/362
f 371/297/371 362/286/362 360/317/360
f 373/299/373 372/298/372 360/317/360
f 374/300/374 373/299/373 360/317/360
f 377/320/377 376/301/376 375/284/375
f 380/319/380 378/287/378 376/301/376
f 380/319/380 379/290/379 378/287/378
f 383/321/383 381/289/381 379/290/379
f 383/321/383 385/1714/385 384/293/384
f 386/294/386 385/1714/385 383/321/383
f 388/296/388 383/321/383 380/319/380
f 391/299/391 390/298/390 380/319/380
f 392/300/392 391/299/391 377/320/377
f 397/288/397 396/287/396 395/283/395
f 399/286/399 398/290/398 396/287/396
f 399/286/399 402/322/402 400/289/400
f 402/322/402 404/1714/404 403/293/403
f 405/294/405 404/1714/404 402/322/402
f 407/296/407 402/322/402 399/286/399
f 409/298/409 408/297/408 399/286/399
f 410/299/410 409/298/409 397/288/397
f 411/300/411 410/299/410 395/283/395
f 414/323/414 413/301/413 412/284/412
f 416/288/416 415/287/415 413/301/413
f 418/286/418 417/290/417 415/287/415
f 418/286/418 421/291/421 419/289/419
f 421/291/421 423/1714/423 422/293/422
f 424/294/424 423/1714/423 421/291/421
f 426/296/426 421/291/421 418/286/418
f 428/298/428 427/297/427 418/286/418
f 429/299/429 428/298/428 416/288/416
f 430/300/430 429/299/429 414/323/414
f 431/1716/431 433/324/433 442/326/442
f 433/324/433 435/327/435 443/325/443
f 435/327/435 437/1717/437 444/328/444
f 444/328/444 437/1717/437 439/329/439
f 445/330/445 439/329/439 441/331/441
f 445/330/445 446/332/446 440/333/440
f 444/328/444 445/330/445 438/334/438
f 443/325/443 444/328/444 436/335/436
f 432/337/432 442/326/442 443/325/443
f 451/338/451 449/1718/449 448/339/448
f 451/338/451 450/342/450 449/1718/449
f 453/341/453 452/344/452 450/342/450
f 453/341/453 455/1719/455 454/343/454
f 456/345/456 455/1719/455 453/341/453
f 457/346/457 453/341/453 451/338/451
f 460/349/460 459/348/459 451/338/451
f 461/1157/461 460/349/460 447/340/447
f 467/351/467 466/352/466 465/287/465
f 467/351/467 469/353/469 468/292/468
f 469/353/469 471/1714/471 470/293/470
f 472/294/472 471/1714/471 469/353/469
f 473/295/473 469/353/469 467/351/467
f 476/298/476 475/297/475 467/351/467
f 477/299/477 476/298/476 464/350/464
f 478/300/478 477/299/477 464/350/464
f 482/356/482 480/1720/480 479/366/479
f 482/356/482 481/355/481 480/1720/480
f 485/354/485 483/371/483 481/355/481
f 485/354/485 484/358/484 483/371/483
f 485/354/485 487/359/487 486/357/486
f 487/359/487 489/1721/489 488/360/488
f 490/361/490 489/1721/489 487/359/487
f 491/362/491 487/359/487 485/354/485
f 493/373/493 492/363/492 485/354/485
f 494/364/494 493/373/493 485/354/485
f 495/1722/495 494/364/494 482/356/482
f 496/365/496 495/1722/495 482/356/482
f 499/369/499 498/368/498 497/374/497
f 501/367/501 500/371/500 498/368/498
f 503/370/503 502/358/502 500/371/500
f 503/370/503 506/372/506 504/357/504
f 508/362/508 506/372/506 503/370/503
f 509/363/509 503/370/503 501/367/501
f 511/364/511 510/373/510 501/367/501
f 512/1722/512 511/364/511 499/369/499
f 513/365/513 512/1722/512 499/369/499
f 516/376/516 515/301/515 514/284/514
f 518/375/518 517/377/517 515/301/515
f 518/375/518 521/378/521 519/289/519
f 521/378/521 523/1714/523 522/293/522
f 524/294/524 523/1714/523 521/378/521
f 526/296/526 521/378/521 518/375/518
f 528/298/528 527/297/527 518/375/518
f 529/299/529 528/298/528 518/375/518
f 530/300/530 529/299/529 516/376/516
f 534/381/534 532/1118/532 531/392/531
f 534/381/534 533/380/533 532/1118/532
f 537/379/537 535/383/535 533/380/533
f 537/379/537 539/385/539 538/384/538
f 539/385/539 541/1723/541 540/386/540
f 542/387/542 541/1723/541 539/385/539
f 543/388/543 539/385/539 537/379/537
f 545/1122/545 544/389/544 537/379/537
f 546/390/546 545/1122/545 537/379/537
f 547/1123/547 546/390/546 534/381/534
f 548/391/548 547/1123/547 534/381/534
f 551/428/551 552/396/552 550/397/550
f 549/393/549 550/397/550 553/394/553
f 552/396/552 555/642/555 553/394/553
f 555/642/555 557/1724/557 553/394/553
f 553/394/553 558/401/558 559/399/559
f 553/394/553 557/1724/557 560/400/560
f 558/401/558 561/404/561 562/402/562
f 558/401/558 560/400/560 563/403/563
f 567/405/567 566/409/566 565/406/565
f 570/408/570 568/411/568 566/409/566
f 570/408/570 573/413/573 571/412/571
f 575/416/575 573/413/573 570/408/570
f 578/419/578 577/418/577 570/408/570
f 579/420/579 578/419/578 567/405/567
f 580/424/580 579/420/579 564/407/564
f 584/405/584 583/409/583 582/423/582
f 587/421/587 585/411/585 583/409/583
f 587/421/587 590/413/590 588/412/588
f 591/422/591 590/413/590 587/421/587
f 594/419/594 593/418/593 587/421/587
f 595/420/595 594/419/594 584/405/584
f 596/424/596 595/420/595 582/423/582
f 597/393/597 600/427/600 601/429/601
f 600/427/600 603/642/603 601/429/601
f 603/642/603 605/1724/605 601/429/601
f 601/429/601 606/401/606 607/399/607
f 601/429/601 605/1724/605 608/400/608
f 606/401/606 609/404/609 610/402/610
f 606/401/606 608/400/608 611/403/611
f 615/405/615 614/409/614 613/406/613
f 617/431/617 616/411/616 614/409/614
f 617/431/617 619/432/619 618/410/618
f 619/432/619 622/433/622 620/412/620
f 624/416/624 622/433/622 619/432/619
f 625/417/625 619/432/619 617/431/617
f 627/419/627 626/418/626 617/431/617
f 628/420/628 627/419/627 615/405/615
f 629/424/629 628/420/628 612/430/612
f 631/428/631 633/396/633 632/434/632
f 633/396/633 636/642/636 634/436/634
f 636/642/636 638/1724/638 634/436/634
f 634/436/634 639/401/639 640/399/640
f 634/436/634 638/1724/638 641/400/641
f 639/401/639 642/404/642 643/402/643
f 639/401/639 641/400/641 644/403/644
f 648/405/648 647/409/647 646/406/646
f 651/438/651 649/411/649 647/409/647
f 651/438/651 654/439/654 652/412/652
f 655/440/655 654/439/654 651/438/651
f 658/419/658 657/418/657 651/438/651
f 659/420/659 658/419/658 648/405/648
f 660/424/660 659/420/659 645/437/645
f 665/441/665 663/409/663 662/406/662
f 665/441/665 668/443/668 666/410/666
f 668/443/668 670/1725/670 669/414/669
f 671/415/671 670/1725/670 668/443/668
f 673/417/673 668/443/668 665/441/665
f 675/419/675 674/418/674 665/441/665
f 676/420/676 675/419/675 665/441/665
f 677/424/677 676/420/676 661/442/661
f 678/393/678 681/445/681 682/446/682
f 681/445/681 684/642/684 682/446/682
f 684/642/684 686/1724/686 682/446/682
f 682/446/682 687/401/687 688/399/688
f 682/446/682 686/1724/686 689/400/689
f 687/401/687 690/404/690 691/402/691
f 687/401/687 689/400/689 692/403/692
f 697/449/697 696/450/696 693/447/693
f 697/449/697 699/451/699 698/308/698
f 699/451/699 701/1715/701 700/307/700
f 702/309/702 701/1715/701 699/451/699
f 703/310/703 699/451/699 697/449/697
f 704/311/704 697/449/697 695/306/695
f 706/313/706 705/312/705 695/306/695
f 707/315/707 706/313/706 694/448/694
f 711/405/711 710/409/710 709/406/709
f 714/452/714 712/411/712 710/409/710
f 714/452/714 717/439/717 715/412/715
f 719/416/719 717/439/717 714/452/714
f 722/419/722 721/418/721 714/452/714
f 723/420/723 722/419/722 711/405/711
f 724/424/724 723/420/723 708/437/708
f 729/453/729 727/406/727 725/454/725
f 729/453/729 728/409/728 727/406/727
f 732/456/732 730/411/730 728/409/728
f 732/456/732 735/457/735 733/412/733
f 737/416/737 735/457/735 732/456/732
f 740/419/740 739/418/739 732/456/732
f 741/420/741 740/419/740 729/453/729
f 742/424/742 741/420/741 729/453/729
f 743/393/743 746/458/746 747/459/747
f 746/458/746 749/642/749 747/459/747
f 749/642/749 751/1724/751 747/459/747
f 747/459/747 752/401/752 753/399/753
f 747/459/747 751/1724/751 754/400/754
f 752/401/752 755/404/755 756/402/756
f 752/401/752 754/400/754 757/403/757
f 785/460/785 760/495/760 758/461/758
f 786/463/786 761/475/761 792/464/792
f 789/466/789 766/1726/766 764/467/764
f 789/466/789 768/469/768 766/1726/766
f 789/466/789 790/470/790 771/468/771
f 790/470/790 791/489/791 773/472/773
f 787/473/787 776/477/776 775/474/775
f 788/476/788 778/479/778 776/477/776
f 788/476/788 782/481/782 780/478/780
f 779/483/779 781/482/781 782/481/782
f 779/483/779 788/476/788 787/473/787
f 774/485/774 777/484/777 787/473/787
f 774/485/774 761/475/761 786/463/786
f 763/486/763 786/463/786 794/465/794
f 759/488/759 762/494/762 785/460/785
f 767/492/767 769/491/769 790/470/790
f 765/493/765 767/492/767 789/466/789
f 765/493/765 789/466/789 786/463/786
f 793/487/793 794/465/794 785/460/785
f 794/465/794 792/464/792 760/495/760
f 798/497/798 796/406/796 795/498/795
f 798/497/798 797/409/797 796/406/796
f 801/496/801 799/411/799 797/409/797
f 801/496/801 804/413/804 802/412/802
f 806/416/806 804/413/804 801/496/801
f 808/418/808 807/417/807 801/496/801
f 809/419/809 808/418/808 801/496/801
f 810/420/810 809/419/809 798/497/798
f 811/424/811 810/420/810 798/497/798
f 813/428/813 815/396/815 814/499/814
f 815/396/815 818/642/818 816/501/816
f 818/642/818 820/1724/820 816/501/816
f 816/501/816 821/401/821 822/399/822
f 816/501/816 820/1724/820 823/400/823
f 821/401/821 824/404/824 825/402/825
f 821/401/821 823/400/823 826/403/826
f 830/405/830 829/409/829 828/406/828
f 833/503/833 831/411/831 829/409/829
f 833/503/833 835/413/835 834/504/834
f 836/505/836 835/413/835 833/503/833
f 839/419/839 838/418/838 833/503/833
f 840/420/840 839/419/839 830/405/830
f 841/424/841 840/420/840 827/502/827
f 845/405/845 844/409/844 843/406/843
f 848/506/848 846/411/846 844/409/844
f 848/506/848 850/433/850 849/507/849
f 851/508/851 850/433/850 848/506/848
f 854/419/854 853/418/853 848/506/848
f 855/420/855 854/419/854 845/405/845
f 856/424/856 855/420/855 842/437/842
f 860/510/860 858/406/858 857/511/857
f 860/510/860 859/409/859 858/406/858
f 863/509/863 861/411/861 859/409/859
f 863/509/863 866/439/866 864/412/864
f 868/416/868 866/439/866 863/509/863
f 870/418/870 869/417/869 863/509/863
f 871/419/871 870/418/870 863/509/863
f 872/420/872 871/419/871 860/510/860
f 873/424/873 872/420/872 860/510/860
f 884/512/884 876/516/876 874/513/874
f 884/512/884 885/518/885 878/515/878
f 886/517/886 880/1727/880 878/515/878
f 881/526/881 886/517/886 885/518/885
f 879/279/879 881/526/881 885/518/885
f 877/519/877 879/279/879 885/518/885
f 875/520/875 877/519/877 884/512/884
f 889/523/889 874/513/874 876/516/876
f 890/524/890 876/516/876 878/515/878
f 878/515/878 880/1727/880 892/525/892
f 891/260/891 892/525/892 881/526/881
f 877/519/877 890/524/890 891/260/891
f 889/523/889 890/524/890 877/519/877
f 888/527/888 889/523/889 875/520/875
f 895/428/895 896/396/896 894/529/894
f 893/393/893 894/529/894 897/528/897
f 896/396/896 899/642/899 897/528/897
f 899/642/899 901/1724/901 897/528/897
f 897/528/897 902/401/902 903/399/903
f 897/528/897 901/1724/901 904/400/904
f 902/401/902 905/404/905 906/402/906
f 902/401/902 904/400/904 907/403/907
f 911/405/911 910/409/910 909/406/909
f 914/530/914 912/411/912 910/409/910
f 914/530/914 917/531/917 915/412/915
f 918/422/918 917/531/917 914/530/914
f 921/419/921 920/418/920 914/530/914
f 922/420/922 921/419/921 911/405/911
f 923/424/923 922/420/922 908/407/908
f 927/405/927 926/409/926 925/535/925
f 930/532/930 928/411/928 926/409/926
f 930/532/930 932/531/932 931/533/931
f 933/534/933 932/531/932 930/532/930
f 936/419/936 935/418/935 930/532/930
f 937/420/937 936/419/936 927/405/927
f 938/424/938 937/420/937 925/535/925
f 939/393/939 942/538/942 943/539/943
f 942/538/942 945/642/945 943/539/943
f 945/642/945 947/1724/947 943/539/943
f 943/539/943 948/401/948 949/399/949
f 943/539/943 947/1724/947 950/400/950
f 948/401/948 951/404/951 952/402/952
f 948/401/948 950/400/950 953/403/953
f 957/405/957 956/409/956 955/406/955
f 960/540/960 958/411/958 956/409/956
f 960/540/960 963/439/963 961/412/961
f 965/416/965 963/439/963 960/540/960
f 968/419/968 967/418/967 960/540/960
f 969/420/969 968/419/968 957/405/957
f 970/424/970 969/420/969 954/430/954
f 984/541/984 979/545/979 972/542/972
f 980/544/980 973/212/973 972/542/972
f 982/546/982 990/548/990 973/212/973
f 985/547/985 976/556/976 990/548/990
f 977/549/977 983/553/983 982/546/982
f 975/550/975 982/546/982 981/211/981
f 974/551/974 981/211/981 980/544/980
f 974/551/974 980/544/980 979/545/979
f 991/541/991 971/543/971 972/542/972
f 972/542/972 973/212/973 988/554/988
f 975/550/975 990/548/990 977/549/977
f 988/554/988 989/555/989 974/551/974
f 978/552/978 987/264/987 988/554/988
f 986/1728/986 987/264/987 978/552/978
f 989/555/989 990/548/990 975/550/975
f 986/1728/986 991/541/991 987/264/987
f 992/393/992 995/558/995 996/446/996
f 995/558/995 998/642/998 996/446/996
f 998/642/998 1000/1724/1000 996/446/996
f 996/446/996 1001/401/1001 1002/399/1002
f 996/446/996 1000/1724/1000 1003/400/1003
f 1001/401/1001 1004/404/1004 1005/402/1005
f 1001/401/1001 1003/400/1003 1006/403/1006
f 1010/405/1010 1009/409/1009 1008/406/1008
f 1013/559/1013 1011/411/1011 1009/409/1009
f 1013/559/1013 1016/560/1016 1014/412/1014
f 1017/534/1017 1016/560/1016 1013/559/1013
f 1020/419/1020 1019/418/1019 1013/559/1013
f 1021/420/1021 1020/419/1020 1010/405/1010
f 1022/424/1022 1021/420/1021 1007/430/1007
f 1025/562/1025 1024/406/1024 1023/454/1023
f 1028/561/1028 1026/409/1026 1024/406/1024
f 1028/561/1028 1031/563/1031 1029/410/1029
f 1031/563/1031 1033/1725/1033 1032/414/1032
f 1034/415/1034 1033/1725/1033 1031/563/1031
f 1036/417/1036 1031/563/1031 1028/561/1028
f 1038/419/1038 1037/418/1037 1028/561/1028
f 1039/420/1039 1038/419/1038 1028/561/1028
f 1040/424/1040 1039/420/1039 1025/562/1025
f 1045/564/1045 1043/409/1043 1042/567/1042
f 1045/564/1045 1044/411/1044 1043/409/1043
f 1047/432/1047 1046/410/1046 1044/411/1044
f 1047/432/1047 1050/565/1050 1048/412/1048
f 1051/566/1051 1050/565/1050 1047/432/1047
f 1052/417/1052 1047/432/1047 1045/564/1045
f 1054/419/1054 1053/418/1053 1045/564/1045
f 1055/420/1055 1054/419/1054 1045/564/1045
f 1056/424/1056 1055/420/1055 1042/567/1042
f 1060/569/1060 1059/406/1059 1057/454/1057
f 1062/405/1062 1061/409/1061 1059/406/1059
f 1062/405/1062 1064/431/1064 1063/411/1063
f 1064/431/1064 1067/570/1067 1065/410/1065
f 1067/570/1067 1069/1725/1069 1068/414/1068
f 1070/415/1070 1069/1725/1069 1067/570/1067
f 1072/417/1072 1067/570/1067 1064/431/1064
f 1074/419/1074 1073/418/1073 1064/431/1064
f 1075/420/1075 1074/419/1074 1062/405/1062
f 1076/424/1076 1075/420/1075 1060/569/1060
f 1080/405/1080 1079/409/1079 1078/406/1078
f 1083/572/1083 1081/411/1081 1079/409/1079
f 1083/572/1083 1086/573/1086 1084/412/1084
f 1087/574/1087 1086/573/1086 1083/572/1083
f 1090/419/1090 1089/418/1089 1083/572/1083
f 1091/420/1091 1090/419/1090 1080/405/1080
f 1092/424/1092 1091/420/1091 1077/571/1077
f 1096/405/1096 1095/409/1095 1094/577/1094
f 1098/431/1098 1097/411/1097 1095/409/1095
f 1098/431/1098 1101/575/1101 1099/410/1099
f 1101/575/1101 1103/1725/1103 1102/414/1102
f 1104/415/1104 1103/1725/1103 1101/575/1101
f 1106/417/1106 1101/575/1101 1098/431/1098
f 1108/420/1108 1107/576/1107 1096/405/1096
f 1109/424/1109 1108/420/1108 1094/577/1094
f 1114/579/1114 1112/301/1112 1110/284/1110
f 1114/579/1114 1113/287/1113 1112/301/1112
f 1116/286/1116 1115/290/1115 1113/287/1113
f 1119/580/1119 1117/289/1117 1115/290/1115
f 1119/580/1119 1121/1714/1121 1120/293/1120
f 1122/294/1122 1121/1714/1121 1119/580/1119
f 1124/296/1124 1119/580/1119 1116/286/1116
f 1125/297/1125 1116/286/1116 1114/579/1114
f 1127/299/1127 1126/298/1126 1114/579/1114
f 1128/300/1128 1127/299/1127 1114/579/1114
f 1131/582/1131 1130/301/1130 1129/284/1129
f 1134/581/1134 1132/287/1132 1130/301/1130
f 1134/581/1134 1133/290/1133 1132/287/1132
f 1134/581/1134 1137/583/1137 1135/289/1135
f 1137/583/1137 1139/1714/1139 1138/293/1138
f 1140/294/1140 1139/1714/1139 1137/583/1137
f 1142/296/1142 1137/583/1137 1134/581/1134
f 1145/299/1145 1144/298/1144 1134/581/1134
f 1146/300/1146 1145/299/1145 1131/582/1131
f 1150/405/1150 1149/409/1149 1148/585/1148
f 1153/540/1153 1151/411/1151 1149/409/1149
f 1153/540/1153 1155/439/1155 1154/584/1154
f 1156/422/1156 1155/439/1155 1153/540/1153
f 1159/419/1159 1158/418/1158 1153/540/1153
f 1160/420/1160 1159/419/1159 1150/405/1150
f 1161/424/1161 1160/420/1160 1148/585/1148
f 1162/393/1162 1165/588/1165 1166/589/1166
f 1165/588/1165 1168/642/1168 1166/589/1166
f 1168/642/1168 1170/1724/1170 1166/589/1166
f 1166/589/1166 1171/401/1171 1172/399/1172
f 1166/589/1166 1170/1724/1170 1173/400/1173
f 1171/401/1171 1174/404/1174 1175/402/1175
f 1171/401/1171 1173/400/1173 1176/403/1176
f 1181/288/1181 1180/287/1180 1179/283/1179
f 1183/286/1183 1182/290/1182 1180/287/1180
f 1183/286/1183 1186/322/1186 1184/289/1184
f 1186/322/1186 1188/1714/1188 1187/293/1187
f 1189/294/1189 1188/1714/1188 1186/322/1186
f 1191/296/1191 1186/322/1186 1183/286/1183
f 1193/298/1193 1192/297/1192 1183/286/1183
f 1194/299/1194 1193/298/1193 1181/288/1181
f 1195/300/1195 1194/299/1194 1179/283/1179
f 1198/302/1198 1197/301/1197 1196/284/1196
f 1200/288/1200 1199/287/1199 1197/301/1197
f 1202/286/1202 1201/290/1201 1199/287/1199
f 1202/286/1202 1205/590/1205 1203/289/1203
f 1205/590/1205 1207/1714/1207 1206/293/1206
f 1208/294/1208 1207/1714/1207 1205/590/1205
f 1210/296/1210 1205/590/1205 1202/286/1202
f 1212/298/1212 1211/297/1211 1202/286/1202
f 1213/299/1213 1212/298/1212 1200/288/1200
f 1214/300/1214 1213/299/1213 1198/302/1198
f 1218/405/1218 1217/409/1217 1216/406/1216
f 1221/592/1221 1219/411/1219 1217/409/1217
f 1221/592/1221 1223/413/1223 1222/593/1222
f 1224/505/1224 1223/413/1223 1221/592/1221
f 1227/419/1227 1226/418/1226 1221/592/1221
f 1228/420/1228 1227/419/1227 1218/405/1218
f 1229/424/1229 1228/420/1228 1215/591/1215
f 1233/405/1233 1232/409/1232 1231/406/1231
f 1236/595/1236 1234/411/1234 1232/409/1232
f 1236/595/1236 1238/413/1238 1237/596/1237
f 1239/505/1239 1238/413/1238 1236/595/1236
f 1242/419/1242 1241/418/1241 1236/595/1236
f 1243/420/1243 1242/419/1242 1233/405/1233
f 1244/424/1244 1243/420/1243 1230/594/1230
f 1246/428/1246 1248/396/1248 1247/597/1247
f 1248/396/1248 1251/642/1251 1249/599/1249
f 1251/642/1251 1253/1724/1253 1249/599/1249
f 1249/599/1249 1254/401/1254 1255/399/1255
f 1249/599/1249 1253/1724/1253 1256/400/1256
f 1254/401/1254 1257/404/1257 1258/402/1258
f 1254/401/1254 1256/400/1256 1259/403/1259
f 1263/601/1263 1261/406/1261 1260/602/1260
f 1263/601/1263 1262/409/1262 1261/406/1261
f 1266/600/1266 1264/411/1264 1262/409/1262
f 1266/600/1266 1269/413/1269 1267/412/1267
f 1271/416/1271 1269/413/1269 1266/600/1266
f 1273/418/1273 1272/417/1272 1266/600/1266
f 1274/419/1274 1273/418/1273 1266/600/1266
f 1275/420/1275 1274/419/1274 1263/601/1263
f 1276/424/1276 1275/420/1275 1263/601/1263
f 1298/603/1298 1287/606/1287 1280/604/1280
f 1282/607/1282 1289/608/1289 1283/1729/1283
f 1284/619/1284 1289/608/1289 1288/609/1288
f 1287/606/1287 1288/609/1288 1282/607/1282
f 1297/611/1297 1281/610/1281 1287/606/1287
f 1279/612/1279 1285/620/1285 1286/527/1286
f 1299/615/1299 1296/605/1296 1280/604/1280
f 1293/616/1293 1280/604/1280 1282/607/1282
f 1282/607/1282 1283/1729/1283 1295/618/1295
f 1288/609/1288 1294/617/1294 1295/618/1295
f 1281/610/1281 1293/616/1293 1294/617/1294
f 1297/611/1297 1299/615/1299 1293/616/1293
f 1291/527/1291 1292/614/1292 1279/612/1279
f 1292/614/1292 1299/615/1299 1297/611/1297
f 1292/614/1292 1277/613/1277 1296/605/1296
f 1279/612/1279 1297/611/1297 1298/603/1298
f 1285/620/1285 1298/603/1298 1296/605/1296
f 1303/405/1303 1302/409/1302 1301/406/1301
f 1306/621/1306 1304/411/1304 1302/409/1302
f 1306/621/1306 1308/413/1308 1307/622/1307
f 1309/623/1309 1308/413/1308 1306/621/1306
f 1312/419/1312 1311/418/1311 1306/621/1306
f 1313/420/1313 1312/419/1312 1303/405/1303
f 1314/424/1314 1313/420/1313 1300/437/1300
f 1318/405/1318 1317/409/1317 1316/406/1316
f 1321/625/1321 1319/411/1319 1317/409/1317
f 1321/625/1321 1323/413/1323 1322/626/1322
f 1324/574/1324 1323/413/1323 1321/625/1321
f 1327/419/1327 1326/418/1326 1321/625/1321
f 1328/420/1328 1327/419/1327 1318/405/1318
f 1329/424/1329 1328/420/1328 1315/624/1315
f 1331/428/1331 1333/396/1333 1332/627/1332
f 1333/396/1333 1336/642/1336 1334/629/1334
f 1336/642/1336 1338/1724/1338 1334/629/1334
f 1334/629/1334 1339/401/1339 1340/399/1340
f 1334/629/1334 1338/1724/1338 1341/400/1341
f 1339/401/1339 1342/404/1342 1343/402/1343
f 1339/401/1339 1341/400/1341 1344/403/1344
f 1347/630/1347 1346/406/1346 1345/454/1345
f 1349/405/1349 1348/409/1348 1346/406/1346
f 1351/431/1351 1350/411/1350 1348/409/1348
f 1351/431/1351 1353/432/1353 1352/410/1352
f 1353/432/1353 1356/413/1356 1354/412/1354
f 1358/416/1358 1356/413/1356 1353/432/1353
f 1360/418/1360 1359/417/1359 1353/432/1353
f 1361/419/1361 1360/418/1360 1351/431/1351
f 1362/420/1362 1361/419/1361 1349/405/1349
f 1363/424/1363 1362/420/1362 1347/630/1347
f 1374/512/1374 1366/516/1366 1364/631/1364
f 1374/512/1374 1375/633/1375 1368/515/1368
f 1376/632/1376 1370/1730/1370 1368/515/1368
f 1371/638/1371 1376/632/1376 1375/633/1375
f 1369/279/1369 1371/638/1371 1375/633/1375
f 1367/519/1367 1369/279/1369 1375/633/1375
f 1365/520/1365 1367/519/1367 1374/512/1374
f 1379/634/1379 1364/631/1364 1366/516/1366
f 1380/635/1380 1366/516/1366 1368/515/1368
f 1368/515/1368 1370/1730/1370 1382/637/1382
f 1381/636/1381 1382/637/1382 1371/638/1371
f 1367/519/1367 1380/635/1380 1381/636/1381
f 1379/634/1379 1380/635/1380 1367/519/1367
f 1378/527/1378 1379/634/1379 1365/520/1365
f 1384/428/1384 1386/396/1386 1385/639/1385
f 1385/639/1385 1386/396/1386 1389/642/1389
f 1389/642/1389 1391/1724/1391 1387/641/1387
f 1387/641/1387 1392/401/1392 1393/399/1393
f 1387/641/1387 1391/1724/1391 1394/400/1394
f 1392/401/1392 1395/404/1395 1396/402/1396
f 1392/401/1392 1394/400/1394 1397/403/1397
f 1399/428/1399 1401/396/1401 1400/627/1400
f 1401/396/1401 1404/642/1404 1402/644/1402
f 1404/642/1404 1406/1724/1406 1402/644/1402
f 1402/644/1402 1407/401/1407 1408/399/1408
f 1402/644/1402 1406/1724/1406 1409/400/1409
f 1407/401/1407 1410/404/1410 1411/402/1411
f 1407/401/1407 1409/400/1409 1412/403/1412
f 1417/431/1417 1416/411/1416 1414/409/1414
f 1417/431/1417 1420/646/1420 1418/410/1418
f 1420/646/1420 1421/1725/1421 1419/647/1419
f 1422/415/1422 1421/1725/1421 1420/646/1420
f 1425/418/1425 1424/417/1424 1420/646/1420
f 1426/419/1426 1425/418/1425 1417/431/1417
f 1427/420/1427 1426/419/1426 1415/645/1415
f 1428/424/1428 1427/420/1427 1415/645/1415
f 1432/405/1432 1431/409/1431 1430/406/1430
f 1435/648/1435 1433/411/1433 1431/409/1431
f 1435/648/1435 1437/573/1437 1436/649/1436
f 1438/650/1438 1437/573/1437 1435/648/1435
f 1441/419/1441 1440/418/1440 1435/648/1435
f 1442/420/1442 1441/419/1441 1432/405/1432
f 1443/424/1443 1442/420/1442 1429/437/1429
f 1447/405/1447 1446/409/1446 1445/406/1445
f 1450/651/1450 1448/411/1448 1446/409/1446
f 1450/651/1450 1452/1436/1452 1451/652/1451
f 1453/534/1453 1452/1436/1452 1450/651/1450
f 1456/419/1456 1455/418/1455 1450/651/1450
f 1457/420/1457 1456/419/1456 1447/405/1447
f 1458/424/1458 1457/420/1457 1444/591/1444
f 1460/428/1460 1462/396/1462 1461/653/1461
f 1462/396/1462 1464/642/1464 1461/653/1461
f 1463/395/1463 1461/653/1461 1465/654/1465
f 1464/642/1464 1467/1724/1467 1465/654/1465
f 1465/654/1465 1468/401/1468 1469/399/1469
f 1465/654/1465 1467/1724/1467 1470/400/1470
f 1468/401/1468 1471/404/1471 1472/402/1472
f 1468/401/1468 1470/400/1470 1473/403/1473
f 1477/656/1477 1475/406/1475 1474/658/1474
f 1477/656/1477 1476/409/1476 1475/406/1475
f 1480/655/1480 1478/411/1478 1476/409/1476
f 1480/655/1480 1483/657/1483 1481/412/1481
f 1485/416/1485 1483/657/1483 1480/655/1480
f 1487/418/1487 1486/417/1486 1480/655/1480
f 1488/419/1488 1487/418/1487 1480/655/1480
f 1489/420/1489 1488/419/1488 1477/656/1477
f 1490/424/1490 1489/420/1489 1477/656/1477
f 1501/659/1501 1493/516/1493 1491/513/1491
f 1501/659/1501 1502/663/1502 1495/661/1495
f 1503/662/1503 1497/1730/1497 1495/661/1495
f 1498/668/1498 1503/662/1503 1502/663/1502
f 1496/279/1496 1498/668/1498 1502/663/1502
f 1494/519/1494 1496/279/1496 1502/663/1502
f 1492/520/1492 1494/519/1494 1501/659/1501
f 1506/665/1506 1491/513/1491 1493/516/1493
f 1507/635/1507 1493/516/1493 1495/661/1495
f 1495/661/1495 1497/1730/1497 1509/667/1509
f 1508/666/1508 1509/667/1509 1498/668/1498
f 1494/519/1494 1507/635/1507 1508/666/1508
f 1506/665/1506 1507/635/1507 1494/519/1494
f 1505/527/1505 1506/665/1506 1492/520/1492
f 1558/669/1558 1547/671/1547 1513/9/1513
f 1547/671/1547 1549/672/1549 1516/11/1516
f 1549/672/1549 1559/684/1559 1518/673/1518
f 1570/674/1570 1521/678/1521 1520/675/1520
f 1571/677/1571 1523/680/1523 1521/678/1521
f 1573/681/1573 1524/683/1524 1523/680/1523
f 1559/684/1559 1560/688/1560 1529/685/1529
f 1561/687/1561 1531/690/1531 1529/685/1529
f 1562/689/1562 1533/733/1533 1531/690/1531
f 1562/689/1562 1535/692/1535 1533/733/1533
f 1562/689/1562 1563/691/1563 1535/692/1535
f 1563/691/1563 1539/694/1539 1537/32/1537
f 1564/693/1564 1541/696/1541 1539/694/1539
f 1565/695/1565 1542/738/1542 1541/696/1541
f 1565/695/1565 1544/698/1544 1542/738/1542
f 1556/697/1556 1545/700/1545 1544/698/1544
f 1556/697/1556 1557/702/1557 2013/699/2013
f 1546/701/1546 2014/742/2014 1557/702/1557
f 1543/703/1543 1546/701/1546 1556/697/1556
f 1543/703/1543 1555/704/1555 1564/693/1564
f 1538/744/1538 1540/705/1540 1554/706/1554
f 1536/707/1536 1538/744/1538 1554/706/1554
f 1534/709/1534 1536/707/1536 1553/708/1553
f 1532/711/1532 1534/709/1534 1552/710/1552
f 1530/713/1530 1532/711/1532 1551/712/1551
f 1530/713/1530 1551/712/1551 1569/676/1569
f 1517/714/1517 1519/722/1519 1550/715/1550
f 1517/714/1517 1549/672/1549 1547/671/1547
f 1574/716/1574 1558/669/1558 1548/182/1548
f 1574/716/1574 1512/112/1512 1547/671/1547
f 1555/704/1555 1565/695/1565 1564/693/1564
f 1554/706/1554 1564/693/1564 1563/691/1563
f 1553/708/1553 1554/706/1554 1563/691/1563
f 1552/710/1552 1562/689/1562 1561/687/1561
f 1551/712/1551 1561/687/1561 1560/688/1560
f 1569/676/1569 1551/712/1551 1560/688/1560
f 1515/181/1515 1576/182/1576 1511/717/1511
f 1528/719/1528 1572/679/1572 1568/721/1568
f 1526/118/1526 1527/682/1527 1573/681/1573
f 1525/718/1525 1573/681/1573 1572/679/1572
f 1522/720/1522 1528/719/1528 1568/721/1568
f 1522/720/1522 1570/674/1570 1550/715/1550
f 1559/684/1559 1567/686/1567 1518/673/1518
f 1568/721/1568 1571/677/1571 1570/674/1570
f 1589/670/1589 1513/9/1513 1590/4/1590
f 1514/5/1514 1589/670/1589 1510/723/1510
f 1513/9/1513 1516/11/1516 1577/724/1577
f 1577/724/1577 1516/11/1516 1518/673/1518
f 1520/675/1520 1521/678/1521 1599/726/1599
f 1521/678/1521 1523/680/1523 1600/728/1600
f 1523/680/1523 1524/683/1524 1602/729/1602
f 1603/730/1603 1524/683/1524 1527/682/1527
f 1591/725/1591 1567/686/1567 1529/685/1529
f 1529/685/1529 1531/690/1531 1593/732/1593
f 1593/732/1593 1531/690/1531 1533/733/1533
f 1533/733/1533 1535/692/1535 1594/734/1594
f 1595/735/1595 1535/692/1535 1537/32/1537
f 1595/735/1595 1537/32/1537 1539/694/1539
f 1596/736/1596 1539/694/1539 1541/696/1541
f 1585/737/1585 1541/696/1541 1542/738/1542
f 1542/738/1542 1544/698/1544 1587/740/1587
f 1587/740/1587 1544/698/1544 1545/700/1545
f 1588/741/1588 1545/700/1545 2013/699/2013
f 1587/740/1587 1588/741/1588 1546/701/1546
f 1586/739/1586 1587/740/1587 1543/703/1543
f 1585/737/1585 1586/739/1586 1543/703/1543
f 1584/743/1584 1585/737/1585 1540/705/1540
f 1583/745/1583 1584/743/1584 1538/744/1538
f 1534/709/1534 1582/749/1582 1583/745/1583
f 1581/746/1581 1582/749/1582 1534/709/1534
f 1580/747/1580 1581/746/1581 1532/711/1532
f 1579/727/1579 1580/747/1580 1530/713/1530
f 1517/714/1517 1577/724/1577 1578/748/1578
f 1512/112/1512 1575/180/1575 1577/724/1577
f 1566/6/1566 1558/669/1558 1589/670/1589
f 1574/716/1574 1511/717/1511 1575/180/1575
f 1583/745/1583 1595/735/1595 1596/736/1596
f 1582/749/1582 1594/734/1594 1595/735/1595
f 1593/732/1593 1594/734/1594 1582/749/1582
f 1592/731/1592 1593/732/1593 1581/746/1581
f 1579/727/1579 1591/725/1591 1592/731/1592
f 1575/180/1575 1590/4/1590 1577/724/1577
f 1576/182/1576 1597/6/1597 1510/723/1510
f 1511/717/1511 1510/723/1510 1590/4/1590
f 1598/750/1598 1601/17/1601 1528/719/1528
f 1602/729/1602 1603/730/1603 1526/118/1526
f 1601/17/1601 1602/729/1602 1525/718/1525
f 1522/720/1522 1599/726/1599 1598/750/1598
f 1578/748/1578 1599/726/1599 1522/720/1522
f 1518/673/1518 1567/686/1567 1591/725/1591
f 1599/726/1599 1600/728/1600 1598/750/1598
f 1619/751/1619 1608/755/1608 1607/752/1607
f 1621/756/1621 1610/758/1610 1608/755/1608
f 1621/756/1621 1617/760/1617 1613/757/1613
f 1614/763/1614 1620/754/1620 1616/765/1616
f 1611/761/1611 1617/760/1617 1621/756/1621
f 1611/761/1611 1621/756/1621 1620/754/1620
f 1606/764/1606 1614/763/1614 1616/765/1616
f 1606/764/1606 1618/753/1618 1615/766/1615
f 1616/765/1616 1619/751/1619 1618/753/1618
f 1605/675/1605 1607/752/1607 1625/767/1625
f 1625/767/1625 1607/752/1607 1608/755/1608
f 1627/770/1627 1608/755/1608 1610/758/1610
f 1623/1731/1623 1627/770/1627 1614/763/1614
f 1628/771/1628 1613/757/1613 1612/759/1612
f 1627/770/1627 1628/771/1628 1611/761/1611
f 1625/767/1625 1623/1731/1623 1614/763/1614
f 1622/766/1622 1625/767/1625 1606/764/1606
f 1623/1731/1623 1626/769/1626 1627/770/1627
f 1625/767/1625 1626/769/1626 1623/1731/1623
f 1641/772/1641 1631/678/1631 1630/675/1630
f 1642/774/1642 1633/776/1633 1631/678/1631
f 1644/777/1644 1634/779/1634 1633/776/1633
f 1638/783/1638 1643/775/1643 1639/785/1639
f 1636/781/1636 1645/778/1645 1644/777/1644
f 1635/782/1635 1644/777/1644 1643/775/1643
f 1632/784/1632 1638/783/1638 1639/785/1639
f 1632/784/1632 1639/785/1639 1641/772/1641
f 1632/784/1632 1641/772/1641 1640/773/1640
f 1639/785/1639 1642/774/1642 1641/772/1641
f 1630/675/1630 1631/678/1631 1648/786/1648
f 1631/678/1631 1633/776/1633 1649/788/1649
f 1633/776/1633 1634/779/1634 1651/790/1651
f 1651/790/1651 1634/779/1634 1637/780/1637
f 1646/791/1646 1650/789/1650 1638/783/1638
f 1651/790/1651 1637/780/1637 1636/781/1636
f 1650/789/1650 1651/790/1651 1635/782/1635
f 1648/786/1648 1646/791/1646 1632/784/1632
f 1647/787/1647 1648/786/1648 1632/784/1632
f 1648/786/1648 1649/788/1649 1646/791/1646
f 1712/825/1712 1659/842/1659 1657/849/1657
f 1705/841/1705 1652/831/1652 1678/869/1678
f 1663/805/1663 1662/807/1662 1723/843/1723
f 1672/861/1672 1665/860/1665 1671/793/1671
f 1739/834/1739 1677/817/1677 1676/816/1676
f 1731/792/1731 1672/861/1672 1671/793/1671
f 1709/798/1709 1708/830/1708 1653/799/1653
f 1711/70/1711 1709/798/1709 1654/800/1654
f 1659/842/1659 1719/827/1719 1658/795/1658
f 1663/805/1663 1725/829/1725 1724/806/1724
f 1730/808/1730 1728/868/1728 1670/809/1670
f 1669/804/1669 1667/803/1667 1715/846/1715
f 1688/845/1688 1661/844/1661 1660/853/1660
f 1659/842/1659 1670/809/1670 1657/849/1657
f 1685/822/1685 1679/836/1679 1680/1732/1680
f 1681/823/1681 1685/822/1685 1680/1732/1680
f 1740/696/1740 1738/738/1738 1676/816/1676
f 1738/738/1738 1737/818/1737 1668/810/1668
f 1737/818/1737 1733/43/1733 1673/819/1673
f 1733/43/1733 1732/50/1732 1666/820/1666
f 1665/860/1665 1666/820/1666 1664/828/1664
f 1670/809/1670 1658/795/1658 1720/797/1720
f 1712/825/1712 1710/821/1710 1682/824/1682
f 1712/825/1712 1657/849/1657 1656/826/1656
f 1664/828/1664 1727/851/1727 1725/829/1725
f 1661/844/1661 1722/850/1722 1721/852/1721
f 1656/826/1656 1713/848/1713 1711/70/1711
f 1708/830/1708 1706/1733/1706 1652/831/1652
f 1658/795/1658 1716/847/1716 1718/796/1718
f 1674/811/1674 1673/819/1673 1734/87/1734
f 1676/816/1676 1675/812/1675 1736/833/1736
f 1726/837/1726 1723/843/1723 1725/829/1725
f 1726/837/1726 1689/838/1689 1690/839/1690
f 1698/865/1698 1686/813/1686 1684/815/1684
f 1705/841/1705 1678/869/1678 1679/836/1679
f 1710/821/1710 1655/801/1655 1654/800/1654
f 1723/843/1723 1662/807/1662 1661/844/1661
f 1676/816/1676 1668/810/1668 1675/812/1675
f 1658/795/1658 1669/804/1669 1716/847/1716
f 1653/799/1653 1652/831/1652 1705/841/1705
f 1715/846/1715 1667/803/1667 1714/870/1714
f 1675/812/1675 1674/811/1674 1735/832/1735
f 1670/809/1670 1728/868/1728 1713/848/1713
f 1662/807/1662 1724/806/1724 1722/850/1722
f 1666/820/1666 1732/50/1732 1727/851/1727
f 1673/819/1673 1666/820/1666 1672/861/1672
f 1672/861/1672 1666/820/1666 1665/860/1665
f 1726/837/1726 1664/828/1664 1663/805/1663
f 1698/865/1698 1684/815/1684 1699/854/1699
f 1660/853/1660 1687/1734/1687 1688/845/1688
f 1739/834/1739 1703/858/1703 1704/95/1704
f 1726/837/1726 1665/860/1665 1664/828/1664
f 1654/800/1654 1653/799/1653 1685/822/1685
f 1710/821/1710 1656/826/1656 1655/801/1655
f 1670/809/1670 1659/842/1659 1658/795/1658
f 1698/865/1698 1692/864/1692 1686/813/1686
f 1665/860/1665 1726/837/1726 1730/808/1730
f 1658/795/1658 1719/827/1719 1717/802/1717
f 1671/793/1671 1670/809/1670 1720/797/1720
f 1734/87/1734 1673/819/1673 1672/861/1672
f 1715/846/1715 1695/867/1695 1696/862/1696
f 1718/796/1718 1716/847/1716 1696/862/1696
f 1718/796/1718 1692/864/1692 1698/865/1698
f 1720/797/1720 1698/865/1698 1699/854/1699
f 1729/794/1729 1699/854/1699 1691/840/1691
f 1731/792/1731 1691/840/1691 1700/855/1700
f 1735/832/1735 1734/87/1734 1700/855/1700
f 1736/833/1736 1735/832/1735 1701/857/1701
f 1736/833/1736 1702/856/1702 1703/858/1703
f 1683/814/1683 1682/824/1682 1713/848/1713
f 1697/863/1697 1717/802/1717 1719/827/1719
f 1724/806/1724 1688/845/1688 1722/850/1722
f 1690/839/1690 1699/854/1699 1730/808/1730
f 1684/815/1684 1683/814/1683 1713/848/1713
f 1684/815/1684 1728/868/1728 1730/808/1730
f 1691/840/1691 1689/838/1689 1727/851/1727
f 1680/1732/1680 1679/836/1679 1708/830/1708
f 1678/869/1678 1706/1733/1706 1708/830/1708
f 1682/824/1682 1681/823/1681 1711/70/1711
f 1695/867/1695 1694/866/1694 1714/870/1714
f 1688/845/1688 1687/1734/1687 1721/852/1721
f 1693/859/1693 1703/858/1703 1738/738/1738
f 1692/864/1692 1719/827/1719 1686/813/1686
f 1703/858/1703 1737/818/1737 1738/738/1738
f 1695/867/1695 1667/803/1667 1717/802/1717
f 1703/858/1703 1702/856/1702 1737/818/1737
f 1681/823/1681 1680/1732/1680 1709/798/1709
f 1680/1732/1680 1708/830/1708 1709/798/1709
f 1700/855/1700 1733/43/1733 1737/818/1737
f 1700/855/1700 1691/840/1691 1732/50/1732
f 1787/871/1787 1743/875/1743 1816/872/1816
f 1779/874/1779 1746/43/1746 1743/875/1743
f 1789/876/1789 1747/883/1747 1746/43/1746
f 1790/877/1790 1788/880/1788 1750/878/1750
f 1799/879/1799 1752/893/1752 1750/878/1750
f 1789/876/1789 1791/881/1791 1747/883/1747
f 1791/881/1791 1792/885/1792 1754/882/1754
f 1793/884/1793 1756/886/1756 1754/882/1754
f 1793/884/1793 1794/908/1794 1758/206/1758
f 1795/911/1795 1798/888/1798 1760/209/1760
f 1782/887/1782 1762/212/1762 1760/209/1760
f 1783/889/1783 1765/891/1765 1762/212/1762
f 1799/879/1799 1800/894/1800 1768/892/1768
f 1800/894/1800 1801/895/1801 1770/219/1770
f 1801/895/1801 1771/897/1771 1770/219/1770
f 1801/895/1801 1802/898/1802 1772/896/1772
f 1802/898/1802 1803/225/1803 1774/899/1774
f 1803/225/1803 1804/913/1804 1776/226/1776
f 1766/227/1766 1784/890/1784 1783/889/1783
f 1764/228/1764 1783/889/1783 1782/887/1782
f 1763/551/1763 1782/887/1782 1798/888/1798
f 1759/900/1759 1788/880/1788 1781/901/1781
f 1748/903/1748 1751/902/1751 1781/901/1781
f 1748/903/1748 1780/904/1780 1779/874/1779
f 1745/87/1745 1779/874/1779 1778/905/1778
f 1742/276/1742 1744/906/1744 1778/905/1778
f 1741/237/1741 1742/276/1742 1778/905/1778
f 1780/904/1780 1781/901/1781 1788/880/1788
f 1780/904/1780 1789/876/1789 1779/874/1779
f 1778/905/1778 1787/871/1787 1805/873/1805
f 1757/909/1757 1793/884/1793 1792/885/1792
f 1755/279/1755 1757/909/1757 1792/885/1792
f 1753/910/1753 1755/279/1755 1792/885/1792
f 1753/910/1753 1791/881/1791 1790/877/1790
f 1788/880/1788 1798/888/1798 1795/911/1795
f 1829/912/1829 1777/937/1777 1804/913/1804
f 1775/914/1775 1829/912/1829 1803/225/1803
f 1775/914/1775 1802/898/1802 1797/915/1797
f 1769/918/1769 1827/917/1827 1797/915/1797
f 1767/919/1767 1769/918/1769 1800/894/1800
f 1767/919/1767 1796/920/1796 1795/911/1795
f 1785/252/1785 1816/872/1816 1743/875/1743
f 1743/875/1743 1746/43/1746 1808/922/1808
f 1746/43/1746 1747/883/1747 1820/923/1820
f 1821/924/1821 1749/46/1749 1750/878/1750
f 1750/878/1750 1752/893/1752 1830/926/1830
f 1822/259/1822 1747/883/1747 1754/882/1754
f 1754/882/1754 1756/886/1756 1824/928/1824
f 1824/928/1824 1756/886/1756 1758/206/1758
f 1760/209/1760 1762/212/1762 1813/265/1813
f 1762/212/1762 1765/891/1765 1815/932/1815
f 1831/934/1831 1752/893/1752 1768/892/1768
f 1832/935/1832 1768/892/1768 1770/219/1770
f 1770/219/1770 1771/897/1771 1833/936/1833
f 1833/936/1833 1771/897/1771 1772/896/1772
f 1815/932/1815 1819/933/1819 1766/227/1766
f 1814/931/1814 1815/932/1815 1764/228/1764
f 1813/265/1813 1814/931/1814 1763/551/1763
f 1761/80/1761 1812/264/1812 1813/265/1813
f 1811/938/1811 1812/264/1812 1761/80/1761
f 1810/939/1810 1811/938/1811 1759/900/1759
f 1748/903/1748 1809/941/1809 1810/939/1810
f 1808/922/1808 1809/941/1809 1748/903/1748
f 1807/940/1807 1808/922/1808 1745/87/1745
f 1786/277/1786 1807/940/1807 1742/276/1742
f 1811/938/1811 1826/930/1826 1812/264/1812
f 1818/925/1818 1830/926/1830 1811/938/1811
f 1809/941/1809 1821/924/1821 1818/925/1818
f 1808/922/1808 1820/923/1820 1809/941/1809
f 1785/252/1785 1817/921/1817 1807/940/1807
f 1809/941/1809 1820/923/1820 1821/924/1821
f 1824/928/1824 1825/929/1825 1794/908/1794
f 1823/927/1823 1824/928/1824 1757/909/1757
f 1753/910/1753 1822/259/1822 1823/927/1823
f 1821/924/1821 1822/259/1822 1753/910/1753
f 1830/926/1830 1826/930/1826 1811/938/1811
f 1828/942/1828 1829/912/1829 1775/914/1775
f 1827/917/1827 1828/942/1828 1773/916/1773
f 1769/918/1769 1832/935/1832 1827/917/1827
f 1767/919/1767 1831/934/1831 1832/935/1832
f 1826/930/1826 1831/934/1831 1767/919/1767
f 1829/912/1829 1774/899/1774 1777/937/1777
f 1828/942/1828 1833/936/1833 1774/899/1774
f 1826/930/1826 1830/926/1830 1831/934/1831
f 1896/825/1896 1841/987/1841 1839/994/1839
f 1889/986/1889 1834/978/1834 1861/1014/1861
f 1845/958/1845 1844/960/1844 1906/988/1906
f 1856/1006/1856 1847/1005/1847 1855/946/1855
f 1922/94/1922 1851/817/1851 1860/943/1860
f 1914/945/1914 1856/1006/1856 1855/946/1855
f 1893/951/1893 1892/977/1892 1835/952/1835
f 1895/70/1895 1893/951/1893 1836/953/1836
f 1841/987/1841 1902/974/1902 1840/948/1840
f 1845/958/1845 1908/976/1908 1907/959/1907
f 1913/961/1913 1911/1013/1911 1854/962/1854
f 1853/957/1853 1849/956/1849 1898/991/1898
f 1871/990/1871 1843/989/1843 1904/999/1904
f 1841/987/1841 1854/962/1854 1839/994/1839
f 1868/972/1868 1862/981/1862 1863/1735/1863
f 1864/823/1864 1868/972/1868 1863/1735/1863
f 1921/696/1921 1920/738/1920 1860/943/1860
f 1920/738/1920 1918/969/1918 1850/963/1850
f 1918/969/1918 1848/996/1848 1857/970/1857
f 1847/1005/1847 1848/996/1848 1846/975/1846
f 1854/962/1854 1840/948/1840 1903/950/1903
f 1896/825/1896 1894/971/1894 1865/973/1865
f 1896/825/1896 1839/994/1839 1838/826/1838
f 1846/975/1846 1910/997/1910 1908/976/1908
f 1843/989/1843 1905/995/1905 1842/998/1842
f 1838/826/1838 1897/993/1897 1895/70/1895
f 1892/977/1892 1890/1736/1890 1834/978/1834
f 1840/948/1840 1899/992/1899 1901/949/1901
f 1858/964/1858 1857/970/1857 1916/87/1916
f 1860/943/1860 1859/965/1859 1919/944/1919
f 1909/982/1909 1906/988/1906 1908/976/1908
f 1909/982/1909 1872/983/1872 1873/984/1873
f 1883/865/1883 1869/966/1869 1867/968/1867
f 1889/986/1889 1861/1014/1861 1862/981/1862
f 1894/971/1894 1837/954/1837 1836/953/1836
f 1906/988/1906 1844/960/1844 1843/989/1843
f 1860/943/1860 1850/963/1850 1859/965/1859
f 1840/948/1840 1853/957/1853 1899/992/1899
f 1835/952/1835 1834/978/1834 1889/986/1889
f 1898/991/1898 1849/956/1849 1852/1015/1852
f 1859/965/1859 1858/964/1858 1917/979/1917
f 1854/962/1854 1911/1013/1911 1897/993/1897
f 1844/960/1844 1907/959/1907 1905/995/1905
f 1848/996/1848 1915/50/1915 1910/997/1910
f 1857/970/1857 1848/996/1848 1856/1006/1856
f 1856/1006/1856 1848/996/1848 1847/1005/1847
f 1909/982/1909 1846/975/1846 1845/958/1845
f 1883/865/1883 1867/968/1867 1884/1000/1884
f 1887/1004/1887 1878/1007/1878 1879/859/1879
f 1904/999/1904 1870/1737/1870 1871/990/1871
f 1919/944/1919 1887/1004/1887 1888/95/1888
f 1909/982/1909 1847/1005/1847 1846/975/1846
f 1836/953/1836 1835/952/1835 1868/972/1868
f 1894/971/1894 1838/826/1838 1837/954/1837
f 1854/962/1854 1841/987/1841 1840/948/1840
f 1883/865/1883 1876/1010/1876 1869/966/1869
f 1847/1005/1847 1909/982/1909 1913/961/1913
f 1840/948/1840 1902/974/1902 1900/955/1900
f 1855/946/1855 1854/962/1854 1903/950/1903
f 1916/87/1916 1857/970/1857 1856/1006/1856
f 1917/979/1917 1886/1003/1886 1887/1004/1887
f 1886/1003/1886 1877/1002/1877 1878/1007/1878
f 1898/991/1898 1880/1012/1880 1881/1008/1881
f 1901/949/1901 1899/992/1899 1881/1008/1881
f 1901/949/1901 1876/1010/1876 1883/865/1883
f 1903/950/1903 1883/865/1883 1884/1000/1884
f 1912/947/1912 1884/1000/1884 1874/985/1874
f 1914/945/1914 1874/985/1874 1885/1001/1885
f 1916/87/1916 1885/1001/1885 1886/1003/1886
f 1866/967/1866 1865/973/1865 1897/993/1897
f 1882/1009/1882 1900/955/1900 1902/974/1902
f 1907/959/1907 1871/990/1871 1905/995/1905
f 1873/984/1873 1884/1000/1884 1913/961/1913
f 1867/968/1867 1866/967/1866 1897/993/1897
f 1867/968/1867 1911/1013/1911 1913/961/1913
f 1874/985/1874 1872/983/1872 1910/997/1910
f 1863/1735/1863 1862/981/1862 1892/977/1892
f 1861/1014/1861 1890/1736/1890 1892/977/1892
f 1865/973/1865 1864/823/1864 1895/70/1895
f 1880/1012/1880 1875/1011/1875 1852/1015/1852
f 1871/990/1871 1870/1737/1870 1842/998/1842
f 1879/859/1879 1878/1007/1878 1920/738/1920
f 1876/1010/1876 1902/974/1902 1869/966/1869
f 1878/1007/1878 1918/969/1918 1920/738/1920
f 1880/1012/1880 1849/956/1849 1900/955/1900
f 1864/823/1864 1863/1735/1863 1893/951/1893
f 1863/1735/1863 1892/977/1892 1893/951/1893
f 1885/1001/1885 1848/996/1848 1918/969/1918
f 1885/1001/1885 1874/985/1874 1915/50/1915
f 1969/1016/1969 1925/1019/1925 1924/698/1924
f 1962/1018/1962 1928/43/1928 1925/1019/1925
f 1972/1020/1972 1929/50/1929 1928/43/1928
f 1973/1021/1973 1964/1025/1964 1932/1022/1932
f 1970/1024/1970 1933/66/1933 1932/1022/1932
f 1972/1020/1972 1974/1028/1974 1934/1026/1934
f 1975/1054/1975 1939/1073/1939 1937/1055/1937
f 1975/1054/1975 1976/1738/1976 1939/1073/1939
f 1967/1031/1967 1943/1033/1943 1942/56/1942
f 1968/1032/1968 1946/1034/1946 1945/62/1945
f 1971/63/1971 1948/1739/1948 1946/1034/1946
f 1970/1024/1970 1982/1035/1982 1933/66/1933
f 1982/1035/1982 1983/1037/1983 1952/68/1952
f 1983/1037/1983 1984/1038/1984 1953/70/1953
f 1984/1038/1984 1985/1040/1985 1955/1039/1955
f 1959/1042/1959 1957/1084/1957 1956/1041/1956
f 1947/1043/1947 1968/1032/1968 1943/1033/1943
f 1967/1031/1967 1966/1029/1966 1965/1046/1965
f 1941/1047/1941 1965/1046/1965 1964/1025/1964
f 1930/1049/1930 1931/1048/1931 1964/1025/1964
f 1930/1049/1930 1963/1050/1963 1962/1018/1962
f 1927/87/1927 1962/1018/1962 1961/1051/1961
f 1923/1053/1923 1926/1052/1926 1961/1051/1961
f 1968/1032/1968 1949/1044/1949 1971/63/1971
f 1965/1046/1965 1970/1024/1970 1964/1025/1964
f 1963/1050/1963 1972/1020/1972 1962/1018/1962
f 1961/1051/1961 1969/1016/1969 1960/1017/1960
f 1940/1088/1940 1976/1738/1976 1975/1054/1975
f 1938/123/1938 1940/1088/1940 1975/1054/1975
f 1935/1023/1935 1938/123/1938 1936/1027/1936
f 1935/1023/1935 1974/1028/1974 1973/1021/1973
f 1954/130/1954 2004/1060/2004 1979/1059/1979
f 1978/132/1978 1954/130/1954 1984/1038/1984
f 1979/1059/1979 1980/1056/1980 1959/1042/1959
f 1984/1038/1984 1979/1059/1979 1985/1040/1985
f 1977/1030/1977 1983/1037/1983 1982/1035/1982
f 1924/698/1924 1925/1019/1925 1996/1062/1996
f 1925/1019/1925 1928/43/1928 1988/1064/1988
f 1928/43/1928 1929/50/1929 1997/1065/1997
f 1998/1066/1998 1935/1023/1935 1932/1022/1932
f 1932/1022/1932 1933/66/1933 1991/1068/1991
f 1997/1065/1997 1929/50/1929 1934/1026/1934
f 1999/1069/1999 1934/1026/1934 1936/1027/1936
f 2000/1070/2000 1936/1027/1936 1937/1055/1937
f 1937/1055/1937 1939/1073/1939 2002/1072/2002
f 2008/1080/2008 1942/56/1942 2007/1075/2007
f 2007/1075/2007 1942/56/1942 1943/1033/1943
f 1992/1076/1992 1943/1033/1943 1945/62/1945
f 1945/62/1945 1946/1034/1946 1994/1078/1994
f 1946/1034/1946 1948/1739/1948 1995/1079/1995
f 2008/1080/2008 1933/66/1933 1950/1036/1950
f 1952/68/1952 1953/70/1953 2010/1082/2010
f 2010/1082/2010 1953/70/1953 1955/1039/1955
f 2011/1083/2011 1955/1039/1955 1956/1041/1956
f 1956/1041/1956 1957/1084/1957 2011/1083/2011
f 2012/1085/2012 1957/1084/1957 1959/1042/1959
f 1994/1078/1994 1995/1079/1995 1949/1044/1949
f 1993/1077/1993 1994/1078/1994 1947/1043/1947
f 1992/1076/1992 1993/1077/1993 1944/1045/1944
f 2007/1075/2007 1992/1076/1992 1944/1045/1944
f 1990/1067/1990 1991/1068/1991 1941/1047/1941
f 1930/1049/1930 1989/1740/1989 1990/1067/1990
f 1988/1064/1988 1989/1740/1989 1930/1049/1930
f 1987/1087/1987 1988/1064/1988 1927/87/1927
f 1986/1063/1986 1987/1087/1987 1926/1052/1926
f 1989/1740/1989 1998/1066/1998 1990/1067/1990
f 1988/1064/1988 1997/1065/1997 1989/1740/1989
f 1986/1063/1986 1996/1062/1996 1987/1087/1987
f 1989/1740/1989 1997/1065/1997 1998/1066/1998
f 2002/1072/2002 2003/1074/2003 1940/1088/1940
f 1938/123/1938 2001/1071/2001 2002/1072/2002
f 2000/1070/2000 2001/1071/2001 1938/123/1938
f 1935/1023/1935 1999/1069/1999 2000/1070/2000
f 1998/1066/1998 1999/1069/1999 1935/1023/1935
f 1941/1047/1941 1991/1068/1991 2007/1075/2007
f 1980/1056/1980 2012/1085/2012 2006/1086/2006
f 1958/1058/1958 2005/190/2005 2012/1085/2012
f 2004/1060/2004 2005/190/2005 1958/1058/1958
f 1954/130/1954 2010/1082/2010 2004/1060/2004
f 1978/132/1978 2009/1081/2009 2010/1082/2010
f 1951/1061/1951 2008/1080/2008 2009/1081/2009
f 2005/190/2005 2011/1083/2011 2012/1085/2012
f 2015/393/2015 2018/1090/2018 2019/1091/2019
f 2018/1090/2018 2021/642/2021 2019/1091/2019
f 2021/642/2021 2023/1724/2023 2019/1091/2019
f 2019/1091/2019 2024/401/2024 2025/399/2025
f 2019/1091/2019 2023/1724/2023 2026/400/2026
f 2024/401/2024 2027/404/2027 2028/402/2028
f 2024/401/2024 2026/400/2026 2029/403/2029
f 2030/393/2030 2033/1093/2033 2034/1094/2034
f 2033/1093/2033 2036/642/2036 2034/1094/2034
f 2036/642/2036 2038/1724/2038 2034/1094/2034
f 2034/1094/2034 2039/401/2039 2040/399/2040
f 2034/1094/2034 2038/1724/2038 2041/400/2041
f 2039/401/2039 2042/404/2042 2043/402/2043
f 2039/401/2039 2041/400/2041 2044/403/2044
f 2048/1096/2048 2046/406/2046 2045/1098/2045
f 2048/1096/2048 2047/409/2047 2046/406/2046
f 2051/1095/2051 2049/411/2049 2047/409/2047
f 2051/1095/2051 2054/1097/2054 2052/412/2052
f 2056/416/2056 2054/1097/2054 2051/1095/2051
f 2059/419/2059 2058/418/2058 2051/1095/2051
f 2060/420/2060 2059/419/2059 2048/1096/2048
f 2060/420/2060 2048/1096/2048 2045/1098/2045
f 2065/1099/2065 2063/406/2063 2062/1100/2062
f 2065/1099/2065 2064/409/2064 2063/406/2063
f 2068/532/2068 2066/411/2066 2064/409/2064
f 2068/532/2068 2071/457/2071 2069/412/2069
f 2073/416/2073 2071/457/2071 2068/532/2068
f 2076/419/2076 2075/418/2075 2068/532/2068
f 2077/420/2077 2076/419/2076 2065/1099/2065
f 2077/420/2077 2065/1099/2065 2062/1100/2062
f 2083/449/2083 2082/450/2082 2079/1101/2079
f 2083/449/2083 2085/451/2085 2084/308/2084
f 2085/451/2085 2087/1715/2087 2086/307/2086
f 2088/309/2088 2087/1715/2087 2085/451/2085
f 2089/310/2089 2085/451/2085 2083/449/2083
f 2090/311/2090 2083/449/2083 2081/306/2081
f 2092/313/2092 2091/312/2091 2081/306/2081
f 2093/315/2093 2092/313/2092 2080/448/2080
f 2098/449/2098 2097/450/2097 2094/1101/2094
f 2098/449/2098 2100/451/2100 2099/308/2099
f 2100/451/2100 2102/1715/2102 2101/307/2101
f 2103/309/2103 2102/1715/2102 2100/451/2100
f 2104/310/2104 2100/451/2100 2098/449/2098
f 2105/311/2105 2098/449/2098 2096/306/2096
f 2107/313/2107 2106/312/2106 2096/306/2096
f 2108/315/2108 2107/313/2107 2095/1102/2095
f 2124/1103/2124 2111/301/2111 2109/284/2109
f 2113/1104/2113 2112/1105/2112 2111/301/2111
f 2113/1104/2113 2116/1106/2116 2114/289/2114
f 2116/1106/2116 2118/1714/2118 2117/293/2117
f 2119/294/2119 2118/1714/2118 2116/1106/2116
f 2121/296/2121 2116/1106/2116 2113/1104/2113
f 2124/1103/2124 2123/298/2123 2113/1104/2113
f 2141/1107/2141 2128/301/2128 2126/284/2126
f 2130/1108/2130 2129/1109/2129 2128/301/2128
f 2130/1108/2130 2133/1110/2133 2131/289/2131
f 2133/1110/2133 2135/1714/2135 2134/293/2134
f 2136/294/2136 2135/1714/2135 2133/1110/2133
f 2138/296/2138 2133/1110/2133 2130/1108/2130
f 2141/1107/2141 2140/298/2140 2130/1108/2130
f 2143/393/2143 2146/1112/2146 2147/1113/2147
f 2146/1112/2146 2149/642/2149 2147/1113/2147
f 2149/642/2149 2151/1724/2151 2147/1113/2147
f 2147/1113/2147 2152/401/2152 2153/399/2153
f 2147/1113/2147 2151/1724/2151 2154/400/2154
f 2152/401/2152 2155/404/2155 2156/402/2156
f 2152/401/2152 2154/400/2154 2157/403/2157
f 2158/393/2158 2161/1115/2161 2162/1116/2162
f 2161/1115/2161 2164/642/2164 2162/1116/2162
f 2164/642/2164 2166/1724/2166 2162/1116/2162
f 2162/1116/2162 2167/401/2167 2168/399/2168
f 2162/1116/2162 2166/1724/2166 2169/400/2169
f 2167/401/2167 2170/404/2170 2171/402/2171
f 2167/401/2167 2169/400/2169 2172/403/2172
f 2176/1117/2176 2175/380/2175 2174/1118/2174
f 2178/1120/2178 2177/383/2177 2175/380/2175
f 2178/1120/2178 2181/1121/2181 2179/382/2179
f 2181/1121/2181 2183/1723/2183 2182/386/2182
f 2184/387/2184 2183/1723/2183 2181/1121/2181
f 2186/389/2186 2181/1121/2181 2178/1120/2178
f 2188/390/2188 2187/1122/2187 2178/1120/2178
f 2189/1123/2189 2188/390/2188 2176/1117/2176
f 2190/391/2190 2189/1123/2189 2173/1119/2173
f 2194/1117/2194 2193/380/2193 2192/1118/2192
f 2196/1120/2196 2195/383/2195 2193/380/2193
f 2196/1120/2196 2199/1125/2199 2197/382/2197
f 2199/1125/2199 2201/1723/2201 2200/386/2200
f 2202/387/2202 2201/1723/2201 2199/1125/2199
f 2204/389/2204 2199/1125/2199 2196/1120/2196
f 2206/390/2206 2205/1122/2205 2196/1120/2196
f 2207/1123/2207 2206/390/2206 2194/1117/2194
f 2208/391/2208 2207/1123/2207 2191/1124/2191
f 2212/306/2212 2211/305/2211 2210/1127/2210
f 2212/306/2212 2215/1126/2215 2213/450/2213
f 2215/1126/2215 2217/1715/2217 2216/307/2216
f 2218/309/2218 2217/1715/2217 2215/1126/2215
f 2220/311/2220 2215/1126/2215 2212/306/2212
f 2222/313/2222 2221/312/2221 2212/306/2212
f 2223/315/2223 2222/313/2222 2210/1127/2210
f 2227/306/2227 2226/305/2226 2225/1130/2225
f 2227/306/2227 2230/1129/2230 2228/450/2228
f 2230/1129/2230 2232/1715/2232 2231/307/2231
f 2233/309/2233 2232/1715/2232 2230/1129/2230
f 2235/311/2235 2230/1129/2230 2227/306/2227
f 2237/313/2237 2236/312/2236 2227/306/2227
f 2238/315/2238 2237/313/2237 2225/1130/2225
f 2263/1132/2263 2241/495/2241 2239/461/2239
f 2267/1136/2267 2245/1726/2245 2243/467/2243
f 2267/1136/2267 2247/469/2247 2245/1726/2245
f 2267/1136/2267 2268/1137/2268 2250/468/2250
f 2268/1137/2268 2269/1142/2269 2252/472/2252
f 2265/1138/2265 2254/474/2254 2264/1141/2264
f 2265/1138/2265 2255/477/2255 2254/474/2254
f 2265/1138/2265 2257/479/2257 2255/477/2255
f 2265/1138/2265 2261/1140/2261 2259/478/2259
f 2260/482/2260 2261/1140/2261 2265/1138/2265
f 2253/485/2253 2256/484/2256 2265/1138/2265
f 2253/485/2253 2265/1138/2265 2264/1141/2264
f 2266/1134/2266 2243/467/2243 2264/1141/2264
f 2242/486/2242 2266/1134/2266 2271/1135/2271
f 2246/492/2246 2248/491/2248 2268/1137/2268
f 2244/493/2244 2246/492/2246 2267/1136/2267
f 2244/493/2244 2267/1136/2267 2266/1134/2266
f 2263/1132/2263 2271/1135/2271 2270/464/2270
f 2296/1152/2296 2274/495/2274 2272/461/2272
f 2301/1143/2301 2279/1726/2279 2277/467/2277
f 2301/1143/2301 2281/469/2281 2279/1726/2279
f 2301/1143/2301 2302/1145/2302 2284/468/2284
f 2302/1145/2302 2303/1151/2303 2286/472/2286
f 2298/1146/2298 2288/474/2288 2297/1149/2297
f 2298/1146/2298 2289/477/2289 2288/474/2288
f 2298/1146/2298 2291/479/2291 2289/477/2289
f 2298/1146/2298 2295/1148/2295 2293/478/2293
f 2294/482/2294 2295/1148/2295 2298/1146/2298
f 2287/485/2287 2290/484/2290 2298/1146/2298
f 2287/485/2287 2298/1146/2298 2297/1149/2297
f 2300/1144/2300 2277/467/2277 2297/1149/2297
f 2276/486/2276 2300/1144/2300 2305/1150/2305
f 2273/488/2273 2275/494/2275 2296/1152/2296
f 2280/492/2280 2282/491/2282 2302/1145/2302
f 2278/493/2278 2280/492/2280 2301/1143/2301
f 2278/493/2278 2301/1143/2301 2300/1144/2300
f 2275/494/2275 2304/487/2304 2305/1150/2305
f 2310/288/2310 2309/287/2309 2308/1153/2308
f 2312/286/2312 2311/290/2311 2309/287/2309
f 2312/286/2312 2315/1154/2315 2313/289/2313
f 2315/1154/2315 2317/1714/2317 2316/293/2316
f 2318/294/2318 2317/1714/2317 2315/1154/2315
f 2320/296/2320 2315/1154/2315 2312/286/2312
f 2322/298/2322 2321/297/2321 2312/286/2312
f 2323/299/2323 2322/298/2322 2310/288/2310
f 2324/300/2324 2323/299/2323 2308/1153/2308
f 2327/1156/2327 2326/339/2326 2325/1158/2325
f 2330/1155/2330 2328/1718/2328 2326/339/2326
f 2330/1155/2330 2329/342/2329 2328/1718/2328
f 2332/341/2332 2331/344/2331 2329/342/2329
f 2332/341/2332 2334/1719/2334 2333/343/2333
f 2335/345/2335 2334/1719/2334 2332/341/2332
f 2336/346/2336 2332/341/2332 2330/1155/2330
f 2339/349/2339 2338/348/2338 2330/1155/2330
f 2340/1157/2340 2339/349/2339 2327/1156/2327
f 2343/1159/2343 2342/301/2342 2341/284/2341
f 2345/288/2345 2344/287/2344 2342/301/2342
f 2347/286/2347 2346/290/2346 2344/287/2344
f 2347/286/2347 2350/1160/2350 2348/289/2348
f 2350/1160/2350 2352/1714/2352 2351/293/2351
f 2353/294/2353 2352/1714/2352 2350/1160/2350
f 2355/296/2355 2350/1160/2350 2347/286/2347
f 2357/298/2357 2356/297/2356 2347/286/2347
f 2358/299/2358 2357/298/2357 2345/288/2345
f 2359/300/2359 2358/299/2358 2343/1159/2343
f 2363/306/2363 2362/305/2362 2361/1162/2361
f 2366/1161/2366 2364/450/2364 2362/305/2362
f 2366/1161/2366 2365/308/2365 2364/450/2364
f 2366/1161/2366 2368/1715/2368 2367/307/2367
f 2369/309/2369 2368/1715/2368 2366/1161/2366
f 2371/311/2371 2366/1161/2366 2363/306/2363
f 2373/313/2373 2372/312/2372 2363/306/2363
f 2374/315/2374 2373/313/2373 2361/1162/2361
f 2380/1164/2380 2377/301/2377 2375/284/2375
f 2380/1164/2380 2378/287/2378 2377/301/2377
f 2380/1164/2380 2379/290/2379 2378/287/2378
f 2383/1165/2383 2381/289/2381 2379/290/2379
f 2383/1165/2383 2385/1714/2385 2384/293/2384
f 2386/294/2386 2385/1714/2385 2383/1165/2383
f 2387/1166/2387 2383/1165/2383 2380/1164/2380
f 2390/299/2390 2389/298/2389 2380/1164/2380
f 2391/300/2391 2390/299/2390 2380/1164/2380
f 2394/1168/2394 2393/301/2393 2392/284/2392
f 2397/1167/2397 2395/287/2395 2393/301/2393
f 2397/1167/2397 2396/290/2396 2395/287/2395
f 2400/1169/2400 2398/289/2398 2396/290/2396
f 2400/1169/2400 2402/1714/2402 2401/293/2401
f 2403/294/2403 2402/1714/2402 2400/1169/2400
f 2405/1170/2405 2400/1169/2400 2397/1167/2397
f 2407/299/2407 2406/298/2406 2397/1167/2397
f 2408/300/2408 2407/299/2407 2394/1168/2394
f 2413/288/2413 2412/287/2412 2411/1171/2411
f 2415/286/2415 2414/290/2414 2412/287/2412
f 2415/286/2415 2418/1172/2418 2416/289/2416
f 2418/1172/2418 2420/1714/2420 2419/293/2419
f 2421/294/2421 2420/1714/2420 2418/1172/2418
f 2423/296/2423 2418/1172/2418 2415/286/2415
f 2425/298/2425 2424/297/2424 2415/286/2415
f 2426/299/2426 2425/298/2425 2413/288/2413
f 2427/300/2427 2426/299/2426 2411/1171/2411
f 2430/1159/2430 2429/301/2429 2428/284/2428
f 2433/1173/2433 2431/287/2431 2429/301/2429
f 2433/1173/2433 2432/290/2432 2431/287/2431
f 2433/1173/2433 2436/1174/2436 2434/289/2434
f 2436/1174/2436 2438/1714/2438 2437/293/2437
f 2439/294/2439 2438/1714/2438 2436/1174/2436
f 2441/296/2441 2436/1174/2436 2433/1173/2433
f 2443/298/2443 2442/297/2442 2433/1173/2433
f 2444/299/2444 2443/298/2443 2433/1173/2433
f 2445/300/2445 2444/299/2444 2430/1159/2430
f 2446/1716/2446 2448/324/2448 2457/1176/2457
f 2448/324/2448 2450/327/2450 2458/1175/2458
f 2450/327/2450 2452/1717/2452 2458/1175/2458
f 2458/1175/2458 2452/1717/2452 2454/329/2454
f 2459/330/2459 2454/329/2454 2456/331/2456
f 2459/330/2459 2460/332/2460 2455/333/2455
f 2458/1175/2458 2459/330/2459 2453/334/2453
f 2447/337/2447 2457/1176/2457 2458/1175/2458
f 2465/1177/2465 2463/1718/2463 2462/339/2462
f 2465/1177/2465 2464/342/2464 2463/1718/2463
f 2467/341/2467 2466/344/2466 2464/342/2464
f 2467/341/2467 2469/1719/2469 2468/343/2468
f 2470/345/2470 2469/1719/2469 2467/341/2467
f 2471/346/2471 2467/341/2467 2465/1177/2465
f 2474/349/2474 2473/348/2473 2465/1177/2465
f 2475/1157/2475 2474/349/2474 2461/1178/2461
f 2479/1179/2479 2478/1183/2478 2476/1180/2476
f 2481/1182/2481 2480/1185/2480 2478/1183/2478
f 2483/1184/2483 2482/1187/2482 2480/1185/2480
f 2485/1186/2485 2484/1189/2484 2482/1187/2482
f 2487/1188/2487 2486/1741/2486 2484/1189/2484
f 2493/1191/2493 2492/1192/2492 2491/287/2491
f 2493/1191/2493 2495/1193/2495 2494/292/2494
f 2495/1193/2495 2497/1714/2497 2496/293/2496
f 2498/295/2498 2495/1193/2495 2493/1191/2493
f 2501/298/2501 2500/297/2500 2493/1191/2493
f 2502/299/2502 2501/298/2501 2490/1190/2490
f 2503/300/2503 2502/299/2502 2490/1190/2490
f 2507/1195/2507 2505/1720/2505 2504/1196/2504
f 2507/1195/2507 2506/355/2506 2505/1720/2505
f 2510/1194/2510 2508/371/2508 2506/355/2506
f 2510/1194/2510 2509/358/2509 2508/371/2508
f 2510/1194/2510 2512/359/2512 2511/357/2511
f 2512/359/2512 2514/1721/2514 2513/360/2513
f 2515/361/2515 2514/1721/2514 2512/359/2512
f 2516/362/2516 2512/359/2512 2510/1194/2510
f 2518/373/2518 2517/363/2517 2510/1194/2510
f 2519/364/2519 2518/373/2518 2510/1194/2510
f 2520/1722/2520 2519/364/2519 2507/1195/2507
f 2521/365/2521 2520/1722/2520 2507/1195/2507
f 2524/1198/2524 2523/1197/2523 2522/1196/2522
f 2526/367/2526 2525/371/2525 2523/1197/2523
f 2528/370/2528 2527/358/2527 2525/371/2525
f 2528/370/2528 2531/372/2531 2529/357/2529
f 2533/362/2533 2531/372/2531 2528/370/2528
f 2534/363/2534 2528/370/2528 2526/367/2526
f 2536/364/2536 2535/373/2535 2526/367/2526
f 2537/1722/2537 2536/364/2536 2524/1198/2524
f 2538/365/2538 2537/1722/2537 2524/1198/2524
f 2541/1200/2541 2540/301/2540 2539/284/2539
f 2543/1199/2543 2542/1201/2542 2540/301/2540
f 2543/1199/2543 2546/1202/2546 2544/289/2544
f 2546/1202/2546 2548/1714/2548 2547/293/2547
f 2549/294/2549 2548/1714/2548 2546/1202/2546
f 2551/296/2551 2546/1202/2546 2543/1199/2543
f 2553/298/2553 2552/297/2552 2543/1199/2543
f 2554/299/2554 2553/298/2553 2543/1199/2543
f 2555/300/2555 2554/299/2554 2541/1200/2541
f 2559/1204/2559 2557/1118/2557 2556/1206/2556
f 2559/1204/2559 2558/380/2558 2557/1118/2557
f 2562/1203/2562 2560/383/2560 2558/380/2558
f 2562/1203/2562 2565/1205/2565 2563/384/2563
f 2567/388/2567 2565/1205/2565 2562/1203/2562
f 2569/1122/2569 2568/389/2568 2562/1203/2562
f 2570/390/2570 2569/1122/2569 2562/1203/2562
f 2571/1123/2571 2570/390/2570 2559/1204/2559
f 2572/391/2572 2571/1123/2571 2559/1204/2559
f 2576/405/2576 2575/409/2575 2574/1208/2574
f 2576/405/2576 2579/1207/2579 2577/411/2577
f 2579/1207/2579 2581/531/2581 2580/507/2580
f 2582/440/2582 2581/531/2581 2579/1207/2579
f 2585/419/2585 2584/418/2584 2579/1207/2579
f 2586/420/2586 2585/419/2585 2576/405/2576
f 2587/424/2587 2586/420/2586 2574/1208/2574
f 2591/405/2591 2590/409/2590 2589/1212/2589
f 2591/405/2591 2594/1210/2594 2592/411/2592
f 2594/1210/2594 2596/657/2596 2595/1211/2595
f 2597/505/2597 2596/657/2596 2594/1210/2594
f 2600/419/2600 2599/418/2599 2594/1210/2594
f 2601/420/2601 2600/419/2600 2591/405/2591
f 2602/424/2602 2601/420/2601 2589/1212/2589
f 2603/393/2603 2606/1215/2606 2607/1216/2607
f 2606/1215/2606 2609/642/2609 2607/1216/2607
f 2609/642/2609 2611/1724/2611 2607/1216/2607
f 2607/1216/2607 2612/401/2612 2613/399/2613
f 2607/1216/2607 2611/1724/2611 2614/400/2614
f 2612/401/2612 2615/404/2615 2616/402/2616
f 2612/401/2612 2614/400/2614 2617/403/2617
f 2618/393/2618 2621/1218/2621 2622/1219/2622
f 2621/1218/2621 2624/642/2624 2622/1219/2622
f 2624/642/2624 2626/1724/2626 2622/1219/2622
f 2622/1219/2622 2627/401/2627 2628/399/2628
f 2622/1219/2622 2626/1724/2626 2629/400/2629
f 2627/401/2627 2630/404/2630 2631/402/2631
f 2627/401/2627 2629/400/2629 2632/403/2632
f 2636/405/2636 2635/409/2635 2634/1222/2634
f 2639/1220/2639 2637/411/2637 2635/409/2635
f 2639/1220/2639 2641/433/2641 2640/596/2640
f 2642/1221/2642 2641/433/2641 2639/1220/2639
f 2645/419/2645 2644/418/2644 2639/1220/2639
f 2646/420/2646 2645/419/2645 2636/405/2636
f 2647/424/2647 2646/420/2646 2634/1222/2634
f 2651/405/2651 2650/409/2650 2649/1224/2649
f 2654/1223/2654 2652/411/2652 2650/409/2650
f 2654/1223/2654 2656/1742/2656 2655/584/2655
f 2657/505/2657 2656/1742/2656 2654/1223/2654
f 2660/419/2660 2659/418/2659 2654/1223/2654
f 2661/420/2661 2660/419/2660 2651/405/2651
f 2662/424/2662 2661/420/2661 2649/1224/2649
f 2668/1228/2668 2666/450/2666 2663/1226/2663
f 2668/1228/2668 2670/1715/2670 2669/307/2669
f 2671/309/2671 2670/1715/2670 2668/1228/2668
f 2673/311/2673 2668/1228/2668 2665/306/2665
f 2675/313/2675 2674/312/2674 2665/306/2665
f 2676/315/2676 2675/313/2675 2664/1227/2664
f 2681/449/2681 2680/450/2680 2677/1229/2677
f 2681/449/2681 2683/451/2683 2682/308/2682
f 2683/451/2683 2685/1715/2685 2684/307/2684
f 2686/309/2686 2685/1715/2685 2683/451/2683
f 2687/310/2687 2683/451/2683 2681/449/2681
f 2688/311/2688 2681/449/2681 2679/306/2679
f 2690/313/2690 2689/312/2689 2679/306/2679
f 2691/315/2691 2690/313/2690 2678/1230/2678
f 2692/393/2692 2695/1090/2695 2696/1232/2696
f 2695/1090/2695 2698/642/2698 2696/1232/2696
f 2698/642/2698 2700/1724/2700 2696/1232/2696
f 2696/1232/2696 2701/401/2701 2702/399/2702
f 2696/1232/2696 2700/1724/2700 2703/400/2703
f 2701/401/2701 2704/404/2704 2705/402/2705
f 2701/401/2701 2703/400/2703 2706/403/2706
f 2734/1235/2734 2710/1238/2710 2740/1240/2740
f 2736/1234/2736 2715/1726/2715 2713/467/2713
f 2736/1234/2736 2717/469/2717 2715/1726/2715
f 2736/1234/2736 2737/1236/2737 2720/468/2720
f 2737/1236/2737 2738/1142/2738 2722/472/2722
f 2735/1237/2735 2725/477/2725 2724/474/2724
f 2735/1237/2735 2727/479/2727 2725/477/2725
f 2735/1237/2735 2731/481/2731 2729/478/2729
f 2728/483/2728 2730/482/2730 2731/481/2731
f 2723/485/2723 2726/484/2726 2735/1237/2735
f 2723/485/2723 2710/1238/2710 2734/1235/2734
f 2712/486/2712 2734/1235/2734 2740/1240/2740
f 2708/488/2708 2711/494/2711 2709/1233/2709
f 2716/492/2716 2718/491/2718 2737/1236/2737
f 2714/493/2714 2716/492/2716 2736/1234/2736
f 2714/493/2714 2736/1234/2736 2734/1235/2734
f 2739/487/2739 2740/1240/2740 2709/1233/2709
f 2742/428/2742 2744/396/2744 2743/1241/2743
f 2744/396/2744 2747/642/2747 2745/1242/2745
f 2747/642/2747 2749/1724/2749 2745/1242/2745
f 2745/1242/2745 2750/401/2750 2751/399/2751
f 2745/1242/2745 2749/1724/2749 2752/400/2752
f 2750/401/2750 2753/404/2753 2754/402/2754
f 2750/401/2750 2752/400/2752 2755/403/2755
f 2759/405/2759 2758/409/2758 2757/406/2757
f 2762/1243/2762 2760/411/2760 2758/409/2758
f 2762/1243/2762 2764/573/2764 2763/1244/2763
f 2765/1245/2765 2764/573/2764 2762/1243/2762
f 2768/419/2768 2767/418/2767 2762/1243/2762
f 2769/420/2769 2768/419/2768 2759/405/2759
f 2770/424/2770 2769/420/2769 2756/407/2756
f 2776/506/2776 2774/411/2774 2773/409/2773
f 2776/506/2776 2778/1743/2778 2777/1247/2777
f 2779/1248/2779 2778/1743/2778 2776/506/2776
f 2782/419/2782 2781/418/2781 2776/506/2776
f 2783/420/2783 2782/419/2782 2772/1246/2772
f 2784/424/2784 2783/420/2783 2771/594/2771
f 2788/1250/2788 2786/406/2786 2785/498/2785
f 2788/1250/2788 2787/409/2787 2786/406/2786
f 2791/1249/2791 2789/411/2789 2787/409/2787
f 2791/1249/2791 2794/1251/2794 2792/412/2792
f 2796/416/2796 2794/1251/2794 2791/1249/2791
f 2798/418/2798 2797/417/2797 2791/1249/2791
f 2799/419/2799 2798/418/2798 2791/1249/2791
f 2800/420/2800 2799/419/2799 2788/1250/2788
f 2801/424/2801 2800/420/2800 2788/1250/2788
f 2811/512/2811 2804/516/2804 2802/631/2802
f 2811/512/2811 2812/518/2812 2805/661/2805
f 2813/517/2813 2807/1744/2807 2805/661/2805
f 2808/1257/2808 2813/517/2813 2812/518/2812
f 2806/1252/2806 2808/1257/2808 2812/518/2812
f 2803/520/2803 2806/1252/2806 2811/512/2811
f 2816/1254/2816 2802/631/2802 2804/516/2804
f 2817/524/2817 2804/516/2804 2805/661/2805
f 2805/661/2805 2807/1744/2807 2819/1256/2819
f 2818/1255/2818 2819/1256/2819 2808/1257/2808
f 2806/1252/2806 2817/524/2817 2818/1255/2818
f 2816/1254/2816 2817/524/2817 2806/1252/2806
f 2815/527/2815 2816/1254/2816 2803/520/2803
f 2823/405/2823 2822/409/2822 2821/1208/2821
f 2823/405/2823 2826/1258/2826 2824/411/2824
f 2826/1258/2826 2828/413/2828 2827/1259/2827
f 2829/508/2829 2828/413/2828 2826/1258/2826
f 2832/419/2832 2831/418/2831 2826/1258/2826
f 2833/420/2833 2832/419/2832 2823/405/2823
f 2834/424/2834 2833/420/2833 2821/1208/2821
f 2838/405/2838 2837/409/2837 2836/1263/2836
f 2838/405/2838 2841/1261/2841 2839/411/2839
f 2841/1261/2841 2843/433/2843 2842/596/2842
f 2844/1262/2844 2843/433/2843 2841/1261/2841
f 2847/419/2847 2846/418/2846 2841/1261/2841
f 2848/420/2848 2847/419/2847 2838/405/2838
f 2849/424/2849 2848/420/2848 2836/1263/2836
f 2852/428/2852 2853/396/2853 2851/1265/2851
f 2850/393/2850 2851/1265/2851 2854/1264/2854
f 2853/396/2853 2856/642/2856 2854/1264/2854
f 2856/642/2856 2858/1724/2858 2854/1264/2854
f 2854/1264/2854 2862/1266/2862 2859/399/2859
f 2854/1264/2854 2858/1724/2858 2860/400/2860
f 2862/1266/2862 2860/400/2860 2863/403/2863
f 2867/405/2867 2866/409/2866 2865/406/2865
f 2870/1267/2870 2868/411/2868 2866/409/2866
f 2870/1267/2870 2872/1745/2872 2871/1268/2871
f 2873/1269/2873 2872/1745/2872 2870/1267/2870
f 2876/419/2876 2875/418/2875 2870/1267/2870
f 2877/420/2877 2876/419/2876 2867/405/2867
f 2878/424/2878 2877/420/2877 2864/407/2864
f 2882/405/2882 2881/409/2881 2880/1272/2880
f 2885/1270/2885 2883/411/2883 2881/409/2881
f 2885/1270/2885 2887/433/2887 2886/1271/2886
f 2888/505/2888 2887/433/2887 2885/1270/2885
f 2891/419/2891 2890/418/2890 2885/1270/2885
f 2892/420/2892 2891/419/2891 2882/405/2882
f 2893/424/2893 2892/420/2892 2880/1272/2880
f 2894/393/2894 2897/1275/2897 2898/1276/2898
f 2897/1275/2897 2900/642/2900 2898/1276/2898
f 2900/642/2900 2902/1724/2902 2898/1276/2898
f 2898/1276/2898 2906/1277/2906 2903/399/2903
f 2898/1276/2898 2902/1724/2902 2904/400/2904
f 2906/1277/2906 2904/400/2904 2907/403/2907
f 2910/1279/2910 2909/406/2909 2925/1280/2925
f 2913/1278/2913 2911/409/2911 2909/406/2909
f 2913/1278/2913 2912/411/2912 2911/409/2911
f 2913/1278/2913 2915/432/2915 2914/410/2914
f 2915/432/2915 2918/413/2918 2916/412/2916
f 2920/416/2920 2918/413/2918 2915/432/2915
f 2921/417/2921 2915/432/2915 2913/1278/2913
f 2923/419/2923 2922/418/2922 2913/1278/2913
f 2924/420/2924 2923/419/2923 2913/1278/2913
f 2926/1746/2926 2924/420/2924 2910/1279/2910
f 2941/1281/2941 2937/1282/2937 2931/60/2931
f 2938/211/2938 2933/62/2933 2931/60/2931
f 2939/1283/2939 2947/1285/2947 2933/62/2933
f 2942/1284/2942 2934/1295/2934 2947/1285/2947
f 2935/1286/2935 2940/1291/2940 2939/1283/2939
f 2935/1286/2935 2939/1283/2939 2938/211/2938
f 2932/1287/2932 2938/211/2938 2937/1282/2937
f 2930/1288/2930 2937/1282/2937 2936/1289/2936
f 2927/543/2927 2929/542/2929 2944/1292/2944
f 2929/542/2929 2931/60/2931 2945/1293/2945
f 2931/60/2931 2933/62/2933 2946/1294/2946
f 2945/1293/2945 2946/1294/2946 2932/1287/2932
f 2928/1290/2928 2944/1292/2944 2945/1293/2945
f 2928/1290/2928 2943/1728/2943 2944/1292/2944
f 2946/1294/2946 2947/1285/2947 2935/1286/2935
f 2943/1728/2943 2948/541/2948 2944/1292/2944
f 2952/405/2952 2951/409/2951 2950/406/2950
f 2955/595/2955 2953/411/2953 2951/409/2951
f 2955/595/2955 2957/1747/2957 2956/1296/2956
f 2958/1297/2958 2957/1747/2957 2955/595/2955
f 2961/419/2961 2960/418/2960 2955/595/2955
f 2962/420/2962 2961/419/2961 2952/405/2952
f 2963/424/2963 2962/420/2962 2949/430/2949
f 2969/1243/2969 2967/411/2967 2966/409/2966
f 2969/1243/2969 2971/531/2971 2970/622/2970
f 2972/1299/2972 2971/531/2971 2969/1243/2969
f 2975/419/2975 2974/418/2974 2969/1243/2969
f 2976/420/2976 2975/419/2975 2965/1298/2965
f 2977/424/2977 2976/420/2976 2964/1300/2964
f 2979/428/2979 2981/396/2981 2980/434/2980
f 2981/396/2981 2984/642/2984 2982/1302/2982
f 2984/642/2984 2986/1724/2986 2982/1302/2982
f 2982/1302/2982 2987/401/2987 2988/399/2988
f 2982/1302/2982 2986/1724/2986 2989/400/2989
f 2987/401/2987 2990/404/2990 2991/402/2991
f 2987/401/2987 2989/400/2989 2992/403/2992
f 2996/1303/2996 2994/406/2994 2993/658/2993
f 2996/1303/2996 2995/409/2995 2994/406/2994
f 2999/1249/2999 2997/411/2997 2995/409/2995
f 2999/1249/2999 3002/531/3002 3000/412/3000
f 3004/416/3004 3002/531/3002 2999/1249/2999
f 3006/418/3006 3005/417/3005 2999/1249/2999
f 3007/419/3007 3006/418/3006 2999/1249/2999
f 3008/420/3008 3007/419/3007 2996/1303/2996
f 3009/424/3009 3008/420/3008 2996/1303/2996
f 3029/1304/3029 3019/1306/3019 3012/1305/3012
f 3014/1307/3014 3021/1308/3021 3015/1748/3015
f 3016/1316/3016 3021/1308/3021 3020/1309/3020
f 3019/1306/3019 3020/1309/3020 3014/1307/3014
f 3028/611/3028 3013/1310/3013 3019/1306/3019
f 3011/1317/3011 3017/1318/3017 3018/527/3018
f 3030/1313/3030 3027/605/3027 3012/1305/3012
f 3025/1314/3025 3012/1305/3012 3014/1307/3014
f 3014/1307/3014 3015/1748/3015 3016/1316/3016
f 3020/1309/3020 3026/1315/3026 3016/1316/3016
f 3013/1310/3013 3025/1314/3025 3026/1315/3026
f 3028/611/3028 3030/1313/3030 3025/1314/3025
f 3023/527/3023 3024/1312/3024 3011/1317/3011
f 3024/1312/3024 3030/1313/3030 3028/611/3028
f 3024/1312/3024 3010/1311/3010 3027/605/3027
f 3011/1317/3011 3028/611/3028 3029/1304/3029
f 3017/1318/3017 3029/1304/3029 3027/605/3027
f 3032/428/3032 3034/396/3034 3033/1319/3033
f 3033/1319/3033 3034/396/3034 3037/642/3037
f 3037/642/3037 3039/1724/3039 3035/1320/3035
f 3035/1320/3035 3040/401/3040 3041/399/3041
f 3035/1320/3035 3039/1724/3039 3042/400/3042
f 3040/401/3040 3043/404/3043 3044/402/3044
f 3040/401/3040 3042/400/3042 3045/403/3045
f 3047/428/3047 3049/396/3049 3048/1321/3048
f 3049/396/3049 3052/642/3052 3050/1322/3050
f 3052/642/3052 3054/1724/3054 3050/1322/3050
f 3050/1322/3050 3055/401/3055 3056/399/3056
f 3050/1322/3050 3054/1724/3054 3057/400/3057
f 3055/401/3055 3058/404/3058 3059/402/3059
f 3055/401/3055 3057/400/3057 3060/403/3060
f 3064/405/3064 3063/409/3063 3062/406/3062
f 3067/621/3067 3065/411/3065 3063/409/3063
f 3067/621/3067 3069/439/3069 3068/1323/3068
f 3070/1324/3070 3069/439/3069 3067/621/3067
f 3073/419/3073 3072/418/3072 3067/621/3067
f 3074/420/3074 3073/419/3073 3064/405/3064
f 3075/424/3075 3074/420/3074 3061/591/3061
f 3080/405/3080 3079/409/3079 3078/1325/3078
f 3083/1326/3083 3081/411/3081 3079/409/3079
f 3083/1326/3083 3085/439/3085 3084/1268/3084
f 3086/1327/3086 3085/439/3085 3083/1326/3083
f 3089/419/3089 3088/418/3088 3083/1326/3083
f 3090/420/3090 3089/419/3089 3080/405/3080
f 3091/424/3091 3090/420/3090 3078/1325/3078
f 3097/1328/3097 3095/411/3095 3094/409/3094
f 3097/1328/3097 3099/657/3099 3098/1330/3098
f 3100/1331/3100 3099/657/3099 3097/1328/3097
f 3103/419/3103 3102/418/3102 3097/1328/3097
f 3104/420/3104 3103/419/3103 3093/1329/3093
f 3105/424/3105 3104/420/3104 3092/1332/3092
f 3111/1334/3111 3109/409/3109 3108/1333/3108
f 3111/1334/3111 3110/411/3110 3109/409/3109
f 3111/1334/3111 3113/432/3113 3112/410/3112
f 3113/432/3113 3115/413/3115 3114/1335/3114
f 3116/1336/3116 3115/413/3115 3113/432/3113
f 3117/417/3117 3113/432/3113 3111/1334/3111
f 3119/419/3119 3118/418/3118 3111/1334/3111
f 3120/420/3120 3119/419/3119 3111/1334/3111
f 3121/424/3121 3120/420/3120 3108/1333/3108
f 3123/428/3123 3125/396/3125 3124/653/3124
f 3125/396/3125 3127/642/3127 3124/653/3124
f 3126/395/3126 3124/653/3124 3128/654/3128
f 3127/642/3127 3130/1724/3130 3128/654/3128
f 3128/654/3128 3131/401/3131 3132/399/3132
f 3128/654/3128 3130/1724/3130 3133/400/3133
f 3131/401/3131 3134/404/3134 3135/402/3135
f 3131/401/3131 3133/400/3133 3136/403/3136
f 3137/1338/3137 3139/1340/3139 3141/1339/3141
f 3140/428/3140 3142/396/3142 3141/1339/3141
f 3138/393/3138 3141/1339/3141 3143/1341/3143
f 3142/396/3142 3145/642/3145 3143/1341/3143
f 3145/642/3145 3147/1724/3147 3143/1341/3143
f 3143/1341/3143 3148/401/3148 3149/399/3149
f 3143/1341/3143 3147/1724/3147 3150/400/3150
f 3148/401/3148 3151/404/3151 3152/402/3152
f 3148/401/3148 3150/400/3150 3153/403/3153
f 3157/1343/3157 3155/406/3155 3154/1344/3154
f 3157/1343/3157 3156/409/3156 3155/406/3155
f 3160/1342/3160 3158/411/3158 3156/409/3156
f 3160/1342/3160 3163/433/3163 3161/412/3161
f 3165/416/3165 3163/433/3163 3160/1342/3160
f 3167/418/3167 3166/417/3166 3160/1342/3160
f 3168/419/3168 3167/418/3167 3160/1342/3160
f 3169/420/3169 3168/419/3168 3157/1343/3157
f 3170/424/3170 3169/420/3169 3157/1343/3157
f 3174/1346/3174 3172/406/3172 3171/1347/3171
f 3174/1346/3174 3173/409/3173 3172/406/3172
f 3177/1345/3177 3175/411/3175 3173/409/3173
f 3177/1345/3177 3180/531/3180 3178/412/3178
f 3182/416/3182 3180/531/3180 3177/1345/3177
f 3184/418/3184 3183/417/3183 3177/1345/3177
f 3185/419/3185 3184/418/3184 3177/1345/3177
f 3186/420/3186 3185/419/3185 3174/1346/3174
f 3187/424/3187 3186/420/3186 3174/1346/3174
f 3197/512/3197 3190/516/3190 3188/1348/3188
f 3197/512/3197 3198/518/3198 3191/1350/3191
f 3199/1351/3199 3193/1744/3193 3191/1350/3191
f 3194/668/3194 3199/1351/3199 3198/518/3198
f 3192/1252/3192 3194/668/3194 3198/518/3198
f 3189/1352/3189 3192/1252/3192 3197/512/3197
f 3201/1355/3201 3188/1348/3188 3190/516/3190
f 3202/635/3202 3190/516/3190 3191/1350/3191
f 3191/1350/3191 3193/1744/3193 3204/1356/3204
f 3203/1255/3203 3204/1356/3204 3194/668/3194
f 3192/1252/3192 3202/635/3202 3203/1255/3203
f 3201/1355/3201 3202/635/3202 3192/1252/3192
f 3200/1354/3200 3201/1355/3201 3189/1352/3189
f 3214/1357/3214 3207/1362/3207 3205/1358/3205
f 3214/1357/3214 3215/1360/3215 3207/1362/3207
f 3215/1360/3215 3216/1364/3216 3223/1361/3223
f 3217/1363/3217 3209/1365/3209 3223/1361/3223
f 3217/1363/3217 3218/1366/3218 3211/206/3211
f 3210/1367/3210 3217/1363/3217 3216/1364/3216
f 3208/519/3208 3216/1364/3216 3215/1360/3215
f 3206/1368/3206 3208/519/3208 3214/1357/3214
f 3220/1371/3220 3205/1358/3205 3207/1362/3207
f 3222/1373/3222 3207/1362/3207 3223/1361/3223
f 3224/1374/3224 3209/1365/3209 3211/206/3211
f 3223/1361/3223 3224/1374/3224 3218/1366/3218
f 3222/1373/3222 3223/1361/3223 3210/1367/3210
f 3208/519/3208 3221/1372/3221 3222/1373/3222
f 3220/1371/3220 3221/1372/3221 3208/519/3208
f 3219/1370/3219 3220/1371/3220 3206/1368/3206
f 3229/288/3229 3228/287/3228 3227/1375/3227
f 3231/286/3231 3230/290/3230 3228/287/3228
f 3231/286/3231 3234/1172/3234 3232/289/3232
f 3234/1172/3234 3236/1714/3236 3235/293/3235
f 3237/294/3237 3236/1714/3236 3234/1172/3234
f 3239/296/3239 3234/1172/3234 3231/286/3231
f 3241/298/3241 3240/297/3240 3231/286/3231
f 3242/299/3242 3241/298/3241 3229/288/3229
f 3243/300/3243 3242/299/3242 3227/1375/3227
f 3244/393/3244 3247/445/3247 3248/1377/3248
f 3247/445/3247 3250/642/3250 3248/1377/3248
f 3250/642/3250 3252/1724/3252 3248/1377/3248
f 3248/1377/3248 3253/401/3253 3254/399/3254
f 3248/1377/3248 3252/1724/3252 3255/400/3255
f 3253/401/3253 3256/404/3256 3257/402/3257
f 3253/401/3253 3255/400/3255 3258/403/3258
f 3262/405/3262 3261/409/3261 3260/406/3260
f 3265/1378/3265 3263/411/3263 3261/409/3261
f 3265/1378/3265 3267/413/3267 3266/1379/3266
f 3268/1380/3268 3267/413/3267 3265/1378/3265
f 3271/419/3271 3270/418/3270 3265/1378/3265
f 3272/420/3272 3271/419/3271 3262/405/3262
f 3273/424/3273 3272/420/3272 3259/591/3259
f 3276/1382/3276 3275/406/3275 3274/454/3274
f 3279/1381/3279 3277/409/3277 3275/406/3275
f 3279/1381/3279 3282/1383/3282 3280/410/3280
f 3284/417/3284 3282/1383/3282 3279/1381/3279
f 3286/419/3286 3285/418/3285 3279/1381/3279
f 3287/420/3287 3286/419/3286 3279/1381/3279
f 3288/424/3288 3287/420/3287 3276/1382/3276
f 3293/1387/3293 3291/409/3291 3290/1390/3290
f 3293/1387/3293 3292/1386/3292 3291/409/3291
f 3294/432/3294 3297/1388/3297 3295/412/3295
f 3298/1389/3298 3297/1388/3297 3294/432/3294
f 3299/417/3299 3294/432/3294 3293/1387/3293
f 3301/419/3301 3300/418/3300 3293/1387/3293
f 3302/420/3302 3301/419/3301 3293/1387/3293
f 3303/424/3303 3302/420/3302 3290/1390/3290
f 3309/1393/3309 3307/409/3307 3306/1392/3306
f 3309/1393/3309 3312/1394/3312 3310/410/3310
f 3314/417/3314 3312/1394/3312 3309/1393/3309
f 3316/419/3316 3315/418/3315 3309/1393/3309
f 3317/420/3317 3316/419/3316 3309/1393/3309
f 3318/424/3318 3317/420/3317 3306/1392/3306
f 3322/405/3322 3321/409/3321 3320/406/3320
f 3325/1398/3325 3323/411/3323 3321/409/3321
f 3325/1398/3325 3327/433/3327 3326/1399/3326
f 3328/1400/3328 3327/433/3327 3325/1398/3325
f 3331/419/3331 3330/418/3330 3325/1398/3325
f 3332/420/3332 3331/419/3331 3322/405/3322
f 3333/424/3333 3332/420/3332 3319/1397/3319
f 3338/1401/3338 3336/409/3336 3335/1404/3335
f 3338/1401/3338 3337/411/3337 3336/409/3336
f 3338/1401/3338 3341/1402/3341 3339/410/3339
f 3341/1402/3341 3343/1725/3343 3342/414/3342
f 3344/415/3344 3343/1725/3343 3341/1402/3341
f 3346/417/3346 3341/1402/3341 3338/1401/3338
f 3348/420/3348 3347/1403/3347 3338/1401/3338
f 3349/424/3349 3348/420/3348 3335/1404/3335
f 3355/1406/3355 3352/301/3352 3350/284/3350
f 3355/1406/3355 3353/287/3353 3352/301/3352
f 3355/1406/3355 3354/290/3354 3353/287/3353
f 3358/1407/3358 3356/289/3356 3354/290/3354
f 3358/1407/3358 3360/1714/3360 3359/293/3359
f 3361/294/3361 3360/1714/3360 3358/1407/3358
f 3362/1408/3362 3358/1407/3358 3355/1406/3355
f 3365/299/3365 3364/298/3364 3355/1406/3355
f 3366/300/3366 3365/299/3365 3355/1406/3355
f 3369/582/3369 3368/301/3368 3367/284/3367
f 3372/1409/3372 3370/287/3370 3368/301/3368
f 3372/1409/3372 3371/290/3371 3370/287/3370
f 3372/1409/3372 3375/1410/3375 3373/289/3373
f 3375/1410/3375 3377/1714/3377 3376/293/3376
f 3378/294/3378 3377/1714/3377 3375/1410/3375
f 3380/296/3380 3375/1410/3375 3372/1409/3372
f 3383/299/3383 3382/298/3382 3372/1409/3372
f 3384/300/3384 3383/299/3383 3369/582/3369
f 3388/405/3388 3387/409/3387 3386/1414/3386
f 3391/1411/3391 3389/411/3389 3387/409/3387
f 3391/1411/3391 3393/531/3393 3392/1412/3392
f 3394/1413/3394 3393/531/3393 3391/1411/3391
f 3397/419/3397 3396/418/3396 3391/1411/3391
f 3398/420/3398 3397/419/3397 3388/405/3388
f 3399/424/3399 3398/420/3398 3386/1414/3386
f 3400/393/3400 3403/1417/3403 3404/1418/3404
f 3403/1417/3403 3406/642/3406 3404/1418/3404
f 3406/642/3406 3408/1724/3408 3404/1418/3404
f 3404/1418/3404 3412/1419/3412 3409/399/3409
f 3404/1418/3404 3408/1724/3408 3410/400/3410
f 3412/1419/3412 3410/400/3410 3413/403/3413
f 3416/302/3416 3415/301/3415 3414/284/3414
f 3418/288/3418 3417/287/3417 3415/301/3415
f 3420/286/3420 3419/290/3419 3417/287/3417
f 3420/286/3420 3423/303/3423 3421/289/3421
f 3423/303/3423 3425/1714/3425 3424/293/3424
f 3426/294/3426 3425/1714/3425 3423/303/3423
f 3428/296/3428 3423/303/3423 3420/286/3420
f 3430/298/3430 3429/297/3429 3420/286/3420
f 3431/299/3431 3430/298/3430 3418/288/3418
f 3432/300/3432 3431/299/3431 3416/302/3416
f 3437/431/3437 3436/411/3436 3434/409/3434
f 3437/431/3437 3440/1421/3440 3438/410/3438
f 3440/1421/3440 3441/1725/3441 3439/1422/3439
f 3442/415/3442 3441/1725/3441 3440/1421/3440
f 3445/418/3445 3444/417/3444 3440/1421/3440
f 3446/419/3446 3445/418/3445 3437/431/3437
f 3447/420/3447 3446/419/3446 3435/1420/3435
f 3448/424/3448 3447/420/3447 3435/1420/3435
f 3451/428/3451 3452/396/3452 3450/1424/3450
f 3449/393/3449 3450/1424/3450 3453/1423/3453
f 3452/396/3452 3455/642/3455 3453/1423/3453
f 3455/642/3455 3457/1724/3457 3453/1423/3453
f 3453/1423/3453 3461/1425/3461 3458/399/3458
f 3453/1423/3453 3457/1724/3457 3459/400/3459
f 3461/1425/3461 3459/400/3459 3462/403/3462
f 3466/405/3466 3465/409/3465 3464/406/3464
f 3469/572/3469 3467/411/3467 3465/409/3465
f 3469/572/3469 3471/1747/3471 3470/652/3470
f 3472/534/3472 3471/1747/3471 3469/572/3469
f 3475/419/3475 3474/418/3474 3469/572/3469
f 3476/420/3476 3475/419/3475 3466/405/3466
f 3477/424/3477 3476/420/3476 3463/1332/3463
f 3481/405/3481 3480/409/3480 3479/1429/3479
f 3484/1426/3484 3482/411/3482 3480/409/3480
f 3484/1426/3484 3486/1097/3486 3485/1427/3485
f 3487/1428/3487 3486/1097/3486 3484/1426/3484
f 3490/419/3490 3489/418/3489 3484/1426/3484
f 3491/420/3491 3490/419/3490 3481/405/3481
f 3492/424/3492 3491/420/3491 3479/1429/3479
f 3493/393/3493 3496/1432/3496 3497/1433/3497
f 3496/1432/3496 3499/642/3499 3497/1433/3497
f 3499/642/3499 3501/1724/3501 3497/1433/3497
f 3497/1433/3497 3505/1434/3505 3502/399/3502
f 3497/1433/3497 3501/1724/3501 3503/400/3503
f 3505/1434/3505 3503/400/3503 3506/403/3506
f 3510/405/3510 3509/409/3509 3508/406/3508
f 3513/1435/3513 3511/411/3511 3509/409/3509
f 3513/1435/3513 3516/1436/3516 3514/412/3514
f 3517/1336/3517 3516/1436/3516 3513/1435/3513
f 3520/419/3520 3519/418/3519 3513/1435/3513
f 3521/420/3521 3520/419/3520 3510/405/3510
f 3522/424/3522 3521/420/3521 3507/591/3507
f 3530/887/3530 3525/1439/3525 3524/542/3524
f 3531/1438/3531 3538/1441/3538 3525/1439/3525
f 3534/1440/3534 3527/1446/3527 3538/1441/3538
f 3528/1442/3528 3532/553/3532 3531/1438/3531
f 3528/1442/3528 3531/1438/3531 3530/887/3530
f 3526/229/3526 3530/887/3530 3533/1437/3533
f 3539/541/3539 3523/543/3523 3524/542/3524
f 3524/542/3524 3525/1439/3525 3537/1445/3537
f 3529/1443/3529 3536/1444/3536 3537/1445/3537
f 3535/1728/3535 3536/1444/3536 3529/1443/3529
f 3537/1445/3537 3538/1441/3538 3528/1442/3528
f 3535/1728/3535 3539/541/3539 3536/1444/3536
f 3545/1447/3545 3543/411/3543 3542/409/3542
f 3545/1447/3545 3547/1742/3547 3546/1449/3546
f 3548/1450/3548 3547/1742/3547 3545/1447/3545
f 3551/419/3551 3550/418/3550 3545/1447/3545
f 3552/420/3552 3551/419/3551 3541/1448/3541
f 3553/424/3553 3552/420/3552 3540/1332/3540
f 3621/825/3621 3562/987/3562 3559/1499/3559
f 3614/1490/3614 3554/1483/3554 3583/1517/3583
f 3566/1462/3566 3565/1464/3565 3632/1495/3632
f 3573/1466/3573 3572/1474/3572 3579/1467/3579
f 3577/1511/3577 3568/1510/3568 3576/1453/3576
f 3571/1461/3571 3570/1519/3570 3624/1496/3624
f 3649/94/3649 3582/1472/3582 3581/816/3581
f 3640/1452/3640 3577/1511/3577 3576/1453/3576
f 3618/1457/3618 3617/1482/3617 3555/1458/3555
f 3620/70/3620 3618/1457/3618 3556/1459/3556
f 3562/987/3562 3628/1479/3628 3560/1454/3560
f 3566/1462/3566 3634/1481/3634 3633/1463/3633
f 3639/808/3639 3637/1516/3637 3575/1465/3575
f 3574/957/3574 3571/1461/3571 3624/1496/3624
f 3594/1493/3594 3564/1492/3564 3563/1501/3563
f 3562/987/3562 3575/1465/3575 3559/1499/3559
f 3590/972/3590 3584/1486/3584 3585/1749/3585
f 3586/823/3586 3590/972/3590 3585/1749/3585
f 3648/696/3648 3647/738/3647 3581/816/3581
f 3647/738/3647 3645/1473/3645 3573/1466/3573
f 3645/1473/3645 3642/43/3642 3578/970/3578
f 3642/43/3642 3641/50/3641 3569/1475/3569
f 3568/1510/3568 3569/1475/3569 3567/1480/3567
f 3575/1465/3575 3560/1454/3560 3629/1456/3629
f 3621/825/3621 3619/1476/3619 3587/1477/3587
f 3621/825/3621 3559/1499/3559 3558/1478/3558
f 3567/1480/3567 3636/851/3636 3634/1481/3634
f 3564/1492/3564 3631/995/3631 3630/1500/3630
f 3558/1478/3558 3622/1498/3622 3620/70/3620
f 3617/1482/3617 3615/1750/3615 3554/1483/3554
f 3560/1454/3560 3625/1497/3625 3627/1455/3627
f 3579/1467/3579 3578/970/3578 3643/87/3643
f 3581/816/3581 3580/1468/3580 3646/1451/3646
f 3635/1487/3635 3632/1495/3632 3634/1481/3634
f 3635/1487/3635 3596/1488/3596 3597/984/3597
f 3608/1502/3608 3591/1469/3591 3589/1471/3589
f 3614/1490/3614 3583/1517/3583 3584/1486/3584
f 3619/1476/3619 3557/954/3557 3561/1491/3561
f 3632/1495/3632 3565/1464/3565 3564/1492/3564
f 3581/816/3581 3573/1466/3573 3580/1468/3580
f 3560/1454/3560 3574/957/3574 3625/1497/3625
f 3555/1458/3555 3554/1483/3554 3614/1490/3614
f 3624/1496/3624 3570/1519/3570 3623/1518/3623
f 3580/1468/3580 3579/1467/3579 3644/1484/3644
f 3575/1465/3575 3637/1516/3637 3622/1498/3622
f 3565/1464/3565 3633/1463/3633 3631/995/3631
f 3569/1475/3569 3641/50/3641 3636/851/3636
f 3578/970/3578 3569/1475/3569 3577/1511/3577
f 3577/1511/3577 3569/1475/3569 3568/1510/3568
f 3635/1487/3635 3567/1480/3567 3566/1462/3566
f 3608/1502/3608 3589/1471/3589 3600/1503/3600
f 3592/1505/3592 3609/1504/3609 3600/1503/3600
f 3612/1509/3612 3602/1512/3602 3603/859/3603
f 3563/1501/3563 3593/1751/3593 3594/1493/3594
f 3646/1451/3646 3612/1509/3612 3613/95/3613
f 3635/1487/3635 3568/1510/3568 3567/1480/3567
f 3561/1491/3561 3555/1458/3555 3590/972/3590
f 3619/1476/3619 3558/1478/3558 3557/954/3557
f 3575/1465/3575 3562/987/3562 3560/1454/3560
f 3608/1502/3608 3599/1010/3599 3591/1469/3591
f 3568/1510/3568 3635/1487/3635 3639/808/3639
f 3560/1454/3560 3628/1479/3628 3626/1460/3626
f 3576/1453/3576 3575/1465/3575 3629/1456/3629
f 3643/87/3643 3578/970/3578 3577/1511/3577
f 3644/1484/3644 3611/1508/3611 3612/1509/3612
f 3611/1508/3611 3601/1507/3601 3602/1512/3602
f 3624/1496/3624 3605/1515/3605 3606/862/3606
f 3627/1455/3627 3625/1497/3625 3606/862/3606
f 3627/1455/3627 3599/1010/3599 3608/1502/3608
f 3629/1456/3629 3608/1502/3608 3609/1504/3609
f 3638/947/3638 3609/1504/3609 3592/1505/3592
f 3640/1452/3640 3598/1489/3598 3610/1506/3610
f 3643/87/3643 3610/1506/3610 3611/1508/3611
f 3588/1470/3588 3587/1477/3587 3622/1498/3622
f 3607/1513/3607 3626/1460/3626 3628/1479/3628
f 3595/1494/3595 3594/1493/3594 3631/995/3631
f 3633/1463/3633 3595/1494/3595 3631/995/3631
f 3597/984/3597 3600/1503/3600 3639/808/3639
f 3605/1515/3605 3570/1519/3570 3571/1461/3571
f 3589/1471/3589 3588/1470/3588 3622/1498/3622
f 3589/1471/3589 3637/1516/3637 3639/808/3639
f 3598/1489/3598 3596/1488/3596 3636/851/3636
f 3585/1749/3585 3584/1486/3584 3617/1482/3617
f 3583/1517/3583 3615/1750/3615 3617/1482/3617
f 3587/1477/3587 3586/823/3586 3620/70/3620
f 3605/1515/3605 3604/1514/3604 3623/1518/3623
f 3594/1493/3594 3593/1751/3593 3630/1500/3630
f 3603/859/3603 3602/1512/3602 3647/738/3647
f 3599/1010/3599 3628/1479/3628 3591/1469/3591
f 3602/1512/3602 3645/1473/3645 3647/738/3647
f 3605/1515/3605 3571/1461/3571 3626/1460/3626
f 3586/823/3586 3585/1749/3585 3618/1457/3618
f 3585/1749/3585 3617/1482/3617 3618/1457/3618
f 3610/1506/3610 3642/43/3642 3645/1473/3645
f 3610/1506/3610 3598/1489/3598 3641/50/3641
f 3666/768/3666 3667/1521/3667 3653/678/3653
f 3668/1520/3668 3655/1523/3655 3653/678/3653
f 3670/1524/3670 3657/1526/3657 3655/1523/3655
f 3671/1525/3671 3664/1528/3664 3660/22/3660
f 3661/1532/3661 3665/1530/3665 3663/1534/3663
f 3658/1529/3658 3664/1528/3664 3670/1524/3670
f 3658/1529/3658 3670/1524/3670 3665/1530/3665
f 3654/1533/3654 3661/1532/3661 3663/1534/3663
f 3654/1533/3654 3668/1520/3668 3667/1521/3667
f 3652/764/3652 3667/1521/3667 3662/766/3662
f 3664/1528/3664 3671/1525/3671 3670/1524/3670
f 3668/1520/3668 3663/1534/3663 3669/1522/3669
f 3651/675/3651 3653/678/3653 3676/1535/3676
f 3653/678/3653 3655/1523/3655 3677/1536/3677
f 3678/1537/3678 3655/1523/3655 3657/1526/3657
f 3680/1539/3680 3657/1526/3657 3660/22/3660
f 3673/1541/3673 3674/1540/3674 3661/1532/3661
f 3679/1538/3679 3680/1539/3680 3659/1527/3659
f 3674/1540/3674 3679/1538/3679 3658/1529/3658
f 3676/1535/3676 3673/1541/3673 3654/1533/3654
f 3650/722/3650 3672/766/3672 3676/1535/3676
f 3677/1536/3677 3678/1537/3678 3674/1540/3674
f 3676/1535/3676 3677/1536/3677 3673/1541/3673
f 3694/1542/3694 3683/678/3683 3682/675/3682
f 3695/1544/3695 3685/1545/3685 3683/678/3683
f 3697/1546/3697 3686/1548/3686 3685/1545/3685
f 3698/1547/3698 3692/1752/3692 3689/1549/3689
f 3690/1552/3690 3696/17/3696 3691/1554/3691
f 3688/1550/3688 3692/1752/3692 3698/1547/3698
f 3688/1550/3688 3698/1547/3698 3697/1546/3697
f 3687/1551/3687 3697/1546/3697 3696/17/3696
f 3684/1553/3684 3690/1552/3690 3691/1554/3691
f 3684/1553/3684 3691/1554/3691 3694/1542/3694
f 3684/1553/3684 3694/1542/3694 3693/1543/3693
f 3691/1554/3691 3695/1544/3695 3694/1542/3694
f 3682/675/3682 3683/678/3683 3702/1555/3702
f 3683/678/3683 3685/1545/3685 3703/1557/3703
f 3685/1545/3685 3686/1548/3686 3705/1558/3705
f 3705/1558/3705 3686/1548/3686 3689/1549/3689
f 3699/1560/3699 3704/137/3704 3690/1552/3690
f 3700/1559/3700 3689/1549/3689 3688/1550/3688
f 3704/137/3704 3700/1559/3700 3687/1551/3687
f 3702/1555/3702 3699/1560/3699 3684/1553/3684
f 3701/1556/3701 3702/1555/3702 3684/1553/3684
f 3700/1559/3700 3705/1558/3705 3689/1549/3689
f 3704/137/3704 3705/1558/3705 3700/1559/3700
f 3702/1555/3702 3703/1557/3703 3699/1560/3699
f 3706/393/3706 3709/445/3709 3710/1561/3710
f 3709/445/3709 3712/642/3712 3710/1561/3710
f 3712/642/3712 3714/1724/3714 3710/1561/3710
f 3710/1561/3710 3715/401/3715 3716/399/3716
f 3710/1561/3710 3714/1724/3714 3717/400/3717
f 3715/401/3715 3718/404/3718 3719/402/3719
f 3715/401/3715 3717/400/3717 3720/403/3720
f 3724/1563/3724 3722/406/3722 3721/1564/3721
f 3724/1563/3724 3723/409/3723 3722/406/3722
f 3727/1562/3727 3725/411/3725 3723/409/3723
f 3727/1562/3727 3730/413/3730 3728/412/3728
f 3732/416/3732 3730/413/3730 3727/1562/3727
f 3735/419/3735 3734/418/3734 3727/1562/3727
f 3736/420/3736 3735/419/3735 3724/1563/3724
f 3736/420/3736 3724/1563/3724 3721/1564/3721
f 3742/449/3742 3741/450/3741 3738/1565/3738
f 3742/449/3742 3744/451/3744 3743/308/3743
f 3744/451/3744 3746/1715/3746 3745/307/3745
f 3747/309/3747 3746/1715/3746 3744/451/3744
f 3748/310/3748 3744/451/3744 3742/449/3742
f 3749/311/3749 3742/449/3742 3740/306/3740
f 3751/313/3751 3750/312/3750 3740/306/3740
f 3752/315/3752 3751/313/3751 3739/1102/3739
f 3769/1107/3769 3755/301/3755 3753/284/3753
f 3758/1566/3758 3756/287/3756 3755/301/3755
f 3758/1566/3758 3761/1567/3761 3759/289/3759
f 3761/1567/3761 3763/1714/3763 3762/293/3762
f 3764/294/3764 3763/1714/3763 3761/1567/3761
f 3766/296/3766 3761/1567/3761 3758/1566/3758
f 3769/1107/3769 3768/298/3768 3758/1566/3758
f 3771/393/3771 3774/1112/3774 3775/1569/3775
f 3774/1112/3774 3777/642/3777 3775/1569/3775
f 3777/642/3777 3779/1724/3779 3775/1569/3775
f 3775/1569/3775 3780/401/3780 3781/399/3781
f 3775/1569/3775 3779/1724/3779 3782/400/3782
f 3780/401/3780 3783/404/3783 3784/402/3784
f 3780/401/3780 3782/400/3782 3785/403/3785
f 3789/1117/3789 3788/380/3788 3787/1118/3787
f 3791/1120/3791 3790/383/3790 3788/380/3788
f 3791/1120/3791 3794/1121/3794 3792/382/3792
f 3794/1121/3794 3796/1723/3796 3795/386/3795
f 3797/387/3797 3796/1723/3796 3794/1121/3794
f 3799/389/3799 3794/1121/3794 3791/1120/3791
f 3801/390/3801 3800/1122/3800 3791/1120/3791
f 3802/1123/3802 3801/390/3801 3789/1117/3789
f 3803/391/3803 3802/1123/3802 3786/1570/3786
f 3807/306/3807 3806/305/3806 3805/1127/3805
f 3807/306/3807 3810/1571/3810 3808/450/3808
f 3810/1571/3810 3812/1715/3812 3811/307/3811
f 3813/309/3813 3812/1715/3812 3810/1571/3810
f 3815/311/3815 3810/1571/3810 3807/306/3807
f 3817/313/3817 3816/312/3816 3807/306/3807
f 3818/315/3818 3817/313/3817 3805/1127/3805
f 3843/1573/3843 3821/495/3821 3819/461/3819
f 3848/1576/3848 3825/1726/3825 3823/467/3823
f 3848/1576/3848 3827/469/3827 3825/1726/3825
f 3848/1576/3848 3849/1577/3849 3830/468/3830
f 3849/1577/3849 3850/1581/3850 3832/472/3832
f 3845/1578/3845 3834/474/3834 3844/1149/3844
f 3845/1578/3845 3835/477/3835 3834/474/3834
f 3846/476/3846 3837/479/3837 3835/477/3835
f 3846/476/3846 3841/1580/3841 3839/478/3839
f 3840/482/3840 3841/1580/3841 3846/476/3846
f 3838/483/3838 3846/476/3846 3845/1578/3845
f 3833/485/3833 3836/484/3836 3845/1578/3845
f 3833/485/3833 3845/1578/3845 3844/1149/3844
f 3847/1134/3847 3823/467/3823 3844/1149/3844
f 3822/486/3822 3847/1134/3847 3852/1575/3852
f 3826/492/3826 3828/491/3828 3849/1577/3849
f 3824/493/3824 3826/492/3826 3848/1576/3848
f 3824/493/3824 3848/1576/3848 3847/1134/3847
f 3843/1573/3843 3852/1575/3852 3851/464/3851
f 3856/405/3856 3855/409/3855 3854/1584/3854
f 3856/405/3856 3859/1582/3859 3857/411/3857
f 3859/1582/3859 3861/439/3861 3860/1583/3860
f 3862/422/3862 3861/439/3861 3859/1582/3859
f 3865/419/3865 3864/418/3864 3859/1582/3859
f 3866/420/3866 3865/419/3865 3856/405/3856
f 3867/424/3867 3866/420/3866 3854/1584/3854
f 3868/393/3868 3871/1587/3871 3872/1588/3872
f 3871/1587/3871 3874/642/3874 3872/1588/3872
f 3874/642/3874 3876/1724/3876 3872/1588/3872
f 3872/1588/3872 3877/401/3877 3878/399/3878
f 3872/1588/3872 3876/1724/3876 3879/400/3879
f 3877/401/3877 3880/404/3880 3881/402/3881
f 3877/401/3877 3879/400/3879 3882/403/3882
f 3886/405/3886 3885/409/3885 3884/1591/3884
f 3889/1589/3889 3887/411/3887 3885/409/3885
f 3889/1589/3889 3891/1747/3891 3890/1590/3890
f 3892/422/3892 3891/1747/3891 3889/1589/3889
f 3895/419/3895 3894/418/3894 3889/1589/3889
f 3896/420/3896 3895/419/3895 3886/405/3886
f 3897/424/3897 3896/420/3896 3884/1591/3884
f 3901/405/3901 3900/409/3900 3899/1263/3899
f 3901/405/3901 3904/1592/3904 3902/411/3902
f 3904/1592/3904 3906/1747/3906 3905/1412/3905
f 3907/1593/3907 3906/1747/3906 3904/1592/3904
f 3910/419/3910 3909/418/3909 3904/1592/3904
f 3911/420/3911 3910/419/3910 3901/405/3901
f 3912/424/3912 3911/420/3911 3899/1263/3899
f 3967/1595/3967 3916/1598/3916 3914/1596/3914
f 3968/146/3968 3918/1600/3918 3916/1598/3916
f 3960/1601/3960 3922/43/3922 3918/1600/3918
f 3971/1602/3971 3923/1606/3923 3922/43/3922
f 3972/1603/3972 3970/200/3970 3926/198/3926
f 3981/1604/3981 3928/1618/3928 3926/198/3926
f 3971/1602/3971 3973/1605/3973 3923/1606/3923
f 3973/1605/3973 3974/1607/3974 3930/54/3930
f 3975/1609/3975 3933/1610/3933 3932/1608/3932
f 3975/1609/3975 3936/908/3936 3935/206/3935
f 3976/911/3976 3980/1612/3980 3938/209/3938
f 3963/1611/3963 3940/1439/3940 3938/209/3938
f 3965/1614/3965 3943/1616/3943 3940/1439/3940
f 3981/1604/3981 3982/1619/3982 3946/1617/3946
f 3982/1619/3982 3983/1620/3983 3948/219/3948
f 3983/1620/3983 3949/222/3949 3948/219/3948
f 3983/1620/3983 3984/1621/3984 3950/221/3950
f 3984/1621/3984 3985/1623/3985 3952/1622/3952
f 3985/1623/3985 3979/1639/3979 3955/226/3955
f 3944/1624/3944 3966/1615/3966 3965/1614/3965
f 3942/228/3942 3965/1614/3965 3964/1613/3964
f 3941/1625/3941 3964/1613/3964 3963/1611/3963
f 3941/1625/3941 3963/1611/3963 3980/1612/3980
f 3937/1626/3937 3970/200/3970 3962/1627/3962
f 3924/1629/3924 3927/1628/3927 3962/1627/3962
f 3924/1629/3924 3961/1630/3961 3960/1601/3960
f 3921/87/3921 3960/1601/3960 3959/1631/3959
f 3919/276/3919 3920/1632/3920 3959/1631/3959
f 3917/1634/3917 3919/276/3919 3958/1633/3958
f 3913/1636/3913 3915/94/3915 3957/1635/3957
f 3961/1630/3961 3962/1627/3962 3970/200/3970
f 3961/1630/3961 3971/1602/3971 3960/1601/3960
f 3958/1633/3958 3959/1631/3959 3969/1599/3969
f 3958/1633/3958 3969/1599/3969 3968/146/3968
f 3958/1633/3958 3968/146/3968 3967/1595/3967
f 3957/1635/3957 3967/1595/3967 3956/1597/3956
f 3934/1637/3934 3975/1609/3975 3974/1607/3974
f 3931/279/3931 3934/1637/3934 3974/1607/3974
f 3929/1638/3929 3931/279/3931 3974/1607/3974
f 3929/1638/3929 3973/1605/3973 3972/1603/3972
f 3970/200/3970 3980/1612/3980 3976/911/3976
f 3954/243/3954 4018/1663/4018 3979/1639/3979
f 3953/1640/3953 3954/243/3954 3985/1623/3985
f 3953/1640/3953 3984/1621/3984 3978/246/3978
f 3947/249/3947 4011/1642/4011 3978/246/3978
f 3945/1643/3945 3947/249/3947 3982/1619/3982
f 3945/1643/3945 3977/1644/3977 3976/911/3976
f 3998/1645/3998 3914/1596/3914 3916/1598/3916
f 3999/1646/3999 3916/1598/3916 3918/1600/3918
f 3918/1600/3918 3922/43/3922 3990/1649/3990
f 3922/43/3922 3923/1606/3923 4003/1650/4003
f 4004/1651/4004 3925/46/3925 3926/198/3926
f 3926/198/3926 3928/1618/3928 4014/1653/4014
f 4005/1654/4005 3923/1606/3923 3930/54/3930
f 4006/1255/4006 3930/54/3930 3932/1608/3932
f 3932/1608/3932 3933/1610/3933 4007/1655/4007
f 4007/1655/4007 3933/1610/3933 3935/206/3935
f 3938/209/3938 3940/1439/3940 3995/1658/3995
f 3940/1439/3940 3943/1616/3943 3997/1659/3997
f 4015/1660/4015 3928/1618/3928 3946/1617/3946
f 4016/1661/4016 3946/1617/3946 3948/219/3948
f 3948/219/3948 3949/222/3949 4017/1662/4017
f 4017/1662/4017 3949/222/3949 3950/221/3950
f 3997/1659/3997 4002/933/4002 3944/1624/3944
f 3996/931/3996 3997/1659/3997 3942/228/3942
f 3995/1658/3995 3996/931/3996 3941/1625/3941
f 3939/80/3939 3994/264/3994 3995/1658/3995
f 3993/1664/3993 3994/264/3994 3939/80/3939
f 3992/1665/3992 3993/1664/3993 3937/1626/3937
f 3924/1629/3924 3991/1669/3991 3992/1665/3992
f 3990/1649/3990 3991/1669/3991 3924/1629/3924
f 3989/1648/3989 3990/1649/3990 3921/87/3921
f 3988/1666/3988 3989/1648/3989 3920/1632/3920
f 3987/1667/3987 3988/1666/3988 3917/1634/3917
f 3986/1668/3986 3987/1667/3987 3915/94/3915
f 3993/1664/3993 4009/1657/4009 3994/264/3994
f 4001/1652/4001 4014/1653/4014 3993/1664/3993
f 3991/1669/3991 4004/1651/4004 4001/1652/4001
f 3990/1649/3990 4003/1650/4003 3991/1669/3991
f 3999/1646/3999 4000/1647/4000 3988/1666/3988
f 3998/1645/3998 3999/1646/3999 3987/1667/3987
f 3991/1669/3991 4003/1650/4003 4004/1651/4004
f 4007/1655/4007 4008/1656/4008 3936/908/3936
f 4006/1255/4006 4007/1655/4007 3934/1637/3934
f 3929/1638/3929 4005/1654/4005 4006/1255/4006
f 4004/1651/4004 4005/1654/4005 3929/1638/3929
f 4014/1653/4014 4009/1657/4009 3993/1664/3993
f 3954/243/3954 4013/1670/4013 4018/1663/4018
f 4012/1671/4012 4013/1670/4013 3953/1640/3953
f 4011/1642/4011 4012/1671/4012 3951/1641/3951
f 3947/249/3947 4010/1672/4010 4011/1642/4011
f 3945/1643/3945 4015/1660/4015 4010/1672/4010
f 4009/1657/4009 4015/1660/4015 3945/1643/3945
f 4013/1670/4013 3952/1622/3952 4018/1663/4018
f 4012/1671/4012 4017/1662/4017 3952/1622/3952
f 4010/1672/4010 4016/1661/4016 4017/1662/4017
f 4009/1657/4009 4014/1653/4014 4015/1660/4015
f 4021/428/4021 4022/396/4022 4020/1674/4020
f 4019/393/4019 4020/1674/4020 4023/1673/4023
f 4022/396/4022 4025/642/4025 4023/1673/4023
f 4025/642/4025 4027/1724/4027 4023/1673/4023
f 4023/1673/4023 4028/401/4028 4029/399/4029
f 4023/1673/4023 4027/1724/4027 4030/400/4030
f 4028/401/4028 4031/404/4031 4032/402/4032
f 4028/401/4028 4030/400/4030 4033/403/4033
f 4037/405/4037 4036/409/4036 4035/406/4035
f 4040/1675/4040 4038/411/4038 4036/409/4036
f 4040/1675/4040 4043/531/4043 4041/412/4041
f 4045/416/4045 4043/531/4043 4040/1675/4040
f 4048/419/4048 4047/418/4047 4040/1675/4040
f 4049/420/4049 4048/419/4048 4037/405/4037
f 4050/424/4050 4049/420/4049 4034/430/4034
f 4054/405/4054 4053/409/4053 4052/1678/4052
f 4057/1676/4057 4055/411/4055 4053/409/4053
f 4057/1676/4057 4060/439/4060 4058/412/4058
f 4061/1677/4061 4060/439/4060 4057/1676/4057
f 4064/419/4064 4063/418/4063 4057/1676/4057
f 4065/420/4065 4064/419/4064 4054/405/4054
f 4066/424/4066 4065/420/4065 4052/1678/4052
f 4067/393/4067 4070/588/4070 4071/1679/4071
f 4070/588/4070 4073/642/4073 4071/1679/4071
f 4073/642/4073 4075/1724/4075 4071/1679/4071
f 4071/1679/4071 4076/401/4076 4077/399/4077
f 4071/1679/4071 4075/1724/4075 4078/400/4078
f 4076/401/4076 4079/404/4079 4080/402/4080
f 4076/401/4076 4078/400/4078 4081/403/4081
f 4085/405/4085 4084/409/4084 4083/406/4083
f 4087/431/4087 4086/411/4086 4084/409/4084
f 4087/431/4087 4089/432/4089 4088/410/4088
f 4089/432/4089 4092/457/4092 4090/412/4090
f 4094/416/4094 4092/457/4092 4089/432/4089
f 4095/417/4095 4089/432/4089 4087/431/4087
f 4097/419/4097 4096/418/4096 4087/431/4087
f 4098/420/4098 4097/419/4097 4085/405/4085
f 4099/424/4099 4098/420/4098 4082/1332/4082
f 4103/405/4103 4102/409/4102 4101/406/4101
f 4106/1680/4106 4104/411/4104 4102/409/4102
f 4106/1680/4106 4109/657/4109 4107/412/4107
f 4110/1681/4110 4109/657/4109 4106/1680/4106
f 4113/419/4113 4112/418/4112 4106/1680/4106
f 4114/420/4114 4113/419/4113 4103/405/4103
f 4115/424/4115 4114/420/4114 4100/594/4100
f 4120/1682/4120 4118/409/4118 4117/406/4117
f 4120/1682/4120 4123/1684/4123 4121/410/4121
f 4123/1684/4123 4125/1725/4125 4124/414/4124
f 4126/415/4126 4125/1725/4125 4123/1684/4123
f 4128/417/4128 4123/1684/4123 4120/1682/4120
f 4130/419/4130 4129/418/4129 4120/1682/4120
f 4131/420/4131 4130/419/4130 4120/1682/4120
f 4132/424/4132 4131/420/4131 4116/1683/4116
f 4133/393/4133 4136/1686/4136 4137/1687/4137
f 4136/1686/4136 4139/642/4139 4137/1687/4137
f 4139/642/4139 4141/1724/4141 4137/1687/4137
f 4137/1687/4137 4142/401/4142 4143/399/4143
f 4137/1687/4137 4141/1724/4141 4144/400/4144
f 4142/401/4142 4145/404/4145 4146/402/4146
f 4142/401/4142 4144/400/4144 4147/403/4147
f 4152/449/4152 4151/450/4151 4148/1688/4148
f 4152/449/4152 4154/451/4154 4153/308/4153
f 4154/451/4154 4156/1715/4156 4155/307/4155
f 4157/309/4157 4156/1715/4156 4154/451/4154
f 4158/310/4158 4154/451/4154 4152/449/4152
f 4159/311/4159 4152/449/4152 4150/306/4150
f 4161/313/4161 4160/312/4160 4150/306/4150
f 4162/315/4162 4161/313/4161 4149/1689/4149
f 4166/405/4166 4165/409/4165 4164/406/4164
f 4169/1690/4169 4167/411/4167 4165/409/4165
f 4169/1690/4169 4172/573/4172 4170/412/4170
f 4174/416/4174 4172/573/4172 4169/1690/4169
f 4177/419/4177 4176/418/4176 4169/1690/4169
f 4178/420/4178 4177/419/4177 4166/405/4166
f 4179/424/4179 4178/420/4178 4163/591/4163
f 4184/1691/4184 4182/406/4182 4180/454/4180
f 4184/1691/4184 4183/409/4183 4182/406/4182
f 4187/438/4187 4185/411/4185 4183/409/4183
f 4187/438/4187 4190/413/4190 4188/412/4188
f 4192/416/4192 4190/413/4190 4187/438/4187
f 4195/419/4195 4194/418/4194 4187/438/4187
f 4196/420/4196 4195/419/4195 4184/1691/4184
f 4197/424/4197 4196/420/4196 4184/1691/4184
f 4201/1693/4201 4199/406/4199 4198/498/4198
f 4201/1693/4201 4200/409/4200 4199/406/4199
f 4204/1692/4204 4202/411/4202 4200/409/4200
f 4204/1692/4204 4207/413/4207 4205/412/4205
f 4209/416/4209 4207/413/4207 4204/1692/4204
f 4211/418/4211 4210/417/4210 4204/1692/4204
f 4212/419/4212 4211/418/4211 4204/1692/4204
f 4213/420/4213 4212/419/4212 4201/1693/4201
f 4214/424/4214 4213/420/4213 4201/1693/4201
f 4219/428/4217 4220/396/4218 4218/1695/4216
f 4217/393/4215 4218/1695/4216 4221/1694/4219
f 4220/396/4218 4223/642/4221 4221/1694/4219
f 4223/642/4221 4225/1724/4223 4221/1694/4219
f 4221/1694/4219 4226/401/4224 4227/399/4225
f 4221/1694/4219 4225/1724/4223 4228/400/4226
f 4226/401/4224 4229/404/4227 4230/402/4228
f 4226/401/4224 4228/400/4226 4231/403/4229
f 4235/405/4233 4234/409/4232 4233/406/4231
f 4238/1697/4236 4236/411/4234 4234/409/4232
f 4238/1697/4236 4241/433/4239 4239/412/4237
f 4242/1698/4240 4241/433/4239 4238/1697/4236
f 4245/419/4243 4244/418/4242 4238/1697/4236
f 4246/420/4244 4245/419/4243 4235/405/4233
f 4247/424/4245 4246/420/4244 4232/1696/4230
f 4251/405/4249 4250/409/4248 4249/1272/4247
f 4254/1699/4252 4252/411/4250 4250/409/4248
f 4254/1699/4252 4256/573/4254 4255/1700/4253
f 4257/1701/4255 4256/573/4254 4254/1699/4252
f 4260/419/4258 4259/418/4257 4254/1699/4252
f 4261/420/4259 4260/419/4258 4251/405/4249
f 4262/424/4260 4261/420/4259 4249/1272/4247
f 4263/393/4261 4266/1703/4264 4267/1704/4265
f 4266/1703/4264 4269/642/4267 4267/1704/4265
f 4269/642/4267 4271/1724/4269 4267/1704/4265
f 4267/1704/4265 4272/401/4270 4273/399/4271
f 4267/1704/4265 4271/1724/4269 4274/400/4272
f 4272/401/4270 4275/404/4273 4276/402/4274
f 4272/401/4270 4274/400/4272 4277/403/4275
f 4281/405/4279 4280/409/4278 4279/406/4277
f 4284/1095/4282 4282/411/4280 4280/409/4278
f 4284/1095/4282 4287/531/4285 4285/412/4283
f 4289/416/4287 4287/531/4285 4284/1095/4282
f 4292/419/4290 4291/418/4289 4284/1095/4282
f 4293/420/4291 4292/419/4290 4281/405/4279
f 4294/424/4292 4293/420/4291 4278/502/4276
f 4295/393/4293 4298/1706/4296 4299/1707/4297
f 4298/1706/4296 4301/642/4299 4299/1707/4297
f 4301/642/4299 4303/1724/4301 4299/1707/4297
f 4299/1707/4297 4304/401/4302 4305/399/4303
f 4299/1707/4297 4303/1724/4301 4306/400/4304
f 4304/401/4302 4307/404/4305 4308/402/4306
f 4304/401/4302 4306/400/4304 4309/403/4307
f 4313/405/4311 4312/409/4310 4311/406/4309
f 4316/456/4314 4314/411/4312 4312/409/4310
f 4316/456/4314 4319/413/4317 4317/412/4315
f 4320/1708/4318 4319/413/4317 4316/456/4314
f 4323/419/4321 4322/418/4320 4316/456/4314
f 4324/420/4322 4323/419/4321 4313/405/4311
f 4325/424/4323 4324/420/4322 4310/430/4308
f 4330/1709/4328 4328/406/4326 4326/454/4324
f 4330/1709/4328 4329/409/4327 4328/406/4326
f 4333/1710/4331 4331/411/4329 4329/409/4327
f 4333/1710/4331 4336/413/4334 4334/412/4332
f 4337/1711/4335 4336/413/4334 4333/1710/4331
f 4340/419/4338 4339/418/4337 4333/1710/4331
f 4341/420/4339 4340/419/4338 4330/1709/4328
f 4342/424/4340 4341/420/4339 4330/1709/4328
l 4216 4215
o shrub_04_d_LOD2.001
v 0.005468 0.002019 0.008746
v -0.000805 0.000957 0.008110
v -0.001895 0.002755 0.021999
v 0.000303 -0.001592 0.046884
v -0.005848 -0.001622 0.047893
v -0.011297 -0.001445 0.061933
v -0.008436 -0.001451 0.077697
v -0.013314 -0.002152 0.063120
v -0.008722 -0.001552 0.077683
v -0.000725 -0.000956 0.061144
v -0.006426 -0.002118 0.053580
v 0.005614 -0.001196 0.101779
v 0.000533 -0.001542 0.096585
v 0.004095 -0.000635 0.103447
v 0.001215 -0.010747 0.141495
v -0.001688 -0.002649 0.108636
v -0.003053 -0.010579 0.146041
v -0.000589 -0.014428 0.148185
v 0.006452 -0.011049 0.174744
v 0.002826 -0.011422 0.173942
v 0.017924 -0.006937 0.195465
v 0.015698 -0.009402 0.196444
v 0.027667 -0.016300 0.224702
v 0.027535 0.002466 0.202903
v 0.027884 0.002177 0.203882
v 0.033063 0.008904 0.211486
v 0.033254 0.008219 0.212407
v 0.025616 -0.020999 0.224868
v 0.027502 -0.030214 0.233740
v 0.027165 -0.031024 0.233014
v 0.028247 -0.030987 0.233268
v 0.027552 -0.036399 0.247623
v 0.026984 -0.018469 0.224896
v 0.042282 -0.013681 0.234692
v 0.044501 -0.014412 0.234497
v 0.042917 -0.015779 0.235216
v 0.050492 -0.016378 0.246830
v 0.002051 -0.002035 0.000761
v -0.001553 0.001422 0.039958
v -0.005690 -0.000229 0.052507
v 0.002248 0.000977 0.095576
v -0.000639 -0.003854 0.123450
v 0.016202 -0.007097 0.197767
v 0.000444 -0.010472 0.149511
v 0.025158 -0.017352 0.222943
v 0.027634 -0.035704 0.247818
v 0.001579 0.005013 0.016304
v -0.001083 0.000748 -0.000268
v -0.012710 -0.000347 0.062529
v -0.008538 -0.000976 0.077813
v 0.018729 -0.006757 0.198847
v 0.032935 0.008475 0.212590
v 0.024725 -0.018764 0.225237
v 0.049879 -0.017486 0.247664
v -0.000051 -0.003867 0.001612
v -0.001987 -0.002976 0.043349
v 0.004860 -0.013594 0.172265
v 0.018174 -0.009134 0.196406
v 0.025448 -0.018673 0.220879
v 0.028354 -0.035671 0.247805
v -0.004154 -0.002005 0.001013
v 0.005410 -0.000610 0.006779
v 0.003221 -0.002117 0.096531
v 0.000992 -0.004067 0.106674
v 0.001517 0.000464 0.016634
v 0.027902 0.001974 0.202965
v 0.035546 -0.015872 0.231849
v 0.028658 -0.018073 0.223954
v 0.036211 -0.015069 0.230680
v 0.050654 -0.017335 0.246878
v -0.001605 -0.008164 0.136204
v 0.000131 -0.021563 0.141235
v -0.002308 -0.022160 0.139036
v 0.001842 -0.031068 0.153942
v -0.002775 -0.048847 0.174963
v 0.006907 -0.031475 0.160943
v 0.013215 -0.038681 0.174985
v -0.018869 -0.062929 0.183880
v -0.020595 -0.067733 0.196890
v -0.005026 -0.050420 0.174999
v -0.005714 -0.044231 0.191521
v -0.004916 -0.045040 0.189868
v -0.008985 -0.048516 0.204530
v -0.002369 -0.020812 0.141690
v -0.000550 -0.031060 0.152045
v -0.018318 -0.061369 0.184211
v -0.021439 -0.067908 0.196729
v -0.000332 -0.010601 0.133815
v 0.000491 -0.032100 0.156221
v 0.006391 -0.032287 0.162128
v 0.012899 -0.039049 0.175231
v -0.005185 -0.048258 0.174498
v -0.005831 -0.046070 0.191784
v -0.006165 -0.049751 0.173129
v -0.009493 -0.048682 0.204467
v 0.001400 -0.033318 0.153899
v -0.004208 -0.050623 0.173367
v -0.017327 -0.062414 0.183671
v -0.021047 -0.068342 0.196604
v 0.000880 -0.009671 0.135334
v 0.006816 -0.032561 0.161147
v 0.013098 -0.039211 0.175062
v -0.009018 -0.048917 0.204506
v 0.036541 -0.011581 0.061738
v 0.040007 -0.013175 0.061338
v 0.046380 -0.014708 0.063462
v 0.053012 -0.016542 0.063194
v 0.059728 -0.018291 0.060788
v 0.064556 -0.020458 0.058036
v 0.068073 -0.026772 0.052687
v 0.069116 -0.025585 0.051844
v 0.061745 -0.028402 0.057428
v 0.055411 -0.028824 0.060352
v 0.049329 -0.027107 0.063107
v 0.042493 -0.021712 0.063278
v 0.038552 -0.015612 0.061227
v 0.035420 -0.013296 0.061664
v 0.033234 -0.011740 0.061202
v 0.035892 -0.011490 0.064056
v 0.033145 -0.010953 0.060122
v 0.039796 -0.012864 0.070053
v 0.042372 -0.011767 0.076599
v 0.044305 -0.009213 0.083608
v 0.045982 -0.005972 0.088691
v 0.049704 0.001931 0.092250
v 0.048473 0.001967 0.093669
v 0.052045 -0.000939 0.084633
v 0.052390 -0.002825 0.077556
v 0.050814 -0.005725 0.071121
v 0.044486 -0.008216 0.065017
v 0.037483 -0.009871 0.062199
v 0.034394 -0.010637 0.059494
v 0.029382 -0.008908 0.058602
v 0.033601 0.003809 0.069470
v 0.032925 -0.005898 0.058823
v 0.033223 0.008006 0.070559
v 0.036134 0.010933 0.068914
v 0.033926 0.010124 0.070783
v 0.034498 0.011673 0.069214
v 0.039073 0.008349 0.066734
v 0.040021 0.005113 0.062221
v 0.037805 0.000498 0.058580
v 0.029452 -0.007602 0.057569
v 0.021077 -0.011254 0.052896
v 0.022722 -0.013287 0.053861
v 0.027097 -0.016462 0.054697
v 0.030603 -0.020762 0.056032
v 0.032894 -0.025458 0.057446
v 0.033141 -0.030034 0.058889
v 0.028806 -0.022868 0.058357
v 0.030293 -0.035639 0.058827
v 0.029631 -0.036043 0.059667
v 0.025840 -0.025298 0.061811
v 0.024570 -0.020928 0.061288
v 0.022884 -0.016367 0.059280
v 0.021409 -0.013298 0.055449
v 0.020149 -0.011167 0.054053
v 0.021940 -0.016219 0.060311
v 0.022204 -0.019235 0.060698
v 0.024517 -0.024697 0.060875
v 0.025610 -0.030769 0.061733
v 0.025973 -0.036044 0.064213
v 0.024965 -0.039711 0.067741
v 0.022524 -0.031602 0.062175
v 0.021031 -0.044048 0.070651
v 0.020205 -0.043593 0.071534
v 0.017736 -0.032374 0.066282
v 0.018550 -0.023305 0.063886
v 0.020196 -0.018955 0.061687
v 0.020521 -0.015965 0.061067
v 0.016133 -0.028406 0.151396
v 0.015991 -0.031950 0.153140
v 0.015794 -0.036262 0.158775
v 0.016397 -0.042167 0.162660
v 0.017983 -0.049209 0.164930
v 0.018737 -0.055266 0.165641
v 0.016456 -0.063822 0.162919
v 0.018191 -0.064424 0.163091
v 0.011029 -0.057549 0.162301
v 0.007424 -0.051611 0.160408
v 0.005868 -0.044865 0.158822
v 0.008403 -0.037063 0.155187
v 0.013406 -0.032178 0.151788
v 0.014281 -0.028494 0.150384
v 0.014595 -0.027399 0.148410
v 0.014520 -0.027634 0.151359
v 0.015209 -0.028845 0.148004
v 0.012726 -0.027931 0.156569
v 0.012067 -0.026387 0.161693
v 0.012067 -0.023779 0.166914
v 0.013040 -0.021518 0.170965
v 0.018000 -0.019210 0.175559
v 0.017305 -0.017990 0.175792
v 0.018983 -0.024461 0.172009
v 0.019975 -0.028069 0.167906
v 0.019658 -0.030777 0.163155
v 0.018390 -0.030656 0.156352
v 0.016514 -0.028600 0.151203
v -0.013332 -0.000355 0.062269
v -0.017660 -0.005341 0.066670
v -0.019080 0.000715 0.065735
v -0.024084 -0.008573 0.070972
v -0.024799 0.003486 0.068354
v -0.030602 -0.008209 0.072111
v -0.030267 0.005229 0.069036
v -0.036799 -0.005383 0.071349
v -0.035836 0.004093 0.068924
v -0.040111 -0.001882 0.067835
v -0.040378 -0.000524 0.067183
v -0.012898 -0.001632 0.062395
v -0.026828 -0.003194 0.068971
v -0.001758 -0.001884 0.045510
v -0.005312 -0.013399 0.052029
v -0.008660 -0.020338 0.056376
v -0.012778 -0.024705 0.058500
v -0.021205 -0.025280 0.058650
v -0.019292 -0.026964 0.058405
v -0.020785 -0.026786 0.058277
v -0.019873 -0.018834 0.059012
v -0.017457 -0.013019 0.057110
v -0.013212 -0.007138 0.053491
v -0.006497 -0.003953 0.048365
v -0.003238 -0.001303 0.044930
v -0.010152 -0.000808 0.074812
v -0.012492 0.006571 0.087453
v -0.012489 0.009259 0.089809
v -0.010596 0.013944 0.092240
v -0.009639 0.013463 0.092032
v -0.007520 0.009862 0.090445
v -0.005639 0.006396 0.087995
v -0.005047 0.003735 0.084906
v -0.006253 0.000861 0.080639
v -0.008467 -0.000514 0.076971
v -0.009023 -0.001729 0.074872
v -0.008626 -0.000424 0.074679
v -0.006788 -0.003870 0.078384
v -0.001915 -0.010166 0.083985
v -0.000060 -0.015402 0.087060
v 0.000316 -0.019855 0.089050
v -0.005834 -0.018984 0.088212
v -0.000539 -0.024609 0.089744
v -0.002490 -0.026372 0.089205
v -0.005767 -0.025015 0.090454
v -0.009571 -0.021613 0.090737
v -0.013028 -0.017055 0.088753
v -0.013064 -0.011568 0.085128
v -0.010199 -0.003744 0.078472
v -0.010758 -0.000995 0.075141
v -0.011821 -0.000475 0.067081
v -0.010473 0.002255 0.070295
v -0.008656 0.007654 0.075339
v -0.004411 0.012491 0.079011
v -0.004593 0.006246 0.075847
v -0.000200 0.016013 0.077780
v 0.001536 0.015948 0.076720
v 0.002918 0.013354 0.076903
v 0.003211 0.009319 0.076802
v 0.001588 0.004052 0.077129
v -0.003152 0.000824 0.076298
v -0.009436 -0.000424 0.070542
v -0.010659 -0.001739 0.067571
v -0.009713 -0.001906 0.070291
v -0.010832 -0.003247 0.072729
v -0.010160 -0.000679 0.070215
v -0.014277 -0.010850 0.084384
v -0.016376 -0.013797 0.086387
v -0.017424 -0.008163 0.083360
v -0.021376 -0.017429 0.087775
v -0.022003 -0.016428 0.087501
v -0.021447 -0.010925 0.086528
v -0.020866 -0.006560 0.084281
v -0.019357 -0.003626 0.080778
v -0.015867 -0.001695 0.076273
v -0.012383 -0.001794 0.072520
v 0.000853 -0.001558 0.083492
v 0.003244 -0.004068 0.086584
v 0.009015 -0.008150 0.093018
v 0.012704 -0.013332 0.096563
v 0.013840 -0.017803 0.099441
v 0.008941 -0.017280 0.098368
v 0.012900 -0.024286 0.101206
v 0.011964 -0.024796 0.102374
v 0.007315 -0.020366 0.101744
v 0.003500 -0.016659 0.099959
v 0.000413 -0.011842 0.096160
v -0.000318 -0.007553 0.091890
v 0.000131 -0.004702 0.087052
v -0.000814 -0.002092 0.084070
v -0.021573 0.064876 0.192022
v -0.022397 0.065855 0.191968
v -0.025411 0.066559 0.196876
v -0.021271 0.063287 0.198870
v -0.021886 0.061693 0.204902
v -0.029181 0.068437 0.201237
v -0.024517 0.060988 0.209351
v -0.032632 0.068515 0.205261
v -0.028781 0.060880 0.212768
v -0.034500 0.066261 0.209660
v -0.033738 0.061027 0.212995
v -0.034869 0.061621 0.212716
v -0.021904 0.063236 0.187187
v -0.023778 0.067239 0.190587
v -0.027640 0.071758 0.195278
v -0.030662 0.077950 0.199245
v -0.030931 0.083513 0.201244
v -0.025759 0.083084 0.198868
v -0.028360 0.090927 0.200413
v -0.027431 0.092084 0.199996
v -0.026166 0.091651 0.200049
v -0.021210 0.086100 0.199734
v -0.019872 0.080540 0.197594
v -0.021442 0.068085 0.190218
v -0.020317 0.063840 0.187128
v -0.021219 0.060901 0.179531
v -0.018926 0.063710 0.183278
v -0.015925 0.069717 0.187006
v -0.011015 0.075250 0.188157
v -0.005824 0.077718 0.188294
v 0.002848 0.075632 0.187618
v 0.001583 0.077119 0.186409
v 0.002878 0.076463 0.186040
v -0.000384 0.069558 0.189517
v -0.004889 0.066338 0.189616
v -0.011173 0.063962 0.188633
v -0.017524 0.061768 0.183612
v -0.020259 0.059576 0.179749
v -0.025696 0.059349 0.181580
v -0.022757 0.054889 0.174945
v -0.022040 0.055869 0.173958
v -0.022232 0.063243 0.176521
v -0.027820 0.068272 0.180968
v -0.030357 0.065142 0.187015
v -0.023269 0.071267 0.176316
v -0.034857 0.070496 0.187414
v -0.026936 0.077316 0.175502
v -0.038680 0.076373 0.185235
v -0.032874 0.081022 0.176673
v -0.040547 0.079898 0.179893
v -0.040134 0.080798 0.178446
v -0.022476 0.051913 0.170614
v -0.018698 0.053375 0.176214
v -0.012203 0.056242 0.182615
v -0.006295 0.057197 0.190575
v -0.004088 0.056160 0.197574
v -0.010739 0.053492 0.197307
v -0.004992 0.050681 0.205768
v -0.005809 0.049512 0.207050
v -0.007464 0.049706 0.207007
v -0.015203 0.052309 0.202472
v -0.018739 0.053317 0.195738
v -0.021282 0.052385 0.177684
v -0.024218 0.051385 0.171716
v -0.026129 0.026530 0.151125
v -0.027196 0.026893 0.150145
v -0.028717 0.023142 0.157895
v -0.034063 0.023497 0.152431
v -0.026560 0.018880 0.163380
v -0.037326 0.016513 0.155584
v -0.026809 0.012759 0.165971
v -0.038815 0.010143 0.157289
v -0.028346 0.005976 0.166429
v -0.036892 0.004324 0.160090
v -0.030336 0.000955 0.163128
v -0.031464 0.000232 0.162138
v -0.036396 0.027183 0.161471
v -0.040552 0.028790 0.164572
v -0.046487 0.029439 0.168898
v -0.052954 0.031797 0.172438
v -0.057010 0.035534 0.174104
v -0.059044 0.044247 0.173577
v -0.060254 0.042399 0.172934
v -0.060384 0.043821 0.172473
v -0.051976 0.043917 0.172534
v -0.047176 0.040908 0.170733
v -0.039495 0.030959 0.164178
v -0.035705 0.028684 0.161388
v -0.032225 0.028104 0.157777
v -0.033678 0.027058 0.163232
v -0.033866 0.026408 0.170906
v -0.035133 0.023987 0.178544
v -0.037589 0.020719 0.182988
v -0.041950 0.014254 0.185062
v -0.042699 0.012932 0.184822
v -0.043660 0.013352 0.184044
v -0.045883 0.017177 0.177851
v -0.044396 0.020087 0.173038
v -0.040605 0.023457 0.168028
v -0.035538 0.025944 0.162091
v -0.033691 0.027424 0.157150
v -0.020651 0.040933 0.190618
v -0.026623 0.040588 0.184397
v -0.027539 0.039336 0.184745
v -0.025383 0.035115 0.192570
v -0.014094 0.040383 0.197465
v -0.024217 0.030091 0.197868
v -0.009971 0.036845 0.202058
v -0.021270 0.025394 0.202508
v -0.007208 0.031047 0.205842
v -0.015420 0.022973 0.205952
v -0.006995 0.024284 0.206090
v -0.007833 0.022713 0.206165
v -0.027882 0.031161 0.200984
v -0.026443 0.040648 0.190302
v -0.028584 0.029786 0.209710
v -0.029739 0.030384 0.214583
v -0.035448 0.031219 0.216755
v -0.031308 0.030794 0.216914
v -0.034159 0.029636 0.217411
v -0.037636 0.034074 0.213776
v -0.039640 0.035064 0.208561
v -0.037732 0.037245 0.201930
v -0.030229 0.039524 0.194549
v -0.027938 0.041284 0.190329
v -0.026945 0.039420 0.180303
v -0.029604 0.042031 0.184763
v -0.033452 0.044010 0.191363
v -0.038163 0.047690 0.197102
v -0.041357 0.052272 0.199717
v -0.038499 0.054836 0.195174
v -0.045015 0.059557 0.198637
v -0.045343 0.060981 0.197968
v -0.044167 0.061488 0.197416
v -0.037132 0.060367 0.194332
v -0.033270 0.056462 0.191116
v -0.028745 0.044149 0.183488
v -0.026306 0.040923 0.179620
v -0.026870 0.044689 0.200176
v -0.025836 0.049151 0.206747
v -0.025238 0.043293 0.200028
v -0.022586 0.054163 0.212392
v -0.018140 0.056857 0.215616
v -0.015403 0.052622 0.212554
v -0.010189 0.058621 0.216069
v -0.008625 0.058496 0.215791
v -0.008319 0.057159 0.215609
v -0.010406 0.050038 0.213554
v -0.013976 0.046662 0.210300
v -0.019402 0.044438 0.206083
v -0.028417 0.041566 0.196575
v 0.016629 -0.015661 0.067008
v 0.020568 -0.015234 0.060010
v 0.021899 -0.014666 0.060330
v 0.023256 -0.013299 0.068633
v 0.012698 -0.015396 0.074930
v 0.025323 -0.010747 0.074690
v 0.011613 -0.012787 0.080926
v 0.025689 -0.007627 0.080650
v 0.012442 -0.008555 0.086371
v 0.022532 -0.004928 0.085926
v 0.015146 -0.003184 0.088279
v 0.016500 -0.002241 0.088468
v 0.013519 -0.008954 0.048443
v 0.013897 -0.007414 0.052842
v 0.018471 0.000572 0.067182
v 0.015645 -0.008259 0.052447
v 0.019841 -0.000281 0.064203
v 0.020054 0.001044 0.066176
v 0.023808 0.000117 0.066622
v 0.021452 0.003991 0.068982
v 0.028997 -0.000353 0.067807
v 0.024949 0.006095 0.071749
v 0.035438 0.000979 0.069267
v 0.038983 0.003222 0.070377
v 0.031680 0.008882 0.074249
v 0.036577 0.009552 0.074185
v 0.040914 0.009220 0.072192
v 0.017318 0.003393 0.071285
v 0.014990 0.000491 0.072010
v 0.011015 0.002421 0.079071
v 0.008185 0.005246 0.083502
v 0.015187 0.008803 0.079503
v 0.005494 0.010223 0.087258
v 0.009063 0.017344 0.083278
v 0.005848 0.018971 0.085146
v 0.011716 -0.008988 0.048802
v 0.010842 0.008361 0.081308
v 0.041505 0.008354 0.070884
v 0.016224 -0.003544 0.057313
v 0.017747 -0.003693 0.056188
v -0.025528 0.027384 0.148769
v -0.028896 0.030135 0.151260
v -0.040077 0.034051 0.158043
v -0.027207 0.031493 0.152173
v -0.044316 0.038769 0.160337
v -0.044174 0.047976 0.160812
v -0.043899 0.049050 0.161561
v -0.042841 0.049316 0.161548
v -0.035248 0.046629 0.164451
v -0.031048 0.042739 0.162782
v -0.024299 0.028284 0.149177
v 0.000295 -0.034686 0.140264
v -0.000696 -0.034889 0.139645
v 0.004078 -0.039727 0.141052
v -0.000261 -0.040589 0.136889
v 0.009551 -0.041197 0.142164
v 0.014066 -0.042997 0.140101
v 0.007399 -0.046867 0.130890
v 0.017638 -0.044681 0.136225
v 0.012961 -0.047329 0.129578
v 0.018501 -0.044783 0.131276
v 0.018115 -0.045098 0.130051
v 0.001153 -0.046366 0.144089
v 0.000182 -0.050586 0.145780
v -0.000191 -0.056722 0.147219
v -0.002200 -0.062781 0.149001
v -0.005170 -0.066149 0.151042
v -0.010653 -0.067550 0.153971
v -0.011845 -0.067240 0.154721
v -0.009652 -0.060973 0.156044
v -0.006970 -0.056925 0.154517
v -0.001053 -0.049436 0.147019
v 0.000372 -0.045677 0.145049
v 0.000296 -0.041709 0.143375
v 0.002802 -0.044675 0.145509
v 0.006235 -0.047816 0.149325
v 0.010466 -0.051690 0.151971
v 0.013507 -0.055271 0.152171
v 0.016484 -0.059748 0.149345
v 0.016706 -0.060638 0.148322
v 0.010976 -0.059330 0.145656
v 0.007479 -0.056076 0.144806
v 0.002331 -0.045754 0.143898
v -0.000050 -0.042555 0.142381
v -0.001293 -0.032951 0.139324
v -0.003406 -0.036379 0.140807
v -0.007804 -0.047149 0.141943
v -0.003152 -0.035779 0.142713
v -0.011586 -0.050916 0.144148
v -0.017027 -0.050658 0.149863
v -0.017266 -0.050867 0.150964
v -0.016985 -0.050181 0.151532
v -0.010895 -0.047217 0.154338
v -0.007385 -0.043797 0.152904
v -0.001158 -0.032371 0.140536
v -0.001712 -0.020919 0.138956
v -0.002482 -0.022029 0.140592
v -0.000294 -0.034613 0.139157
v 0.000412 -0.047613 0.145389
v 0.000308 -0.047310 0.145844
v -0.000640 -0.021085 0.139962
v -0.000116 -0.034334 0.140034
v 0.000761 -0.047598 0.145467
v -0.000870 -0.034684 0.140005
v -0.002260 -0.003829 0.200554
v -0.003056 -0.004553 0.200997
v -0.001691 -0.006489 0.205704
v 0.001581 -0.002552 0.205499
v 0.005164 -0.002220 0.209911
v -0.001467 -0.009159 0.210515
v 0.007510 -0.003914 0.213663
v 0.000108 -0.011634 0.214333
v 0.009049 -0.007213 0.217038
v 0.003685 -0.012687 0.217354
v 0.009223 -0.011612 0.218009
v 0.008676 -0.012654 0.218170
v -0.002682 -0.004897 0.196051
v -0.004655 -0.005969 0.200590
v -0.006492 -0.008613 0.206668
v -0.010019 -0.010579 0.212654
v -0.013872 -0.010393 0.216396
v -0.020642 -0.005956 0.218493
v -0.020429 -0.008056 0.218102
v -0.021582 -0.007263 0.218056
v -0.016989 -0.001865 0.214694
v -0.013237 -0.001115 0.210681
v -0.005592 -0.003916 0.200260
v -0.003272 -0.003472 0.195994
v -0.003616 -0.005500 0.188840
v -0.004651 -0.002815 0.192602
v -0.008370 0.000570 0.197436
v -0.012734 0.005262 0.199711
v -0.014949 0.009983 0.199976
v -0.015136 0.016413 0.197946
v -0.014560 0.017674 0.197308
v -0.007972 0.014860 0.197129
v -0.004783 0.010076 0.196112
v -0.002979 -0.001552 0.191944
v -0.002479 -0.004637 0.188382
v -0.001275 -0.008877 0.189042
v -0.000389 -0.007657 0.183037
v -0.001357 -0.007247 0.182601
v -0.005476 -0.006943 0.186494
v -0.003342 -0.011453 0.194865
v -0.010800 -0.007988 0.188483
v -0.006618 -0.014534 0.197254
v -0.014942 -0.010190 0.190582
v -0.011028 -0.017434 0.198037
v -0.016848 -0.014236 0.193152
v -0.014885 -0.019360 0.195825
v -0.015926 -0.019225 0.195100
v 0.000573 -0.008179 0.178409
v 0.001238 -0.003886 0.183032
v 0.000999 0.002938 0.188287
v 0.002908 0.009458 0.194257
v 0.006268 0.012476 0.199250
v 0.008721 0.006468 0.199019
v 0.013855 0.012786 0.204038
v 0.015359 0.012231 0.204749
v 0.015229 0.010745 0.205049
v 0.011747 0.003187 0.203448
v 0.008728 -0.000967 0.198769
v 0.002753 -0.006024 0.184171
v 0.001493 -0.009582 0.179368
v 0.004272 -0.012598 0.174231
v -0.003624 -0.004440 0.188308
v -0.002422 -0.003804 0.202428
v 0.003465 -0.010592 0.173327
v -0.003261 -0.003656 0.191150
v -0.001623 -0.004254 0.202303
v 0.003396 -0.012726 0.173298
v -0.003773 -0.005445 0.188518
v -0.001719 -0.004633 0.202397
v 0.031876 -0.033503 0.254092
v 0.028028 -0.034771 0.246885
v 0.028074 -0.036276 0.246649
v 0.031714 -0.040867 0.253166
v 0.036656 -0.032776 0.261797
v 0.035256 -0.045669 0.256981
v 0.041556 -0.034681 0.266134
v 0.039972 -0.049046 0.260768
v 0.046849 -0.038634 0.268847
v 0.045562 -0.048821 0.264813
v 0.051043 -0.043396 0.267506
v 0.051355 -0.044987 0.266972
v 0.028337 -0.032063 0.233536
v 0.024733 -0.034688 0.236632
v 0.020421 -0.039529 0.240144
v 0.014611 -0.043120 0.243784
v 0.009672 -0.043554 0.246719
v 0.003341 -0.038411 0.250434
v 0.003166 -0.040068 0.248847
v 0.002219 -0.038943 0.249149
v 0.009129 -0.034231 0.250013
v 0.014275 -0.032817 0.247394
v 0.024392 -0.032417 0.237473
v 0.028109 -0.030601 0.234276
v 0.027671 -0.027731 0.231749
v 0.031265 -0.030879 0.235338
v 0.026740 -0.029020 0.231199
v 0.036193 -0.033230 0.240375
v 0.041686 -0.037445 0.244601
v 0.044952 -0.042271 0.246182
v 0.047402 -0.049731 0.244320
v 0.047556 -0.050975 0.243427
v 0.046307 -0.051341 0.243326
v 0.039066 -0.049591 0.241766
v 0.035229 -0.045649 0.239875
v 0.032276 -0.039541 0.237683
v 0.029908 -0.032626 0.233984
v 0.027429 -0.035792 0.245998
v 0.025522 -0.033724 0.249049
v 0.021604 -0.034686 0.253353
v 0.015256 -0.034091 0.261189
v 0.013395 -0.029518 0.265359
v 0.013243 -0.031914 0.263724
v 0.012610 -0.030098 0.265261
v 0.019979 -0.028218 0.264079
v 0.024138 -0.028788 0.260680
v 0.026070 -0.030984 0.254311
v 0.028645 -0.035242 0.246219
v 0.043696 -0.014215 0.235889
v 0.048252 -0.012710 0.238567
v 0.054283 -0.008686 0.241688
v 0.061478 -0.004566 0.241166
v 0.057441 -0.010806 0.238927
v 0.067109 -0.003477 0.239278
v 0.073049 -0.005369 0.234155
v 0.073688 -0.006085 0.232948
v 0.073629 -0.007324 0.233368
v 0.069567 -0.013089 0.236229
v 0.064377 -0.015149 0.237860
v 0.057162 -0.015696 0.239457
v 0.048982 -0.015004 0.237671
v 0.044177 -0.015775 0.235473
v 0.049308 -0.017569 0.245086
v 0.049819 -0.018734 0.249988
v 0.051286 -0.021442 0.256137
v 0.051186 -0.023591 0.263030
v 0.049588 -0.023636 0.268162
v 0.044375 -0.019654 0.273347
v 0.044510 -0.021737 0.272849
v 0.043427 -0.021025 0.273379
v 0.045495 -0.015356 0.268367
v 0.046814 -0.014387 0.263069
v 0.048708 -0.016752 0.250197
v 0.048672 -0.016189 0.245352
v 0.040935 -0.014686 0.233950
v 0.041335 -0.013498 0.238475
v 0.040124 -0.005969 0.249746
v 0.041807 -0.004504 0.254357
v 0.046566 -0.001865 0.258268
v 0.047728 -0.000605 0.258117
v 0.048560 -0.001582 0.257838
v 0.050632 -0.005172 0.252861
v 0.049891 -0.006725 0.247110
v 0.042394 -0.014525 0.233689
v 0.021702 -0.015848 0.215160
v 0.020923 -0.015870 0.218049
v 0.018479 -0.017463 0.223145
v 0.016203 -0.017560 0.228831
v 0.014225 -0.016365 0.234162
v 0.013059 -0.013512 0.238297
v 0.017796 -0.014560 0.230707
v 0.011146 -0.007419 0.240481
v 0.011909 -0.006559 0.240909
v 0.020625 -0.010310 0.232857
v 0.022854 -0.012123 0.228866
v 0.024028 -0.013768 0.223593
v 0.022771 -0.014685 0.218315
v 0.023088 -0.015071 0.215306
v 0.024273 -0.016325 0.218848
v 0.027411 -0.017001 0.219538
v 0.023425 -0.017945 0.218452
v 0.033471 -0.016623 0.222679
v 0.040129 -0.017738 0.225113
v 0.047109 -0.019284 0.224969
v 0.052416 -0.021555 0.222477
v 0.043504 -0.021210 0.222130
v 0.056953 -0.024284 0.215454
v 0.055226 -0.025250 0.215470
v 0.042667 -0.026440 0.218932
v 0.032189 -0.023392 0.218457
v 0.026967 -0.019129 0.218115
v 0.026552 0.002557 0.202740
v 0.028996 0.005974 0.204926
v 0.031002 0.012331 0.206983
v 0.033497 0.018599 0.206137
v 0.036696 0.022234 0.204181
v 0.041979 0.023813 0.200296
v 0.043256 0.023511 0.199519
v 0.043723 0.016952 0.202368
v 0.040799 0.012164 0.203987
v 0.030767 0.004752 0.204484
v 0.027758 0.001723 0.202428
v 0.028688 0.003671 0.209063
v 0.027879 0.002171 0.203111
v 0.027259 0.002984 0.202610
v 0.025849 0.007112 0.206241
v 0.027781 0.005012 0.215559
v 0.022087 0.010615 0.208883
v 0.024460 0.005861 0.219325
v 0.018547 0.012563 0.212059
v 0.019842 0.007146 0.221670
v 0.015723 0.011878 0.216321
v 0.015115 0.007855 0.220871
v 0.014178 0.008449 0.220245
v 0.033108 0.008024 0.210397
v 0.034077 0.007226 0.213146
v 0.036479 0.008172 0.217918
v 0.038998 0.007213 0.222624
v 0.041747 0.004616 0.227002
v 0.043266 0.001824 0.230461
v 0.041869 -0.003502 0.234914
v 0.043162 -0.004046 0.234766
v 0.037241 0.000351 0.232872
v 0.033420 0.002990 0.229918
v 0.030970 0.005806 0.225974
v 0.030389 0.007245 0.219292
v 0.031906 0.006875 0.213557
v 0.031528 0.007787 0.210632
v 0.031681 0.007988 0.210847
v 0.032853 0.009716 0.212398
v 0.032196 0.006766 0.211368
v 0.034053 0.014724 0.216638
v 0.036721 0.022212 0.218039
v 0.038780 0.025831 0.218100
v 0.044106 0.028934 0.216910
v 0.043490 0.029936 0.216484
v 0.044183 0.023471 0.218298
v 0.043803 0.018607 0.218361
v 0.042028 0.014146 0.218023
v 0.038281 0.010241 0.215249
v 0.034458 0.008619 0.212215
v -0.018001 0.044409 0.148235
v -0.016808 0.047759 0.151230
v -0.016411 0.052783 0.155031
v -0.014365 0.057980 0.158600
v -0.011124 0.060887 0.160919
v -0.005075 0.062263 0.162376
v -0.003671 0.061969 0.162518
v -0.004729 0.055353 0.161543
v -0.007461 0.051706 0.159275
v -0.015119 0.046534 0.151405
v -0.016871 0.043602 0.148512
v -0.017107 0.040709 0.145329
v -0.018876 0.041976 0.149189
v -0.020898 0.042543 0.154828
v -0.024148 0.044034 0.160036
v -0.027172 0.046471 0.162688
v -0.031317 0.050886 0.163150
v -0.031968 0.052025 0.162741
v -0.027537 0.053179 0.158194
v -0.024355 0.051387 0.154999
v -0.019115 0.043667 0.148157
v -0.017217 0.041926 0.144755
v -0.017704 0.035617 0.139609
v -0.017028 0.036261 0.138877
v -0.021312 0.038967 0.143622
v -0.018888 0.042322 0.139175
v -0.026089 0.038612 0.146847
v -0.031171 0.039988 0.147241
v -0.028680 0.048501 0.139142
v -0.036038 0.042170 0.145766
v -0.034353 0.048154 0.139898
v -0.038665 0.043964 0.141876
v -0.038782 0.044804 0.140860
v -0.016442 0.034786 0.137576
v -0.014206 0.037765 0.139705
v -0.010550 0.047970 0.144080
v -0.013694 0.036440 0.141133
v -0.006528 0.051355 0.146471
v 0.000635 0.050168 0.149571
v 0.001246 0.049987 0.150524
v 0.001247 0.049092 0.150789
v -0.003135 0.043978 0.153686
v -0.006648 0.040669 0.152020
v -0.016077 0.033771 0.138388
v -0.011589 0.021424 0.130747
v -0.011212 0.022304 0.132802
v -0.018030 0.036813 0.139151
v -0.017041 0.045232 0.150024
v -0.012178 0.021274 0.132182
v -0.017549 0.036129 0.139934
v -0.016830 0.044840 0.150222
v -0.016344 0.034786 0.137706
v -0.016912 0.045234 0.149966
v 0.009035 0.023098 0.143146
v 0.011601 0.023779 0.146962
v 0.015556 0.025760 0.151466
v 0.019810 0.026192 0.156530
v 0.022207 0.024691 0.160572
v 0.023461 0.020086 0.164793
v 0.023206 0.018844 0.165479
v 0.016988 0.018403 0.162837
v 0.013885 0.019361 0.158917
v 0.010449 0.022158 0.147617
v 0.008236 0.022082 0.143727
v 0.006203 0.020531 0.140260
v 0.006404 0.023921 0.143108
v 0.005482 0.028178 0.147259
v 0.005503 0.033492 0.150676
v 0.007076 0.037673 0.152146
v 0.011049 0.042235 0.151600
v 0.012223 0.042815 0.151183
v 0.014656 0.037112 0.149395
v 0.013847 0.032657 0.147648
v 0.008283 0.023954 0.142437
v 0.007517 0.020570 0.139953
v 0.002664 0.018381 0.133722
v 0.002902 0.017221 0.133794
v 0.006676 0.022172 0.136864
v 0.008685 0.016466 0.136295
v 0.008641 0.027599 0.137034
v 0.012672 0.030794 0.135840
v 0.019353 0.020833 0.135196
v 0.017553 0.032356 0.133753
v 0.022322 0.025287 0.133142
v 0.021251 0.030998 0.130632
v 0.022166 0.030124 0.130251
v 0.001259 0.016409 0.132326
v 0.002359 0.016793 0.137157
v 0.003420 0.020018 0.143152
v 0.003861 0.020049 0.149456
v 0.002071 0.017561 0.153699
v -0.002368 0.018125 0.148003
v -0.004419 0.011859 0.155325
v -0.005236 0.012238 0.154782
v -0.008475 0.017683 0.151099
v -0.007394 0.020794 0.146814
v 0.000448 0.016681 0.136693
v -0.006357 0.010790 0.126007
v -0.006179 0.010458 0.128095
v 0.003407 0.017379 0.133137
v 0.009495 0.022856 0.145023
v 0.009045 0.022628 0.145259
v -0.007156 0.011811 0.126720
v 0.002643 0.017408 0.133680
v 0.009323 0.023169 0.145012
v 0.003177 0.016850 0.133987
v 0.005384 -0.031698 0.160784
v 0.006444 -0.032392 0.159993
v 0.007309 -0.029647 0.167162
v 0.013387 -0.031812 0.163912
v 0.012764 -0.025168 0.174226
v 0.005498 -0.027257 0.174343
v 0.018075 -0.027995 0.169488
v 0.006769 -0.025897 0.178978
v 0.021299 -0.025792 0.175073
v 0.010506 -0.024403 0.184669
v 0.020835 -0.024302 0.181627
v 0.015569 -0.021238 0.186770
v 0.017200 -0.020870 0.186687
v -0.003304 -0.048418 0.174686
v -0.004378 -0.049084 0.173890
v -0.001616 -0.051866 0.181706
v -0.005954 -0.056215 0.177142
v 0.003633 -0.052458 0.186705
v -0.002398 -0.062894 0.180621
v 0.008409 -0.056370 0.189181
v 0.001667 -0.067992 0.182408
v 0.012611 -0.061904 0.189735
v 0.007634 -0.070056 0.184762
v 0.014751 -0.067019 0.186682
v 0.014459 -0.068441 0.185864
v 0.028815 -0.016367 0.225491
v 0.027500 -0.012827 0.231849
v 0.026326 -0.006444 0.241171
v 0.027232 -0.003304 0.237603
v 0.028354 -0.001999 0.244083
v 0.029019 0.005939 0.243486
v 0.030028 0.005853 0.242413
v 0.031670 0.002455 0.237933
v 0.030104 -0.006296 0.232989
v 0.030102 -0.013552 0.229496
v 0.030244 -0.015924 0.225397
v 0.009071 0.002117 0.165623
v 0.011550 0.002825 0.169491
v 0.014565 0.005067 0.174565
v 0.018800 0.006168 0.179542
v 0.022408 0.005110 0.182736
v 0.026865 0.001055 0.184808
v 0.027496 -0.000236 0.184928
v 0.022194 -0.003342 0.182086
v 0.018347 -0.003141 0.178758
v 0.011666 0.000737 0.169396
v 0.009117 0.000704 0.165716
v 0.007623 -0.000440 0.161841
v 0.006491 0.001166 0.165813
v 0.004244 0.002288 0.171281
v 0.002012 0.004991 0.176537
v 0.001253 0.008461 0.179619
v 0.001788 0.014326 0.181104
v 0.002320 0.015589 0.181000
v 0.007081 0.013500 0.177176
v 0.008549 0.010381 0.173762
v 0.007842 0.002537 0.165287
v 0.008593 0.000474 0.161628
v 0.005323 -0.001145 0.154823
v 0.006203 -0.001940 0.154863
v 0.004848 0.002010 0.159238
v 0.009742 -0.000824 0.160011
v 0.002315 0.007250 0.162044
v 0.010102 0.013274 0.166788
v 0.003428 0.011844 0.164792
v 0.014130 0.006928 0.166167
v 0.006248 0.014816 0.168510
v 0.013974 0.011215 0.169163
v 0.011771 0.014940 0.171429
v 0.010524 0.015339 0.171219
v 0.005590 -0.003500 0.152778
v 0.008666 -0.003706 0.155763
v 0.017407 -0.000893 0.162996
v 0.007658 -0.005119 0.156783
v 0.021841 -0.002273 0.166429
v 0.024702 -0.009000 0.169411
v 0.024717 -0.009720 0.170302
v 0.023992 -0.010309 0.170305
v 0.016750 -0.010458 0.171437
v 0.012513 -0.009528 0.168743
v 0.004871 -0.004522 0.153289
v -0.000015 -0.010086 0.144395
v 0.000749 -0.010939 0.146180
v 0.005646 -0.001945 0.153947
v 0.009968 0.001569 0.167263
v 0.009783 0.001056 0.167370
v -0.001078 -0.010064 0.145424
v 0.005129 -0.002564 0.154426
v 0.009653 0.001698 0.167372
v 0.005934 -0.002758 0.154504
v 0.019496 -0.001985 0.108210
v 0.021604 -0.004527 0.108832
v 0.002949 -0.000730 0.103493
v 0.036410 -0.008024 0.127401
v 0.052121 -0.008224 0.141420
v 0.061991 -0.008402 0.146942
v 0.067230 -0.007150 0.159943
v 0.063598 -0.009654 0.146667
v 0.047996 -0.007036 0.144162
v 0.052658 -0.008508 0.143548
v 0.075577 0.001255 0.188948
v 0.081610 -0.000482 0.187860
v 0.098146 0.008235 0.210199
v 0.099863 0.007167 0.210555
v 0.103032 0.010847 0.218637
v 0.109185 0.012071 0.231779
v 0.035243 -0.007868 0.129939
v 0.109752 0.011825 0.231587
v 0.019648 -0.004946 0.109687
v 0.076431 -0.001571 0.187153
v 0.003120 -0.002819 0.102884
v 0.062152 -0.010260 0.147039
v 0.067480 -0.007296 0.159716
v 0.035649 -0.006259 0.128156
v 0.050281 -0.006383 0.142256
v 0.063082 -0.003402 0.164209
v 0.078061 0.001905 0.186549
v 0.099928 0.008928 0.209605
v 0.016916 -0.002190 0.109247
v 0.003246 -0.000971 0.100398
v 0.067544 -0.006782 0.159755
v 0.048355 -0.005911 0.146360
v 0.047492 -0.005818 0.144440
v 0.045233 -0.013366 0.162822
v 0.054884 -0.015946 0.182498
v 0.054140 -0.016174 0.182554
v 0.043931 -0.013752 0.163972
v 0.054486 -0.015721 0.182641
v 0.048220 -0.007084 0.144582
v 0.045120 -0.014582 0.163438
v 0.044554 -0.012333 0.159099
v 0.044566 -0.012632 0.161124
v 0.042442 -0.020907 0.166781
v 0.039002 -0.023103 0.175615
v 0.041834 -0.021841 0.166188
v 0.038768 -0.023416 0.175272
v 0.043517 -0.012362 0.160137
v 0.041217 -0.020724 0.166259
v 0.038633 -0.023111 0.175491
v 0.045593 -0.012712 0.160198
v 0.081769 -0.044290 0.216560
v 0.078975 -0.044997 0.206749
v 0.071096 -0.038473 0.198987
v 0.070195 -0.037451 0.196954
v 0.084328 -0.028088 0.194703
v 0.078523 -0.026677 0.187821
v 0.067528 -0.025919 0.186486
v 0.065575 -0.022905 0.182468
v 0.064734 -0.014757 0.178009
v 0.081750 -0.043939 0.216587
v 0.078846 -0.044291 0.207585
v 0.084509 -0.027941 0.194691
v 0.078423 -0.026753 0.188518
v 0.066605 -0.024211 0.187078
v 0.057639 -0.042876 0.208965
v 0.064931 -0.041721 0.204225
v 0.069677 -0.036553 0.198449
v 0.065162 -0.014247 0.179765
v 0.065913 -0.003878 0.168499
v 0.081993 -0.044167 0.216458
v 0.079554 -0.044430 0.207091
v 0.057760 -0.043333 0.209012
v 0.057351 -0.042850 0.208661
v 0.064571 -0.042464 0.203328
v 0.064761 -0.042687 0.204286
v 0.084522 -0.027762 0.194395
v 0.076636 -0.025765 0.187434
v 0.071621 -0.037766 0.198861
v 0.065494 -0.024666 0.185239
v 0.068308 -0.024661 0.186223
v 0.065923 -0.021356 0.183055
v 0.064084 -0.003771 0.168399
v 0.065543 -0.004745 0.167726
v 0.035416 -0.007292 0.125634
v 0.033090 0.000619 0.135558
v 0.031323 0.001910 0.133526
v 0.038422 0.008399 0.146279
v 0.046904 0.027166 0.160427
v 0.043107 0.007403 0.152297
v 0.050125 0.011037 0.165175
v 0.048685 0.047858 0.160993
v 0.056621 0.055179 0.167201
v 0.046393 0.029517 0.159846
v 0.061856 0.030833 0.162361
v 0.070253 0.038928 0.167311
v 0.033975 0.001898 0.133769
v 0.037157 0.009398 0.144076
v 0.049540 0.046861 0.161332
v 0.056476 0.055784 0.166699
v 0.032379 -0.007355 0.126816
v 0.039817 0.010443 0.146812
v 0.043589 0.008453 0.152515
v 0.050401 0.011636 0.165219
v 0.047002 0.028232 0.158435
v 0.060848 0.031965 0.163069
v 0.045353 0.029327 0.158085
v 0.070168 0.039285 0.167094
v 0.037411 0.009957 0.147161
v 0.044988 0.028657 0.159859
v 0.048248 0.046700 0.161656
v 0.056162 0.055736 0.167128
v 0.033871 -0.008242 0.127654
v 0.042892 0.008051 0.152845
v 0.050098 0.011639 0.165387
v 0.070092 0.039118 0.167481
v 0.061017 0.030663 0.163154
v 0.043255 0.007005 0.220887
v 0.038165 0.004180 0.212479
v 0.037914 0.007994 0.200221
v 0.037726 0.007893 0.197783
v 0.047052 -0.001803 0.188410
v 0.042882 0.006856 0.182876
v 0.031936 0.023430 0.205510
v 0.042598 0.007676 0.180853
v 0.047571 0.003445 0.164439
v 0.043555 0.007100 0.220728
v 0.039002 0.004846 0.212741
v 0.050720 -0.003523 0.196670
v 0.047188 -0.001375 0.188959
v 0.044069 0.007675 0.182038
v 0.032261 0.023591 0.205203
v 0.034506 0.015257 0.203634
v 0.038799 0.009260 0.198322
v 0.049682 0.003759 0.164423
v 0.056203 -0.006603 0.153897
v 0.043413 0.006788 0.220830
v 0.038995 0.003974 0.212686
v 0.032063 0.023682 0.204843
v 0.033423 0.014962 0.203160
v 0.033638 0.015253 0.204094
v 0.050526 -0.003393 0.196684
v 0.050776 -0.003654 0.196354
v 0.046946 -0.000251 0.186952
v 0.038680 0.007620 0.199970
v 0.043757 0.008552 0.178319
v 0.043987 0.007763 0.179818
v 0.048122 0.002857 0.166197
v 0.055490 -0.005677 0.152519
v 0.054772 -0.007029 0.153634
v 0.078262 -0.000729 0.186220
v 0.078018 0.000571 0.187281
v 0.085693 0.004953 0.186926
v 0.105187 0.009713 0.199320
v 0.102950 0.010656 0.195176
v 0.110488 0.018040 0.196497
v 0.111530 0.017504 0.197479
v 0.121317 0.024606 0.204331
v 0.105022 0.011128 0.197823
v 0.110515 0.007730 0.207930
v 0.110942 0.008467 0.207512
v 0.118181 0.007344 0.213081
v 0.118708 0.008110 0.212945
v 0.127739 0.036051 0.203360
v 0.127101 0.035082 0.202424
v 0.137494 0.042846 0.204289
v 0.122277 0.025216 0.203407
v 0.127819 0.025317 0.218926
v 0.136927 0.029840 0.225079
v 0.127994 0.025692 0.215627
v 0.087180 0.002443 0.187338
v 0.104380 0.009442 0.196050
v 0.111602 0.016912 0.196175
v 0.137723 0.042359 0.204450
v 0.118918 0.007884 0.212790
v 0.137262 0.030251 0.224765
v 0.122019 0.023833 0.202059
v 0.128836 0.024972 0.217854
v 0.077601 0.001738 0.186945
v 0.102824 0.011283 0.197057
v 0.121071 0.026043 0.202202
v 0.127226 0.036593 0.203982
v 0.137619 0.042393 0.205034
v 0.110313 0.008374 0.207714
v 0.126031 0.024018 0.211932
v 0.136813 0.030303 0.225085
v 0.109504 0.012437 0.231545
v 0.045961 -0.042478 0.210621
v 0.059147 -0.043392 0.207190
v 0.059741 -0.042731 0.208045
v 0.055704 -0.040663 0.213502
v 0.053364 -0.037749 0.217852
v 0.041614 -0.040545 0.214079
v 0.050050 -0.034592 0.221094
v 0.038848 -0.036469 0.217108
v 0.045041 -0.032284 0.222002
v 0.039224 -0.031561 0.218936
v 0.039899 -0.030602 0.219669
v 0.028533 0.034304 0.201944
v 0.031808 0.021321 0.204625
v 0.032901 0.021383 0.205194
v 0.034937 0.027948 0.206955
v 0.037985 0.032679 0.208065
v 0.029641 0.040078 0.202085
v 0.040472 0.037701 0.207819
v 0.033054 0.044699 0.201424
v 0.040759 0.042789 0.205523
v 0.038009 0.046224 0.200584
v 0.039345 0.046210 0.200940
v 0.060081 -0.042870 0.207937
v 0.056930 -0.044993 0.212874
v 0.054270 -0.047213 0.219264
v 0.050323 -0.050802 0.225016
v 0.046067 -0.054005 0.227408
v 0.040324 -0.059116 0.226176
v 0.039250 -0.059882 0.225418
v 0.038738 -0.059084 0.224499
v 0.039581 -0.053921 0.219593
v 0.043040 -0.049903 0.216716
v 0.055279 -0.044986 0.210928
v 0.058792 -0.042820 0.206868
v 0.032881 0.021017 0.205305
v 0.031525 0.025805 0.209053
v 0.030780 0.030909 0.214174
v 0.028140 0.036513 0.218988
v 0.024549 0.040722 0.220855
v 0.017497 0.043966 0.220257
v 0.016157 0.044337 0.219638
v 0.016317 0.044440 0.218332
v 0.019354 0.042161 0.212248
v 0.023155 0.038521 0.209300
v 0.030204 0.026191 0.206903
v 0.032044 0.021559 0.203958
v 0.062069 -0.033104 0.212776
v 0.064635 -0.041859 0.203233
v 0.058625 -0.031647 0.220015
v 0.057298 -0.031278 0.225910
v 0.060290 -0.033769 0.228748
v 0.059229 -0.032108 0.228725
v 0.062964 -0.036811 0.227316
v 0.066858 -0.038219 0.224143
v 0.068244 -0.040136 0.217925
v 0.065676 -0.041284 0.208431
v 0.065674 -0.042671 0.203938
v 0.043645 0.023627 0.205040
v 0.033929 0.014969 0.202812
v 0.046011 0.030499 0.208725
v 0.047827 0.034706 0.212680
v 0.047874 0.033198 0.217255
v 0.048858 0.034381 0.216023
v 0.045854 0.029664 0.218628
v 0.045110 0.024512 0.218283
v 0.041888 0.019805 0.214858
v 0.036622 0.016872 0.207003
v 0.033894 0.014313 0.204153
v 0.070957 -0.037247 0.198276
v 0.070442 -0.039717 0.198536
v 0.069802 -0.053058 0.201867
v 0.069234 -0.057918 0.201124
v 0.066987 -0.052923 0.199491
v 0.066124 -0.063319 0.199597
v 0.063580 -0.057514 0.199784
v 0.062962 -0.052319 0.200482
v 0.063477 -0.047852 0.199342
v 0.065286 -0.042538 0.198144
v 0.068587 -0.039122 0.198194
v 0.069676 -0.036830 0.197848
v 0.038656 0.007971 0.199007
v 0.036440 0.008083 0.200235
v 0.025984 0.007883 0.209185
v 0.021368 0.007087 0.210783
v 0.024162 0.009048 0.206199
v 0.015013 0.007919 0.211081
v 0.019005 0.011212 0.207417
v 0.023419 0.013042 0.205176
v 0.027031 0.012844 0.202273
v 0.031858 0.011686 0.199390
v 0.036092 0.009572 0.198979
v 0.038355 0.008901 0.197987
v 0.086041 -0.045944 0.219739
v 0.081409 -0.044236 0.214552
v 0.080241 -0.044041 0.215083
v 0.080393 -0.044791 0.222420
v 0.089504 -0.049905 0.225502
v 0.078145 -0.047243 0.227331
v 0.089401 -0.054031 0.229610
v 0.076738 -0.051060 0.231628
v 0.087072 -0.058217 0.233383
v 0.078013 -0.055963 0.234642
v 0.082564 -0.061245 0.234463
v 0.081136 -0.061331 0.234742
v 0.044638 0.004754 0.225797
v 0.042466 0.006286 0.219147
v 0.042351 0.007573 0.219032
v 0.044300 0.011076 0.225225
v 0.044629 0.004084 0.233571
v 0.043013 0.015033 0.229452
v 0.042492 0.005524 0.238793
v 0.040686 0.017719 0.234183
v 0.039306 0.008645 0.242950
v 0.038059 0.017299 0.239444
v 0.035311 0.012424 0.243606
v 0.034768 0.013748 0.243334
v 0.080017 -0.043619 0.211814
v 0.079898 -0.042158 0.214957
v 0.078876 -0.040380 0.219005
v 0.078861 -0.036109 0.221714
v 0.081236 -0.039683 0.220105
v 0.080024 -0.031375 0.223376
v 0.082211 -0.027821 0.225099
v 0.086659 -0.024415 0.225787
v 0.087624 -0.024506 0.226429
v 0.087826 -0.029862 0.226458
v 0.087799 -0.034412 0.225455
v 0.086207 -0.039882 0.223420
v 0.083846 -0.043025 0.219709
v 0.082113 -0.043275 0.215229
v 0.081320 -0.044239 0.212089
v 0.041496 0.006160 0.216171
v 0.043773 0.008142 0.217878
v 0.046274 0.011403 0.219801
v 0.050834 0.013590 0.219821
v 0.048183 0.010117 0.221204
v 0.055896 0.014337 0.219229
v 0.060382 0.014040 0.219650
v 0.065282 0.011290 0.220176
v 0.065809 0.010794 0.221086
v 0.061342 0.009657 0.223822
v 0.057116 0.008330 0.225265
v 0.051129 0.007616 0.225765
v 0.046240 0.007113 0.223515
v 0.043797 0.006220 0.219469
v 0.041580 0.005096 0.217180
v 0.082888 -0.027947 0.193155
v 0.081495 -0.026679 0.204951
v 0.085910 -0.026871 0.197231
v 0.080884 -0.024182 0.209990
v 0.081187 -0.021696 0.212951
v 0.081896 -0.020001 0.214210
v 0.083083 -0.018225 0.214189
v 0.087335 -0.019190 0.211753
v 0.089464 -0.020541 0.208268
v 0.089481 -0.023117 0.203215
v 0.084009 -0.027505 0.193050
v 0.049542 -0.002955 0.194859
v 0.054130 0.004503 0.202985
v 0.053062 -0.003198 0.198662
v 0.057747 0.008061 0.205487
v 0.061002 0.009783 0.206703
v 0.063159 0.010146 0.207122
v 0.065134 0.009466 0.206676
v 0.065163 0.004474 0.206825
v 0.063658 0.000651 0.205547
v 0.059733 -0.002430 0.202851
v 0.050327 -0.003868 0.194978
v 0.083727 -0.027345 0.192746
v 0.082899 -0.028170 0.194092
v 0.086927 -0.028926 0.193147
v 0.096747 -0.030944 0.200846
v 0.098636 -0.031612 0.201804
v 0.098415 -0.035073 0.203152
v 0.091636 -0.034628 0.204294
v 0.097233 -0.038388 0.204922
v 0.087717 -0.038352 0.205502
v 0.086196 -0.041427 0.206010
v 0.093953 -0.043319 0.206596
v 0.090729 -0.045593 0.206806
v 0.087168 -0.046573 0.205822
v 0.102983 -0.032424 0.204574
v 0.103290 -0.029337 0.205945
v 0.108990 -0.029752 0.210731
v 0.107932 -0.035412 0.207565
v 0.113615 -0.030872 0.213155
v 0.119051 -0.033337 0.214304
v 0.114490 -0.037880 0.209704
v 0.122150 -0.038311 0.212727
v 0.085683 -0.029100 0.194596
v 0.099295 -0.030189 0.201466
v 0.086198 -0.045934 0.205153
v 0.049586 -0.004211 0.194214
v 0.054190 -0.009822 0.205333
v 0.054552 -0.010716 0.206692
v 0.051741 -0.009723 0.210355
v 0.050902 -0.005356 0.207364
v 0.047399 -0.002735 0.208437
v 0.044923 -0.001945 0.209531
v 0.046282 -0.007269 0.213020
v 0.043728 -0.005323 0.213086
v 0.041731 -0.002695 0.211822
v 0.056169 -0.012644 0.210109
v 0.058787 -0.011821 0.209841
v 0.061681 -0.013769 0.214798
v 0.056537 -0.015213 0.214721
v 0.063078 -0.016077 0.218201
v 0.063450 -0.019669 0.221575
v 0.057546 -0.019158 0.219069
v 0.060568 -0.023182 0.223502
v 0.050370 -0.002640 0.195411
v 0.055954 -0.011047 0.206744
v 0.055118 -0.010758 0.204754
v 0.049833 -0.004634 0.197271
v 0.040072 -0.022982 0.172190
v 0.038094 -0.023263 0.174260
v 0.035996 -0.025579 0.178375
v 0.032466 -0.026955 0.181882
v 0.027724 -0.027629 0.184603
v 0.023771 -0.027250 0.186661
v 0.019135 -0.023198 0.189410
v 0.018121 -0.023919 0.188903
v 0.024999 -0.021695 0.189451
v 0.029858 -0.020181 0.188201
v 0.034465 -0.019853 0.185877
v 0.037997 -0.020286 0.180400
v 0.038817 -0.021367 0.174906
v 0.040633 -0.021613 0.172608
v 0.083024 0.000440 0.190606
v 0.087928 -0.005334 0.200638
v 0.089120 -0.009929 0.206832
v 0.088086 -0.013228 0.211615
v 0.082115 -0.013849 0.216639
v 0.083397 -0.014935 0.216948
v 0.082028 -0.008052 0.214715
v 0.081654 -0.003448 0.210735
v 0.081690 0.000748 0.204502
v 0.081587 0.001088 0.191169
v 0.041483 -0.021472 0.170757
v 0.041669 -0.023635 0.172725
v 0.039909 -0.021156 0.170803
v 0.042951 -0.026531 0.177178
v 0.045181 -0.030467 0.180012
v 0.047973 -0.035120 0.182001
v 0.049836 -0.039346 0.182830
v 0.049748 -0.046292 0.181497
v 0.051155 -0.046372 0.181501
v 0.044431 -0.042835 0.181160
v 0.040421 -0.039365 0.179710
v 0.037763 -0.034867 0.178253
v 0.037725 -0.028946 0.174804
v 0.039814 -0.024423 0.171844
v 0.042006 -0.020621 0.166800
v 0.045579 -0.033015 0.165813
v 0.040260 -0.023643 0.166730
v 0.046307 -0.035537 0.163874
v 0.043870 -0.037598 0.162916
v 0.045797 -0.037927 0.163871
v 0.041206 -0.036501 0.164644
v 0.038304 -0.033461 0.165069
v 0.037525 -0.028819 0.165263
v 0.041387 -0.020975 0.165774
v 0.043102 -0.014231 0.162759
v 0.042917 -0.014573 0.165256
v 0.041059 -0.015328 0.169869
v 0.039807 -0.012572 0.176397
v 0.040349 -0.010371 0.179301
v 0.042815 -0.006488 0.181512
v 0.046175 -0.012092 0.173039
v 0.045825 -0.014428 0.168331
v 0.044450 -0.014139 0.164753
v 0.044221 -0.014328 0.162542
v 0.046872 -0.014533 0.168251
v 0.046990 -0.013144 0.170067
v 0.045976 -0.011121 0.173898
v 0.047090 -0.007728 0.180883
v 0.049708 -0.005688 0.184383
v 0.047821 -0.007113 0.177202
v 0.054238 -0.003217 0.186031
v 0.052628 -0.006319 0.177706
v 0.050667 -0.010753 0.171882
v 0.048558 -0.012910 0.169478
v 0.048010 -0.014419 0.167827
v 0.053787 -0.016512 0.180692
v 0.053369 -0.015828 0.182941
v 0.054267 -0.015639 0.187131
v 0.052562 -0.014720 0.194401
v 0.049864 -0.013395 0.198435
v 0.046703 -0.009460 0.200853
v 0.046027 -0.010218 0.201313
v 0.051293 -0.007439 0.194606
v 0.054606 -0.008309 0.190154
v 0.054908 -0.010987 0.185450
v 0.053571 -0.014196 0.182291
v 0.053940 -0.015355 0.180175
v 0.053300 -0.014903 0.179453
v 0.054287 -0.016352 0.180265
v 0.056513 -0.017053 0.183887
v 0.059535 -0.022129 0.186707
v 0.059371 -0.026218 0.188499
v 0.054859 -0.022468 0.187692
v 0.053269 -0.019647 0.186244
v 0.052739 -0.017462 0.183423
v 0.053153 -0.016468 0.180574
v 0.062457 -0.010429 0.146553
v 0.068775 -0.007188 0.146574
v 0.068070 -0.012773 0.146533
v 0.076154 -0.006039 0.145899
v 0.072880 -0.016598 0.146283
v 0.081228 -0.008154 0.143672
v 0.076706 -0.019604 0.144530
v 0.084592 -0.012375 0.140760
v 0.080762 -0.020256 0.141528
v 0.084367 -0.016509 0.137389
v 0.083968 -0.017779 0.137123
v 0.062475 -0.009216 0.146575
v 0.075683 -0.011592 0.144366
v 0.045912 -0.006850 0.139657
v 0.054100 0.002263 0.140162
v 0.060095 0.007433 0.140191
v 0.064952 0.010069 0.138801
v 0.071028 0.008135 0.134739
v 0.071077 0.009678 0.135331
v 0.069003 0.003095 0.137041
v 0.065161 -0.001240 0.138088
v 0.059132 -0.005212 0.138788
v 0.051127 -0.006289 0.138997
v 0.046526 -0.007803 0.138653
v 0.055165 -0.006854 0.150068
v 0.053959 -0.006952 0.150957
v 0.059605 -0.010870 0.152406
v 0.057352 -0.011503 0.154906
v 0.065784 -0.019359 0.149939
v 0.059827 -0.017132 0.156375
v 0.066687 -0.024727 0.149447
v 0.064501 -0.025958 0.153056
v 0.066472 -0.027021 0.149558
v 0.065948 -0.027306 0.150304
v 0.066892 -0.008345 0.157054
v 0.073752 -0.015939 0.167267
v 0.071181 -0.015551 0.171979
v 0.073667 -0.019988 0.173108
v 0.069204 -0.012305 0.170321
v 0.067705 -0.010080 0.167793
v 0.066886 -0.008266 0.163502
v 0.066787 -0.007972 0.159487
v 0.066318 -0.007237 0.157438
v 0.065680 -0.008238 0.157773
v 0.067023 -0.004564 0.160586
v 0.067808 0.002510 0.165608
v 0.069166 0.007661 0.167585
v 0.070832 0.011657 0.168237
v 0.076927 0.014250 0.165593
v 0.072740 0.015471 0.167295
v 0.074171 0.016364 0.165585
v 0.078967 0.010398 0.164328
v 0.079434 0.005426 0.162224
v 0.076468 0.000553 0.160778
v 0.069425 -0.005648 0.159039
v 0.067524 -0.008341 0.156960
v 0.064344 -0.009227 0.150934
v 0.064436 -0.015030 0.159992
v 0.062431 -0.017663 0.165737
v 0.062146 -0.012637 0.162004
v 0.058144 -0.019502 0.167634
v 0.056391 -0.019013 0.167687
v 0.056039 -0.016412 0.167919
v 0.056586 -0.012925 0.167110
v 0.058940 -0.008922 0.165423
v 0.062458 -0.007612 0.161843
v 0.064081 -0.008730 0.154392
v 0.063642 -0.008157 0.151370
v 0.064330 -0.008782 0.154448
v 0.066762 -0.006610 0.154690
v 0.076782 -0.000450 0.159813
v 0.079883 0.001561 0.159613
v 0.077908 -0.003691 0.158146
v 0.085031 0.002895 0.158156
v 0.082924 -0.002318 0.157905
v 0.080472 -0.005980 0.157507
v 0.077001 -0.008243 0.156335
v 0.071822 -0.009151 0.155173
v 0.067446 -0.008298 0.154110
v 0.063902 -0.003996 0.168452
v 0.064503 0.004522 0.177828
v 0.064816 0.010186 0.181037
v 0.064671 0.000033 0.173062
v 0.066421 0.014471 0.182691
v 0.069293 0.019789 0.182108
v 0.070573 0.020278 0.181626
v 0.073695 0.010449 0.178726
v 0.072888 0.005359 0.175168
v 0.070309 0.001258 0.172660
v 0.066896 -0.001324 0.169996
v 0.065474 -0.003989 0.167953
v 0.080251 -0.043938 0.208285
v 0.082240 -0.046423 0.211391
v 0.085999 -0.047780 0.215893
v 0.089991 -0.051134 0.218327
v 0.092069 -0.054907 0.219207
v 0.092291 -0.060548 0.218746
v 0.091772 -0.061734 0.218608
v 0.086147 -0.059573 0.218677
v 0.083508 -0.056365 0.217848
v 0.081264 -0.051992 0.216169
v 0.080491 -0.047404 0.211375
v 0.079027 -0.044548 0.208369
v 0.040102 0.004093 0.213642
v 0.039847 0.003565 0.218050
v 0.041736 0.002477 0.223663
v 0.041305 -0.000234 0.228719
v 0.039223 -0.002216 0.232046
v 0.034354 -0.003673 0.234545
v 0.033092 -0.003527 0.234827
v 0.032720 0.001620 0.231715
v 0.034116 0.003995 0.228496
v 0.036367 0.005815 0.224184
v 0.038313 0.004843 0.217868
v 0.039125 0.005050 0.213551
v 0.074915 -0.021309 0.189901
v 0.076211 -0.026421 0.187164
v 0.077300 -0.026541 0.187137
v 0.080082 -0.022191 0.189987
v 0.074336 -0.015711 0.193242
v 0.083687 -0.018809 0.191816
v 0.075847 -0.011260 0.194638
v 0.086264 -0.014727 0.193057
v 0.078949 -0.007186 0.195065
v 0.086337 -0.009824 0.193850
v 0.082783 -0.005173 0.193324
v 0.083975 -0.005225 0.193033
v 0.050903 0.003275 0.186053
v 0.046126 -0.000155 0.186904
v 0.046446 -0.001103 0.187349
v 0.052233 -0.001174 0.188486
v 0.056586 0.006502 0.185704
v 0.057172 -0.002637 0.189604
v 0.061454 0.006769 0.185174
v 0.062095 -0.003411 0.189532
v 0.066298 0.005134 0.184662
v 0.066569 -0.002166 0.187768
v 0.068934 0.001396 0.183735
v 0.069262 0.000238 0.183978
v 0.077275 -0.025902 0.187204
v 0.080871 -0.029157 0.195319
v 0.077797 -0.027589 0.191176
v 0.083690 -0.032490 0.199466
v 0.084486 -0.036104 0.201992
v 0.083252 -0.041597 0.203336
v 0.082505 -0.042672 0.203348
v 0.077660 -0.039576 0.201166
v 0.076090 -0.036177 0.198608
v 0.076032 -0.025963 0.187254
v 0.047003 -0.000931 0.187077
v 0.048458 -0.000375 0.196403
v 0.047144 0.000362 0.191225
v 0.048169 -0.001219 0.202357
v 0.046281 -0.001252 0.206420
v 0.041580 -0.000535 0.209721
v 0.040373 -0.000099 0.209981
v 0.040332 0.003409 0.204930
v 0.041720 0.004035 0.200659
v 0.046476 0.000126 0.186682
v 0.102978 0.037303 0.193569
v 0.104088 0.038412 0.182233
v 0.105871 0.038412 0.200170
v 0.107943 0.040080 0.203249
v 0.108622 0.041640 0.204784
v 0.107596 0.043218 0.205685
v 0.107376 0.044727 0.204850
v 0.106677 0.046908 0.201965
v 0.104153 0.048010 0.198310
v 0.103131 0.046614 0.192734
v 0.103931 0.041214 0.185976
v 0.103893 0.039705 0.182137
v 0.078216 0.032177 0.165910
v 0.065786 0.034988 0.164261
v 0.085367 0.034639 0.168294
v 0.090109 0.036238 0.171405
v 0.089364 0.036466 0.176028
v 0.090728 0.036008 0.174760
v 0.085565 0.036579 0.177770
v 0.080994 0.034460 0.178399
v 0.075140 0.033846 0.175699
v 0.069176 0.034764 0.168185
v 0.065369 0.034984 0.165655
v 0.059379 -0.016885 0.168432
v 0.047399 -0.014445 0.167081
v 0.046880 -0.015363 0.167433
v 0.050691 -0.019633 0.170279
v 0.052895 -0.023987 0.171976
v 0.063378 -0.020067 0.169823
v 0.055913 -0.027980 0.172662
v 0.065861 -0.024645 0.169929
v 0.060375 -0.030189 0.171911
v 0.065433 -0.029244 0.168907
v 0.064826 -0.030325 0.169026
v 0.044625 -0.010998 0.156797
v 0.045706 -0.010262 0.156571
v 0.049844 -0.023775 0.160532
v 0.050790 -0.025290 0.160642
v 0.049117 -0.026346 0.162787
v 0.051559 -0.028422 0.160687
v 0.047101 -0.028452 0.165536
v 0.051240 -0.031865 0.161994
v 0.044565 -0.032096 0.167947
v 0.043314 -0.035029 0.168599
v 0.049101 -0.036783 0.164141
v 0.046537 -0.038940 0.165726
v 0.043224 -0.039646 0.166908
v 0.052697 -0.025353 0.161504
v 0.056586 -0.025236 0.161025
v 0.062454 -0.027376 0.160996
v 0.060718 -0.032780 0.159747
v 0.069647 -0.032521 0.157702
v 0.065538 -0.036239 0.153977
v 0.068140 -0.036569 0.152488
v 0.066334 -0.029276 0.159622
v 0.042219 -0.038921 0.167120
v 0.045131 -0.014364 0.158031
v 0.048011 -0.018137 0.158143
v 0.026400 0.007743 0.142129
v 0.025911 0.008319 0.141384
v 0.024429 0.008436 0.147415
v 0.021183 0.010551 0.143601
v 0.024188 0.006108 0.152022
v 0.021433 0.003716 0.155026
v 0.013132 0.007657 0.149448
v 0.017413 0.001363 0.156706
v 0.011477 0.004040 0.152690
v 0.013495 -0.000465 0.155467
v 0.012442 -0.000372 0.154935
v 0.023992 0.014903 0.150161
v 0.023461 0.018385 0.152374
v 0.021823 0.022513 0.155866
v 0.020612 0.027728 0.158419
v 0.020893 0.032086 0.159066
v 0.022943 0.037154 0.157443
v 0.023752 0.037935 0.156812
v 0.027429 0.033326 0.155415
v 0.027874 0.028902 0.154425
v 0.025031 0.018846 0.151461
v 0.025103 0.015264 0.149669
v 0.025617 0.012594 0.146936
v 0.025726 0.013267 0.150880
v 0.026960 0.013927 0.156040
v 0.026908 0.014173 0.161688
v 0.025204 0.014344 0.165532
v 0.020781 0.014283 0.168683
v 0.019569 0.014339 0.168904
v 0.018563 0.016502 0.163645
v 0.019675 0.016825 0.159736
v 0.024030 0.013755 0.150510
v 0.024498 0.013027 0.146791
v 0.026587 0.007505 0.139883
v 0.026344 0.011202 0.140891
v 0.022696 0.020446 0.144159
v 0.028059 0.011215 0.141444
v 0.022986 0.025589 0.144564
v 0.028516 0.031000 0.143519
v 0.029417 0.030591 0.143533
v 0.032433 0.025798 0.146847
v 0.032600 0.021234 0.146737
v 0.027770 0.007416 0.140114
v 0.031775 0.000802 0.133223
v 0.032564 0.002341 0.133896
v 0.025629 0.007775 0.141312
v 0.024487 0.016436 0.150827
v 0.024981 0.016452 0.150772
v 0.032389 0.000490 0.134354
v 0.026413 0.007591 0.141519
v 0.024526 0.016228 0.151066
v 0.026152 0.008466 0.141592
v 0.076744 -0.042871 0.203361
v 0.076580 -0.047255 0.204091
v 0.078622 -0.052840 0.205031
v 0.078694 -0.058474 0.203865
v 0.077012 -0.062329 0.202585
v 0.072496 -0.065386 0.201054
v 0.071228 -0.065679 0.201045
v 0.069904 -0.061256 0.204917
v 0.070837 -0.057428 0.206473
v 0.072719 -0.052666 0.207347
v 0.074833 -0.046795 0.204962
v 0.075606 -0.042562 0.204058
v 0.037921 0.004699 0.207936
v 0.034378 0.004408 0.210608
v 0.030761 0.002155 0.214861
v 0.025595 0.000463 0.216746
v 0.021207 0.000509 0.217011
v 0.016286 0.002948 0.215626
v 0.015530 0.003951 0.215289
v 0.020101 0.007862 0.215659
v 0.024263 0.008580 0.215345
v 0.029362 0.008325 0.214390
v 0.034375 0.006404 0.210413
v 0.037972 0.006068 0.207906
v 0.078683 0.029529 0.206904
v 0.078308 0.024637 0.208456
v 0.079162 0.024458 0.209022
v 0.082381 0.028141 0.208874
v 0.079719 0.034890 0.205419
v 0.086346 0.030779 0.209058
v 0.082222 0.038038 0.204077
v 0.089599 0.033454 0.208144
v 0.085958 0.040104 0.202848
v 0.091141 0.036692 0.205782
v 0.090920 0.039389 0.201663
v 0.077436 0.020742 0.207289
v 0.080339 0.023130 0.209820
v 0.085075 0.026236 0.212230
v 0.089465 0.028880 0.216166
v 0.091311 0.030387 0.220344
v 0.090853 0.030837 0.226524
v 0.090167 0.030814 0.227751
v 0.084304 0.030668 0.224723
v 0.081623 0.029215 0.220807
v 0.078709 0.023191 0.211047
v 0.076364 0.020936 0.208137
v 0.075200 0.014760 0.205931
v 0.074694 0.018081 0.208514
v 0.074417 0.021471 0.213749
v 0.072183 0.023104 0.219168
v 0.068845 0.023998 0.222314
v 0.062978 0.024421 0.223664
v 0.061650 0.024543 0.223369
v 0.062922 0.025886 0.217228
v 0.065882 0.024753 0.213075
v 0.073209 0.018582 0.207327
v 0.074182 0.015093 0.205122
v 0.082654 0.016776 0.205016
v 0.074188 0.010847 0.201166
v 0.073822 0.010299 0.201941
v 0.075823 0.012335 0.207391
v 0.077823 0.011549 0.211201
v 0.086074 0.017201 0.208177
v 0.081126 0.010534 0.214285
v 0.089274 0.015296 0.211166
v 0.085600 0.010519 0.215421
v 0.090668 0.010681 0.213888
v 0.075823 0.006979 0.196622
v 0.074050 0.007309 0.196590
v 0.080499 0.004890 0.208327
v 0.082602 0.002843 0.215871
v 0.081772 0.001718 0.221731
v 0.077285 0.004385 0.218275
v 0.076466 0.000024 0.227535
v 0.075096 -0.000027 0.228277
v 0.074341 0.001035 0.227905
v 0.072660 0.006497 0.222908
v 0.073171 0.008977 0.216890
v 0.074420 0.007458 0.202261
v 0.075891 0.006693 0.199996
v 0.073945 0.007714 0.199582
v 0.076600 0.000360 0.189263
v 0.073295 0.013226 0.204009
v 0.074202 0.010570 0.200528
v 0.073804 0.013104 0.204888
v 0.079113 0.025996 0.208932
v 0.076594 0.001465 0.189134
v 0.079152 0.026111 0.208431
v 0.078014 0.001098 0.188588
v 0.078308 0.001695 0.188792
v 0.075253 0.014714 0.206153
v 0.079568 0.025973 0.208285
v -0.022849 -0.010747 0.137055
v -0.025756 -0.009499 0.139803
v -0.030280 -0.008806 0.143185
v -0.034739 -0.006607 0.146499
v -0.036970 -0.003542 0.148824
v -0.037451 0.001888 0.150636
v -0.037011 0.003084 0.150889
v -0.031223 0.001359 0.150006
v -0.028268 -0.001356 0.147780
v -0.024450 -0.008175 0.140122
v -0.021989 -0.009873 0.137411
v -0.019361 -0.010195 0.134571
v -0.020816 -0.011952 0.137896
v -0.021723 -0.014116 0.142743
v -0.023603 -0.017243 0.147117
v -0.026233 -0.019830 0.149205
v -0.030732 -0.022944 0.149224
v -0.031808 -0.023365 0.148768
v -0.032151 -0.018898 0.145057
v -0.030236 -0.016057 0.142795
v -0.022329 -0.011828 0.136898
v -0.020446 -0.010086 0.134031
v -0.014755 -0.010914 0.129451
v -0.015223 -0.010169 0.128845
v -0.018308 -0.014015 0.132698
v -0.020876 -0.011051 0.128875
v -0.018690 -0.018573 0.135183
v -0.020585 -0.022939 0.135081
v -0.027653 -0.018932 0.127923
v -0.023123 -0.026850 0.133309
v -0.028096 -0.024078 0.128115
v -0.024966 -0.028623 0.129569
v -0.025705 -0.028531 0.128638
v -0.013799 -0.009733 0.127746
v -0.016221 -0.007535 0.129813
v -0.024957 -0.003317 0.133927
v -0.015008 -0.007374 0.131154
v -0.027515 0.000498 0.136376
v -0.025535 0.006818 0.140617
v -0.024599 0.006744 0.140951
v -0.020677 0.001940 0.143236
v -0.018139 -0.001474 0.141479
v -0.012867 -0.009610 0.128519
v -0.001073 -0.006644 0.122526
v -0.015852 -0.011009 0.128997
v -0.023564 -0.010176 0.138453
v -0.023416 -0.009910 0.138753
v -0.001176 -0.007315 0.124180
v -0.015215 -0.010508 0.129925
v -0.023398 -0.010231 0.138905
v -0.015842 -0.010187 0.129305
v -0.006974 -0.007761 0.123855
v -0.001761 -0.006070 0.123418
v -0.006781 -0.008488 0.124493
v 0.042196 0.008652 0.151892
v 0.042085 0.007517 0.152329
v 0.048012 0.011450 0.152896
v 0.048031 0.005208 0.153748
v 0.051302 0.015935 0.152201
v 0.054694 0.005455 0.152889
v 0.055467 0.017522 0.151175
v 0.059457 0.005894 0.150786
v 0.060572 0.017506 0.148645
v 0.063230 0.009118 0.148397
v 0.063604 0.014881 0.145375
v 0.064228 0.013725 0.145007
v 0.046926 0.027182 0.159767
v 0.046099 0.028028 0.159145
v 0.050629 0.029981 0.165218
v 0.045499 0.033978 0.163071
v 0.053789 0.028346 0.170669
v 0.053546 0.028223 0.176615
v 0.043714 0.037467 0.175522
v 0.051140 0.028869 0.182334
v 0.044027 0.035330 0.181613
v 0.046313 0.029605 0.185206
v 0.045066 0.030381 0.185460
v 0.100413 0.000408 0.232597
v 0.100565 0.000766 0.236739
v 0.100669 0.000059 0.242343
v 0.100098 0.000661 0.248216
v 0.099462 0.002794 0.252028
v 0.098243 0.007635 0.254785
v 0.098123 0.008915 0.254894
v 0.100956 0.009833 0.249618
v 0.101860 0.008346 0.245408
v 0.100851 0.002558 0.236272
v 0.100711 0.001621 0.232380
v 0.115457 0.019843 0.247336
v 0.122512 0.023024 0.253673
v 0.118461 0.020740 0.251210
v 0.127874 0.024968 0.255302
v 0.132285 0.025032 0.255461
v 0.137280 0.022947 0.253664
v 0.138043 0.022067 0.253111
v 0.133582 0.017968 0.253009
v 0.129119 0.017123 0.252662
v 0.118625 0.018833 0.250438
v 0.115616 0.018616 0.247270
v 0.099954 0.001915 0.228611
v 0.102538 0.000462 0.231301
v 0.106709 -0.000773 0.234409
v 0.110478 -0.003371 0.237726
v 0.111930 -0.006329 0.240345
v 0.111159 -0.011016 0.242978
v 0.110486 -0.011957 0.243405
v 0.105578 -0.009060 0.242472
v 0.103545 -0.006241 0.240344
v 0.101011 -0.000322 0.231855
v 0.098983 0.001408 0.229121
v 0.115184 0.018144 0.244622
v 0.110681 0.017750 0.252397
v 0.107035 0.018624 0.256629
v 0.104230 0.020817 0.258798
v 0.101668 0.025636 0.259906
v 0.101926 0.026817 0.260288
v 0.107089 0.027441 0.257701
v 0.110348 0.025683 0.255228
v 0.114334 0.019772 0.247846
v 0.115636 0.018648 0.244461
v 0.098028 0.001408 0.222278
v 0.097593 0.002335 0.222556
v 0.100040 -0.001118 0.225928
v 0.097594 0.002735 0.228221
v 0.102232 -0.006100 0.227881
v 0.098079 -0.008648 0.236359
v 0.101978 -0.009489 0.231400
v 0.096207 -0.002165 0.236465
v 0.101362 -0.010954 0.236090
v 0.097029 -0.005644 0.239489
v 0.099653 -0.009115 0.240732
v 0.110711 0.021396 0.240475
v 0.112352 0.016654 0.238390
v 0.111478 0.017153 0.238566
v 0.115521 0.021132 0.238698
v 0.111198 0.033845 0.240895
v 0.107661 0.025503 0.243035
v 0.107245 0.030320 0.243780
v 0.116987 0.030714 0.239504
v 0.109091 0.034857 0.244513
v 0.116046 0.034927 0.241327
v 0.113741 0.037020 0.244464
v 0.097241 0.003347 0.220415
v 0.096696 0.004594 0.224006
v 0.093819 0.005189 0.234045
v 0.098216 0.005562 0.223952
v 0.092796 0.007848 0.238357
v 0.094195 0.015073 0.240962
v 0.094924 0.015500 0.240446
v 0.100602 0.013610 0.237756
v 0.101964 0.011435 0.233975
v 0.098214 0.004035 0.220217
v 0.111874 0.016212 0.235954
v 0.115060 0.016590 0.238063
v 0.122835 0.020628 0.243779
v 0.114870 0.014930 0.238736
v 0.127577 0.020442 0.245826
v 0.132955 0.014914 0.247038
v 0.132549 0.014011 0.246998
v 0.126906 0.011230 0.248859
v 0.122612 0.010994 0.247315
v 0.111698 0.015053 0.236245
v 0.098191 0.006791 0.209282
v 0.098392 0.007717 0.210425
v 0.097498 0.002132 0.221578
v 0.100754 0.001232 0.234095
v 0.101042 0.001619 0.233972
v 0.099514 0.006800 0.209641
v 0.098209 0.002527 0.221339
v 0.101005 0.001039 0.234050
v 0.097838 0.002721 0.222216
v 0.108663 0.010877 0.229803
v 0.112158 0.017521 0.238564
v 0.116706 0.019735 0.248816
v 0.107628 0.012052 0.228692
v 0.111769 0.016745 0.238263
v 0.116838 0.019396 0.249002
v 0.109118 0.011843 0.228764
v 0.112424 0.016637 0.237878
v 0.117000 0.019475 0.248909
v 0.117127 0.007708 0.212889
v 0.118996 0.009249 0.213176
v 0.122777 0.010543 0.214971
v 0.128057 0.015739 0.217019
v 0.130527 0.020245 0.217131
v 0.132708 0.024567 0.214089
v 0.132399 0.025337 0.214870
v 0.130940 0.017545 0.210276
v 0.128646 0.012322 0.209668
v 0.123896 0.009508 0.210109
v 0.119330 0.008876 0.211441
v 0.117325 0.007407 0.211636
v 0.146864 0.042719 0.214163
v 0.137070 0.041508 0.204782
v 0.136672 0.042656 0.204593
v 0.140613 0.047670 0.207657
v 0.142426 0.052413 0.210286
v 0.150186 0.045896 0.217802
v 0.144243 0.056158 0.214022
v 0.151001 0.049985 0.221785
v 0.146631 0.057209 0.218947
v 0.148691 0.053954 0.224300
v 0.148009 0.055152 0.224273
v 0.126954 0.037314 0.203744
v 0.129537 0.039481 0.200943
v 0.132242 0.043376 0.197347
v 0.135436 0.046154 0.192749
v 0.138387 0.046434 0.189164
v 0.142008 0.043683 0.185238
v 0.142762 0.042650 0.184779
v 0.142323 0.039578 0.190358
v 0.139725 0.038600 0.194273
v 0.130556 0.037795 0.201074
v 0.127767 0.036260 0.203846
v 0.126248 0.033563 0.203567
v 0.128139 0.037012 0.206439
v 0.125775 0.034389 0.202598
v 0.131008 0.040137 0.210614
v 0.132942 0.044691 0.214906
v 0.133043 0.049072 0.217040
v 0.130342 0.055779 0.216712
v 0.129434 0.053500 0.210909
v 0.129748 0.049048 0.207697
v 0.127000 0.037993 0.204962
v 0.136323 0.042106 0.204069
v 0.139269 0.040761 0.203211
v 0.143236 0.042026 0.200635
v 0.150204 0.041890 0.196577
v 0.153211 0.039516 0.195110
v 0.154383 0.038827 0.195633
v 0.152586 0.038220 0.201409
v 0.148938 0.038539 0.204344
v 0.136142 0.041359 0.204941
v 0.128530 0.024866 0.218622
v 0.131911 0.020440 0.234361
v 0.132280 0.022579 0.227706
v 0.129770 0.019883 0.238705
v 0.124563 0.022476 0.243010
v 0.125709 0.027206 0.239010
v 0.127452 0.028531 0.234855
v 0.129669 0.028449 0.229300
v 0.129696 0.026807 0.222862
v 0.128526 0.026590 0.218540
v 0.134950 0.029974 0.223561
v 0.138552 0.031714 0.224412
v 0.142778 0.034962 0.225967
v 0.147890 0.037723 0.226451
v 0.152129 0.038396 0.225816
v 0.156923 0.036884 0.223337
v 0.157693 0.036083 0.222727
v 0.154019 0.031498 0.223701
v 0.149816 0.030043 0.224217
v 0.139147 0.030074 0.223822
v 0.135440 0.028866 0.223274
v 0.127845 0.025074 0.215982
v 0.131490 0.024896 0.217007
v 0.141254 0.020341 0.218325
v 0.145083 0.020387 0.220499
v 0.148229 0.019713 0.225904
v 0.147230 0.019354 0.226624
v 0.142545 0.021609 0.227176
v 0.137927 0.021827 0.225646
v 0.127446 0.024950 0.217137
v 0.115901 0.021113 0.198315
v 0.118677 0.022012 0.198428
v 0.123730 0.024578 0.197129
v 0.131641 0.023601 0.194762
v 0.135382 0.021610 0.194348
v 0.138714 0.016791 0.195030
v 0.128127 0.019236 0.200935
v 0.122312 0.020936 0.201524
v 0.118239 0.020692 0.199767
v 0.115674 0.020598 0.199513
v 0.118213 0.022222 0.200801
v 0.118207 0.023193 0.203267
v 0.117804 0.023342 0.199873
v 0.119840 0.024032 0.208472
v 0.120628 0.025993 0.213867
v 0.119294 0.027922 0.219141
v 0.116265 0.029873 0.222717
v 0.117330 0.028606 0.215704
v 0.109740 0.031389 0.225073
v 0.109869 0.031967 0.223589
v 0.114230 0.032118 0.213970
v 0.115792 0.028544 0.206061
v 0.116865 0.024592 0.202465
v 0.110222 0.007485 0.206725
v 0.112621 0.006446 0.209516
v 0.115662 0.003188 0.212959
v 0.116429 -0.000552 0.216904
v 0.115664 -0.002497 0.220565
v 0.112816 -0.002791 0.225197
v 0.112084 -0.002347 0.226083
v 0.112642 0.003060 0.224101
v 0.112852 0.005816 0.220282
v 0.111897 0.007774 0.210442
v 0.109721 0.008388 0.207356
v 0.120168 0.009759 0.206903
v 0.110349 0.008282 0.207552
v 0.110194 0.007391 0.207393
v 0.114820 0.004346 0.207757
v 0.117332 0.001775 0.206128
v 0.123866 0.008519 0.205294
v 0.120213 0.000140 0.203581
v 0.126202 0.006667 0.202184
v 0.123452 0.000717 0.201028
v 0.125972 0.003644 0.198214
v 0.118102 0.008623 0.211425
v 0.119090 0.006932 0.213140
v 0.123515 0.004874 0.215417
v 0.126669 -0.000667 0.221520
v 0.126725 -0.001619 0.227462
v 0.126673 -0.002623 0.227364
v 0.125088 0.004873 0.224669
v 0.124055 0.008248 0.221007
v 0.121148 0.009053 0.217133
v 0.118604 0.008181 0.213969
v 0.122747 0.023780 0.205185
v 0.136738 0.018198 0.206442
v 0.130691 0.020827 0.205383
v 0.139334 0.015382 0.208976
v 0.139862 0.009129 0.210464
v 0.138864 0.009135 0.211116
v 0.134656 0.011270 0.211415
v 0.127150 0.022078 0.207401
v 0.122529 0.023569 0.206356
v 0.111721 0.003417 0.186380
v 0.109428 0.001100 0.182722
v 0.111910 0.005092 0.182771
v 0.115581 0.005476 0.189011
v 0.114662 0.008256 0.181820
v 0.117934 0.008339 0.189956
v 0.116911 0.011424 0.181938
v 0.119644 0.011961 0.189803
v 0.118802 0.014072 0.184043
v 0.119319 0.016195 0.187915
v 0.104659 0.001381 0.183183
v 0.107976 0.002576 0.181112
v 0.112082 0.005282 0.178533
v 0.116366 0.006935 0.174940
v 0.119469 0.006440 0.171948
v 0.122178 0.003126 0.168329
v 0.122540 0.002010 0.167849
v 0.120401 -0.000935 0.172562
v 0.117323 -0.001190 0.175804
v 0.108271 0.000758 0.181118
v 0.104992 0.000182 0.183221
v 0.099020 -0.000257 0.182724
v 0.102615 -0.001554 0.182624
v 0.107334 -0.003965 0.180717
v 0.110440 -0.008119 0.178918
v 0.111906 -0.012071 0.178827
v 0.111931 -0.017097 0.180923
v 0.111724 -0.017938 0.181799
v 0.110581 -0.013846 0.185727
v 0.108476 -0.009712 0.186558
v 0.102340 -0.002039 0.184307
v 0.098825 -0.000593 0.183871
v 0.101344 0.006002 0.180570
v 0.093881 0.000902 0.184730
v 0.093693 0.000191 0.184180
v 0.097739 -0.000753 0.180499
v 0.098885 -0.001190 0.176748
v 0.103410 0.007074 0.177051
v 0.099750 -0.000317 0.172755
v 0.103511 0.007823 0.172809
v 0.100823 0.002490 0.169872
v 0.101080 0.007064 0.168513
v 0.090154 0.000461 0.185539
v 0.094724 -0.001184 0.187166
v 0.100441 -0.004734 0.188924
v 0.106532 -0.007189 0.192117
v 0.110944 -0.006966 0.195284
v 0.115183 -0.001567 0.200222
v 0.114333 -0.003512 0.200679
v 0.114671 -0.002456 0.201561
v 0.111629 0.002324 0.196009
v 0.107163 0.003080 0.192701
v 0.095002 0.001080 0.187509
v 0.090502 0.001974 0.185698
v 0.085649 0.003792 0.186969
v 0.099110 -0.000099 0.183405
v 0.109733 0.002415 0.183444
v 0.085420 0.001861 0.187031
v 0.099265 -0.000937 0.183528
v 0.109653 0.002663 0.183784
v 0.084981 0.003313 0.186424
v 0.098763 -0.000429 0.182654
v 0.109541 0.003046 0.183623
v 0.136065 0.029521 0.223941
v 0.137746 0.029745 0.226268
v 0.140125 0.029260 0.229252
v 0.142058 0.029500 0.232823
v 0.142907 0.030752 0.235446
v 0.142649 0.034425 0.238286
v 0.141689 0.035693 0.234355
v 0.140940 0.034975 0.231612
v 0.137435 0.030991 0.226081
v 0.135956 0.030378 0.223848
v -0.002051 0.047359 0.103757
v -0.006265 0.045721 0.096492
v -0.006583 0.045897 0.089608
v -0.002706 0.042711 0.080346
v -0.001154 0.044453 0.079086
v -0.005912 0.024026 0.084440
v -0.005835 0.023919 0.074375
v 0.000390 0.029724 0.065194
v 0.008238 0.058716 0.080073
v 0.001239 0.029568 0.062736
v 0.001075 0.014964 0.049227
v -0.002172 -0.001935 0.041995
v -0.001327 0.046867 0.103654
v -0.002006 0.041570 0.080467
v -0.006249 0.046249 0.093640
v -0.005923 0.023783 0.084535
v -0.005415 0.024154 0.075958
v 0.008465 0.058511 0.079963
v 0.001958 0.051244 0.080928
v -0.000253 0.043107 0.079257
v -0.001541 0.037901 0.074713
v 0.002839 0.029073 0.063577
v 0.002764 0.013540 0.050102
v -0.001182 0.000438 0.047136
v -0.002361 -0.002481 0.043893
v -0.002161 0.047078 0.103809
v -0.006715 0.045341 0.093435
v 0.008451 0.058569 0.079485
v 0.001124 0.051869 0.080050
v 0.001413 0.052194 0.081015
v -0.006041 0.023519 0.084279
v -0.003218 0.025561 0.070561
v -0.002408 0.040880 0.076517
v -0.002903 0.038535 0.075311
v 0.001221 0.027880 0.063249
v 0.000866 0.015195 0.051386
v -0.003711 -0.001865 0.043484
v -0.000362 -0.003027 0.042617
v -0.001009 -0.001233 0.040367
v 0.003402 -0.004835 0.042726
v 0.019763 -0.013241 0.054943
v 0.021937 -0.012105 0.053919
v 0.025690 -0.028450 0.077972
v 0.026326 -0.028051 0.077839
v 0.025954 -0.028540 0.077792
v -0.000727 -0.000152 0.041837
v 0.019803 -0.011053 0.054603
v 0.016102 -0.009801 0.050727
v 0.017729 -0.011389 0.052240
v 0.029147 -0.008631 0.059211
v 0.040045 -0.014563 0.062847
v 0.029905 -0.007174 0.058840
v 0.040072 -0.014433 0.063103
v 0.017808 -0.010707 0.050411
v 0.029787 -0.008288 0.057555
v 0.040281 -0.014321 0.062574
v 0.016183 -0.010481 0.052690
v 0.016701 0.066106 0.072995
v 0.006075 0.057370 0.079601
v 0.006729 0.056746 0.080642
v 0.014027 0.059502 0.082065
v 0.020218 0.060073 0.083620
v 0.022823 0.068444 0.072527
v 0.026458 0.060645 0.083505
v 0.029254 0.067814 0.072472
v 0.031631 0.062152 0.080343
v 0.033654 0.064068 0.073497
v 0.034393 0.063096 0.074443
v 0.006362 0.056611 0.080814
v 0.009845 0.062187 0.083102
v 0.013885 0.068068 0.086985
v 0.017317 0.075687 0.089634
v 0.019086 0.081949 0.089154
v 0.017347 0.080337 0.083324
v 0.018100 0.089448 0.084854
v 0.017717 0.090498 0.083573
v 0.018004 0.089805 0.082302
v 0.018814 0.082869 0.077979
v 0.017031 0.076468 0.077282
v 0.009600 0.062509 0.080279
v 0.006487 0.056988 0.078984
v 0.015138 0.048819 0.084753
v 0.001409 0.051186 0.079900
v 0.022777 0.052371 0.088206
v 0.026048 0.055381 0.090871
v 0.025803 0.056309 0.097131
v 0.027272 0.056751 0.093138
v 0.027591 0.055553 0.096091
v 0.021165 0.056699 0.098308
v 0.015861 0.054301 0.098612
v 0.009760 0.052802 0.094636
v 0.004479 0.051935 0.084952
v 0.000665 0.051482 0.081366
v -0.002206 0.041497 0.079447
v -0.003622 0.044056 0.079645
v -0.010322 0.056809 0.084210
v -0.013994 0.061194 0.083967
v -0.009960 0.057534 0.080097
v -0.016931 0.067182 0.081335
v -0.011204 0.063908 0.078750
v -0.006726 0.060131 0.078066
v -0.004595 0.055594 0.076746
v -0.002668 0.049504 0.076159
v -0.002178 0.044548 0.077995
v -0.001423 0.041790 0.078108
v -0.003745 0.047245 0.109751
v -0.003066 0.046809 0.101789
v -0.001901 0.047569 0.101379
v 0.002109 0.050780 0.107826
v -0.004958 0.050539 0.117733
v 0.004808 0.056061 0.110785
v -0.005220 0.055607 0.121806
v 0.005656 0.061753 0.114042
v -0.004417 0.061999 0.124024
v 0.003338 0.066219 0.118292
v -0.003204 0.067794 0.122224
v -0.002242 0.068863 0.121461
v -0.003533 0.046161 0.098382
v -0.000447 0.046137 0.100725
v 0.003969 0.046737 0.103143
v 0.008706 0.044099 0.104740
v 0.003758 0.045064 0.105639
v 0.012411 0.039948 0.106211
v 0.014714 0.036181 0.108651
v 0.014919 0.030746 0.111846
v 0.014688 0.030452 0.113090
v 0.010802 0.034892 0.114121
v 0.006969 0.038413 0.113985
v 0.002764 0.043323 0.112011
v -0.000400 0.046127 0.107696
v -0.002377 0.045797 0.102709
v -0.004570 0.045972 0.099640
v -0.005936 0.024246 0.082083
v 0.003229 0.028331 0.090885
v -0.004394 0.022918 0.087511
v 0.008536 0.028423 0.094319
v 0.011982 0.027195 0.096643
v 0.013168 0.022449 0.098600
v 0.013553 0.025767 0.097940
v 0.014526 0.023291 0.097555
v 0.009354 0.020773 0.099591
v 0.004937 0.019321 0.098368
v -0.000081 0.019663 0.094513
v -0.006355 0.023128 0.082719
v -0.006266 0.023058 0.082236
v -0.005509 0.024769 0.082921
v -0.009026 0.022544 0.085103
v -0.011412 0.020903 0.098929
v -0.012399 0.020636 0.101190
v -0.013864 0.024209 0.102733
v -0.008811 0.028494 0.098813
v -0.014388 0.028413 0.103928
v -0.008358 0.034559 0.097654
v -0.009309 0.038312 0.097499
v -0.014872 0.035273 0.103811
v -0.014436 0.039303 0.102065
v -0.013639 0.042011 0.098859
v -0.013801 0.019609 0.106756
v -0.010936 0.017289 0.107638
v -0.011587 0.015811 0.115809
v -0.016955 0.020382 0.113982
v -0.013589 0.014745 0.121329
v -0.019810 0.019854 0.119237
v -0.017826 0.013852 0.126561
v -0.022748 0.017576 0.124809
v -0.024153 0.015631 0.128360
v -0.007498 0.023999 0.085475
v -0.012000 0.018890 0.101146
v -0.016433 0.017182 0.117780
v -0.013035 0.041832 0.097501
v -0.006125 0.045002 0.095608
v -0.007099 0.046998 0.100054
v -0.007444 0.047434 0.106759
v -0.010643 0.048669 0.112197
v -0.013985 0.050896 0.115027
v -0.018394 0.055387 0.115703
v -0.019011 0.056670 0.115409
v -0.014108 0.058384 0.111123
v -0.010801 0.057008 0.108029
v -0.007441 0.054085 0.104307
v -0.006766 0.048923 0.098956
v -0.005777 0.046319 0.094908
v 0.001425 0.022414 0.072592
v -0.004683 0.024954 0.072018
v -0.005430 0.024364 0.072787
v -0.002206 0.019957 0.076478
v 0.007832 0.019230 0.074110
v -0.000798 0.015485 0.080043
v 0.010963 0.015005 0.075649
v 0.001343 0.010850 0.082268
v 0.012273 0.009751 0.077558
v 0.005264 0.006922 0.082201
v 0.010325 0.005003 0.078482
v 0.009398 0.004194 0.079090
v -0.004921 0.023860 0.072724
v -0.004230 0.027326 0.082680
v -0.003916 0.026412 0.076732
v -0.005638 0.029902 0.088733
v -0.007070 0.033395 0.092022
v -0.009373 0.039330 0.093169
v -0.009681 0.040717 0.092822
v -0.006000 0.040327 0.087032
v -0.004282 0.037490 0.083202
v -0.004195 0.024709 0.071893
v -0.006400 0.044502 0.088773
v -0.008940 0.048599 0.089982
v -0.013503 0.052411 0.093129
v -0.018262 0.056734 0.093099
v -0.020797 0.060601 0.091441
v -0.021248 0.065476 0.087429
v -0.020710 0.066516 0.086568
v -0.014355 0.064993 0.088196
v -0.011222 0.061718 0.089560
v -0.008421 0.056807 0.090871
v -0.007030 0.049620 0.089404
v -0.005067 0.045206 0.088505
v 0.001132 -0.005435 0.116309
v -0.001775 -0.004755 0.115676
v 0.000035 0.000927 0.121530
v -0.013600 0.020666 0.132388
v -0.011394 0.022295 0.130986
v -0.021334 0.027935 0.145166
v -0.027665 0.043777 0.167309
v -0.027466 0.025773 0.150940
v -0.038532 0.028730 0.163498
v -0.038426 0.029155 0.163819
v -0.019844 0.061519 0.179992
v -0.022516 0.065160 0.193218
v -0.026195 0.046023 0.167889
v -0.026477 0.038684 0.183945
v -0.027181 0.039340 0.182186
v -0.027551 0.042382 0.197491
v -0.001399 -0.001244 0.122242
v -0.011799 0.021225 0.133964
v -0.018825 0.028978 0.143873
v -0.019841 0.059838 0.180142
v -0.021781 0.065635 0.193251
v -0.020943 0.029116 0.147757
v -0.027519 0.026579 0.152235
v -0.025166 0.044122 0.167362
v -0.027091 0.040407 0.184289
v -0.024554 0.046004 0.166291
v -0.027137 0.042720 0.197546
v -0.000305 -0.002950 0.114742
v -0.002043 0.002647 0.120239
v -0.021835 0.030125 0.145483
v -0.026702 0.046106 0.166125
v -0.021021 0.060524 0.179434
v -0.022271 0.065915 0.193058
v -0.027818 0.026793 0.151195
v -0.038634 0.029255 0.163616
v -0.027663 0.042769 0.197487
v -0.021094 -0.067085 0.195575
v -0.020674 -0.068295 0.195572
v -0.019245 -0.070214 0.200858
v -0.022310 -0.065725 0.202370
v -0.022510 -0.064668 0.208546
v -0.017419 -0.073481 0.205627
v -0.020839 -0.065120 0.213467
v -0.015180 -0.074946 0.210205
v -0.017662 -0.066689 0.217629
v -0.013652 -0.073678 0.215101
v -0.013247 -0.068641 0.218783
v -0.012363 -0.069596 0.218663
v -0.019164 -0.065518 0.191103
v -0.019597 -0.070040 0.194337
v -0.018681 -0.075810 0.199155
v -0.018956 -0.082807 0.202920
v -0.021091 -0.088148 0.204309
v -0.025135 -0.085784 0.201048
v -0.025841 -0.094082 0.202190
v -0.027001 -0.094806 0.201477
v -0.028013 -0.093943 0.201334
v -0.030523 -0.086960 0.200689
v -0.029332 -0.081227 0.198957
v -0.021940 -0.069963 0.193437
v -0.020808 -0.065500 0.190674
v -0.017300 -0.062840 0.183762
v -0.021189 -0.064743 0.186668
v -0.026836 -0.069363 0.189067
v -0.033494 -0.072759 0.188640
v -0.039116 -0.073167 0.187507
v -0.046141 -0.068041 0.185416
v -0.045243 -0.069845 0.184315
v -0.046114 -0.068750 0.183779
v -0.041490 -0.063631 0.188556
v -0.036281 -0.062281 0.189870
v -0.029512 -0.062329 0.190377
v -0.021861 -0.062435 0.186939
v -0.017759 -0.061264 0.183936
v -0.013125 -0.063097 0.186789
v -0.012797 -0.057653 0.180246
v -0.013577 -0.058271 0.179038
v -0.016537 -0.065288 0.180763
v -0.014173 -0.072154 0.185617
v -0.012089 -0.070369 0.192345
v -0.018350 -0.073126 0.179878
v -0.009946 -0.077005 0.193006
v -0.016943 -0.080064 0.179121
v -0.008039 -0.083795 0.190966
v -0.013082 -0.085717 0.180992
v -0.006402 -0.087578 0.185727
v -0.006776 -0.088217 0.184137
v -0.011067 -0.054636 0.176296
v -0.016244 -0.054806 0.180872
v -0.024562 -0.055320 0.185555
v -0.032018 -0.054319 0.192081
v -0.035195 -0.052783 0.198599
v -0.028145 -0.052718 0.199906
v -0.034248 -0.048289 0.207366
v -0.033376 -0.047542 0.208902
v -0.031926 -0.048325 0.209156
v -0.024793 -0.053418 0.205929
v -0.020452 -0.055420 0.199928
v -0.013864 -0.054877 0.182911
v -0.009536 -0.054817 0.177763
v 0.012251 -0.036395 0.172770
v 0.014800 -0.039509 0.176414
v 0.019036 -0.042422 0.181698
v 0.023332 -0.047093 0.186130
v 0.025358 -0.052106 0.188121
v 0.024284 -0.060938 0.187037
v 0.026173 -0.059637 0.186845
v 0.025895 -0.060993 0.186264
v 0.018187 -0.058019 0.184701
v 0.015257 -0.053407 0.182357
v 0.013165 -0.041130 0.175588
v 0.011116 -0.037537 0.172391
v 0.008936 -0.035607 0.168266
v 0.009433 -0.035347 0.173980
v 0.008155 -0.035066 0.181572
v 0.008487 -0.033531 0.189531
v 0.010896 -0.031534 0.194695
v 0.016674 -0.027178 0.198266
v 0.017871 -0.026213 0.198321
v 0.018770 -0.026928 0.197699
v 0.020813 -0.031091 0.191664
v 0.019493 -0.033096 0.186365
v 0.015956 -0.034682 0.180381
v 0.011767 -0.034950 0.173347
v 0.010646 -0.035488 0.168011
v -0.013266 -0.044423 0.196665
v -0.006344 -0.046071 0.191780
v -0.005148 -0.045251 0.192433
v -0.007348 -0.040799 0.200116
v -0.020543 -0.041748 0.202147
v -0.007813 -0.035877 0.205613
v -0.024068 -0.037106 0.206226
v -0.009872 -0.030586 0.210091
v -0.025388 -0.030829 0.210026
v -0.015109 -0.026315 0.212596
v -0.023274 -0.024467 0.210971
v -0.021978 -0.023313 0.211378
v -0.005528 -0.038312 0.209236
v -0.007819 -0.046259 0.197498
v -0.006314 -0.037581 0.218032
v -0.006535 -0.038721 0.222940
v -0.002100 -0.041652 0.226061
v -0.005758 -0.039753 0.225470
v -0.002864 -0.039732 0.226628
v -0.000452 -0.045008 0.223260
v 0.002167 -0.046486 0.218449
v 0.001116 -0.047598 0.211376
v -0.004904 -0.046736 0.202489
v -0.006684 -0.047397 0.197741
v -0.004748 -0.044965 0.187978
v -0.004211 -0.048513 0.192549
v -0.002839 -0.051979 0.199506
v -0.001085 -0.057313 0.205600
v -0.000346 -0.062828 0.208258
v -0.002853 -0.064020 0.202997
v 0.000679 -0.070906 0.207103
v 0.000627 -0.072328 0.206356
v -0.000501 -0.072353 0.205537
v -0.005847 -0.068641 0.201304
v -0.007299 -0.063491 0.197859
v -0.005456 -0.050128 0.190908
v -0.005707 -0.046108 0.187023
v -0.010999 -0.050505 0.206765
v -0.014935 -0.054499 0.212484
v -0.011965 -0.048606 0.206461
v -0.020879 -0.058166 0.216815
v -0.026576 -0.059160 0.218810
v -0.026922 -0.054118 0.215766
v -0.034535 -0.057917 0.217534
v -0.035857 -0.057220 0.216977
v -0.035628 -0.055859 0.216889
v -0.030791 -0.049926 0.216069
v -0.025648 -0.047976 0.213950
v -0.019006 -0.047745 0.211122
v -0.007711 -0.048042 0.203893
v 0.005053 -0.032194 0.158277
v 0.006617 -0.036066 0.161050
v 0.013955 -0.044014 0.169376
v 0.004404 -0.036744 0.161466
v 0.015669 -0.050026 0.171906
v 0.012221 -0.058558 0.171328
v 0.011431 -0.059482 0.171887
v 0.010377 -0.059343 0.171643
v 0.003762 -0.054171 0.173315
v 0.001659 -0.048964 0.171310
v 0.003529 -0.032597 0.158341
v 0.001428 0.015102 0.132504
v 0.001496 0.016354 0.136756
v 0.055943 0.054769 0.166064
v 0.055361 0.055192 0.166956
v 0.058442 0.056813 0.170807
v 0.061874 0.056603 0.167111
v 0.067114 0.057799 0.168722
v 0.060487 0.058812 0.175418
v 0.070558 0.058330 0.171827
v 0.063165 0.059469 0.179279
v 0.072797 0.058339 0.176177
v 0.067380 0.059102 0.181391
v 0.072143 0.057182 0.181295
v 0.053063 0.051441 0.164802
v 0.053538 0.055172 0.168081
v 0.054560 0.059190 0.173442
v 0.054313 0.064378 0.178305
v 0.053134 0.069156 0.180260
v 0.049693 0.076293 0.178002
v 0.049199 0.074980 0.179584
v 0.048415 0.075935 0.178970
v 0.051633 0.073475 0.172388
v 0.052800 0.068979 0.169510
v 0.053066 0.056369 0.166239
v 0.052871 0.052356 0.163603
v 0.048486 0.046742 0.161858
v 0.050165 0.051080 0.161487
v 0.050366 0.057946 0.161240
v 0.049028 0.063989 0.158674
v 0.048416 0.067478 0.154943
v 0.048660 0.069027 0.148485
v 0.049084 0.068828 0.147056
v 0.053719 0.063824 0.148881
v 0.054724 0.059253 0.152227
v 0.051469 0.050263 0.159965
v 0.049368 0.046181 0.160815
v 0.050367 0.045063 0.165730
v 0.047774 0.039976 0.160680
v 0.046628 0.040496 0.160065
v 0.045014 0.046844 0.162500
v 0.045455 0.050580 0.169351
v 0.051267 0.050061 0.172221
v 0.040936 0.052228 0.165113
v 0.048607 0.052671 0.177263
v 0.037107 0.055093 0.169325
v 0.043821 0.054786 0.181235
v 0.035685 0.056380 0.175380
v 0.037956 0.054490 0.182289
v 0.036475 0.054661 0.181798
v 0.045965 0.036088 0.158732
v 0.049824 0.040788 0.157285
v 0.053835 0.047538 0.154058
v 0.059889 0.053459 0.151280
v 0.065842 0.056361 0.150903
v 0.066378 0.052196 0.155729
v 0.074521 0.055593 0.152422
v 0.075984 0.055005 0.153132
v 0.075700 0.054626 0.154555
v 0.070367 0.052114 0.160469
v 0.064598 0.048738 0.161943
v 0.051160 0.039789 0.159553
v 0.046890 0.035618 0.160329
v 0.066405 0.037166 0.159583
v 0.061361 0.032398 0.162971
v 0.062139 0.031348 0.163536
v 0.070228 0.032281 0.162685
v 0.072400 0.041736 0.155660
v 0.076713 0.031254 0.161869
v 0.077910 0.042424 0.152546
v 0.082707 0.030751 0.159483
v 0.083770 0.040706 0.149860
v 0.086975 0.032310 0.154906
v 0.087205 0.035990 0.148225
v 0.087937 0.034620 0.148587
v 0.058814 0.029725 0.161987
v 0.060680 0.032648 0.165863
v 0.064351 0.035640 0.171103
v 0.066485 0.039223 0.177235
v 0.065976 0.042623 0.181552
v 0.060340 0.048032 0.185118
v 0.061358 0.046272 0.185970
v 0.060145 0.046915 0.186400
v 0.058440 0.047545 0.178553
v 0.058234 0.044593 0.173687
v 0.058788 0.033915 0.165315
v 0.057640 0.030727 0.161627
v 0.071238 0.041935 0.167910
v 0.074137 0.048259 0.169639
v 0.071939 0.041382 0.166203
v 0.076276 0.055292 0.169424
v 0.077810 0.060010 0.167110
v 0.079431 0.063369 0.159453
v 0.078019 0.063999 0.161000
v 0.078009 0.064288 0.159603
v 0.080209 0.056668 0.158647
v 0.078544 0.051001 0.160195
v 0.069885 0.037669 0.167625
vn 0.8816 0.4678 -0.0638
vn -0.9887 0.0404 0.1441
vn -0.9776 0.1945 -0.0810
vn 0.9645 -0.2530 0.0758
vn -0.9452 -0.2011 -0.2572
vn 0.9352 -0.1216 0.3325
vn 0.9175 -0.3612 -0.1666
vn -0.7801 -0.6256 0.0083
vn -0.6226 -0.7472 0.2326
vn 0.7094 0.7002 -0.0808
vn -0.1609 -0.9483 0.2736
vn 0.9880 0.0172 0.1534
vn -0.9269 -0.3621 -0.0984
vn 0.6157 0.6613 0.4284
vn 0.9939 -0.1032 -0.0378
vn -0.9914 0.0883 -0.0971
vn -0.9331 0.2436 0.2644
vn -0.2467 -0.9567 0.1543
vn 0.6379 0.6737 -0.3731
vn -0.8971 0.2453 0.3675
vn 0.4491 0.7083 -0.5447
vn -0.6192 -0.7357 0.2746
vn -0.1175 0.9923 0.0383
vn -0.2160 0.8433 -0.4921
vn -0.2856 -0.6175 0.7329
vn 0.0461 0.7846 -0.6183
vn 0.3573 -0.8532 0.3801
vn -0.1788 -0.8488 -0.4975
vn -0.1603 0.7875 0.5952
vn -0.6541 -0.6410 -0.4015
vn 0.8937 -0.3370 -0.2963
vn -0.4494 -0.8544 -0.2609
vn 0.2895 -0.1477 0.9457
vn -0.2639 0.9397 0.2178
vn 0.7326 0.2147 -0.6459
vn -0.2777 -0.9597 0.0439
vn 0.3628 0.9237 0.1231
vn 0.8632 -0.1304 -0.4877
vn 0.0959 0.9877 0.1236
vn -0.2758 0.9603 0.0425
vn -0.0798 0.9968 -0.0091
vn -0.1597 0.9595 0.2320
vn -0.6613 0.6980 0.2748
vn -0.4400 0.8630 0.2484
vn -0.1162 0.9900 0.0797
vn -0.6898 0.6854 0.2334
vn 0.0914 0.9957 0.0158
vn -0.1617 0.9397 -0.3014
vn -0.4450 0.8861 -0.1293
vn 0.1594 0.9738 0.1623
vn 0.1767 0.7149 0.6765
vn -0.7589 -0.2090 0.6168
vn -0.7346 0.2792 0.6184
vn -0.6971 -0.5543 0.4547
vn -0.0323 -0.9573 0.2873
vn 0.0038 -0.9930 -0.1181
vn 0.1911 -0.9800 0.0552
vn 0.6773 -0.6406 -0.3619
vn 0.8024 -0.2743 -0.5300
vn 0.9284 0.3555 0.1077
vn -0.9087 0.0296 0.4165
vn 0.9111 -0.3929 -0.1251
vn 0.2068 -0.9740 -0.0929
vn 0.0485 -0.9841 -0.1708
vn -0.1084 -0.9935 0.0361
vn 0.8275 -0.2823 -0.4854
vn -0.4323 -0.4739 0.7672
vn 0.7764 -0.3064 -0.5508
vn 0.5225 -0.5803 -0.6247
vn 0.5465 -0.7492 -0.3742
vn -0.6122 0.4334 0.6613
vn 0.9944 0.0504 0.0931
vn -0.4087 -0.5602 -0.7205
vn 0.6356 0.7698 -0.0575
vn 0.9570 0.1258 -0.2612
vn 0.5803 0.8036 -0.1323
vn 0.6788 0.7261 0.1096
vn -0.6537 -0.4769 -0.5876
vn 0.7739 0.4977 0.3916
vn 0.0756 -0.4588 0.8853
vn -0.1342 0.9557 0.2618
vn 0.9675 0.2450 0.0631
vn 0.5835 0.7122 0.3904
vn -0.6715 0.3918 0.6290
vn -0.9997 -0.0157 -0.0198
vn -0.3758 0.8727 0.3117
vn -0.9451 0.3221 -0.0557
vn -0.1362 -0.3406 -0.9303
vn -0.3358 0.5830 0.7398
vn -0.8046 0.1026 0.5849
vn -0.9140 -0.2309 0.3336
vn -0.4909 0.8674 0.0807
vn -0.2511 -0.9608 -0.1172
vn -0.9216 -0.1191 -0.3694
vn -0.9869 -0.0517 -0.1527
vn 0.4823 -0.7320 -0.4812
vn 0.6504 -0.6496 -0.3937
vn 0.7887 -0.6140 -0.0298
vn 0.0092 -0.9394 -0.3426
vn 0.9271 0.0859 0.3648
vn 0.4552 -0.8109 -0.3677
vn -0.0620 -0.9111 -0.4074
vn 0.4141 -0.9049 -0.0988
vn 0.0730 -0.0902 0.9932
vn -0.1310 0.0328 0.9908
vn -0.1052 0.0315 0.9939
vn 0.2269 -0.1364 0.9643
vn 0.1240 -0.6189 0.7756
vn 0.2428 -0.5447 0.8027
vn 0.6130 -0.1785 0.7696
vn 0.7255 -0.1624 0.6688
vn 0.1964 0.8164 0.5430
vn 0.4689 -0.0688 0.8805
vn 0.2178 -0.0840 0.9724
vn -0.1013 0.0385 0.9941
vn -0.1371 0.0387 0.9898
vn 0.0730 -0.0897 0.9933
vn 0.5990 -0.6229 -0.5033
vn 0.4388 -0.8172 -0.3738
vn 0.4193 -0.8623 -0.2839
vn 0.7729 0.5020 -0.3882
vn 0.6516 -0.7584 -0.0123
vn 0.9265 -0.3573 -0.1180
vn 0.9040 -0.4276 0.0041
vn 0.6628 -0.6151 0.4271
vn 0.6260 -0.5457 0.5571
vn -0.3825 -0.8973 0.2205
vn 0.5909 -0.7550 0.2843
vn 0.5910 -0.8064 0.0214
vn 0.4218 -0.8804 -0.2169
vn 0.3680 -0.8503 -0.3763
vn 0.2435 -0.9699 -0.0032
vn 0.6447 -0.7474 -0.1605
vn 0.8714 -0.3229 0.3693
vn 0.6234 -0.6459 0.4406
vn 0.6188 -0.1864 0.7631
vn 0.6233 -0.1855 0.7597
vn 0.6624 -0.0895 0.7438
vn 0.3928 0.5788 0.7146
vn -0.3286 -0.7989 0.5038
vn 0.4537 -0.5870 0.6705
vn 0.7717 -0.5787 0.2636
vn 0.5091 -0.5510 -0.6612
vn 0.6039 0.6309 0.4871
vn 0.0015 0.4255 0.9049
vn 0.2496 0.5297 0.8106
vn 0.3989 0.5048 0.7655
vn 0.4034 0.3378 0.8504
vn 0.0167 0.0841 0.9963
vn 0.5241 0.3807 0.7618
vn 0.6032 0.0994 0.7914
vn 0.7438 0.1121 0.6589
vn 0.6807 0.1789 0.7104
vn 0.6386 0.4188 0.6456
vn 0.7237 0.6147 0.3135
vn 0.6950 0.6380 0.3317
vn 0.6364 0.6330 0.4408
vn 0.4706 0.1259 0.8733
vn -0.1006 0.1155 0.9882
vn 0.1946 0.1270 0.9726
vn 0.0619 0.2793 0.9582
vn 0.2847 0.5735 0.7682
vn 0.0512 0.5756 0.8161
vn 0.3408 0.3236 0.8827
vn 0.6259 0.3863 0.6775
vn 0.7207 0.3345 0.6072
vn 0.5826 0.3322 0.7417
vn 0.6316 0.1455 0.7615
vn 0.5163 0.1284 0.8467
vn 0.4840 0.1269 0.8658
vn -0.4521 0.4086 0.7929
vn -0.4085 0.6121 0.6771
vn -0.4028 0.5948 0.6957
vn -0.4326 0.2622 0.8626
vn -0.8053 0.0026 0.5929
vn -0.7152 -0.0314 0.6982
vn -0.2712 -0.1308 0.9536
vn -0.1820 -0.2537 0.9500
vn 0.5480 0.5372 0.6411
vn -0.2657 0.0814 0.9606
vn -0.3934 0.2985 0.8695
vn -0.3957 0.5955 0.6992
vn -0.4049 0.6188 0.6732
vn -0.4517 0.4089 0.7930
vn -0.9246 -0.3771 -0.0536
vn -0.5088 -0.8604 0.0274
vn -0.7736 -0.6299 0.0687
vn 0.8282 -0.4982 0.2568
vn -0.4467 -0.8397 0.3088
vn 0.0268 -0.8913 0.4526
vn -0.0896 -0.8478 0.5227
vn -0.4953 -0.5541 0.6691
vn -0.4989 -0.4280 0.7536
vn -0.9807 -0.0573 -0.1867
vn -0.5811 -0.6443 0.4971
vn -0.5204 -0.8031 0.2901
vn -0.5415 -0.8407 -0.0083
vn -0.4371 -0.8992 -0.0192
vn 0.5336 0.2608 0.8045
vn 0.3192 0.5000 0.8050
vn 0.4333 -0.0830 0.8974
vn 0.2559 0.4490 0.8561
vn 0.2679 0.0077 0.9634
vn 0.1325 0.4524 0.8819
vn 0.0351 0.0067 0.9994
vn 0.0301 0.6033 0.7970
vn -0.1158 -0.1368 0.9838
vn -0.5512 0.2706 0.7892
vn -0.1840 0.2364 0.9541
vn 0.4704 0.2484 0.8468
vn 0.1956 0.2681 0.9433
vn 0.1760 0.6349 0.7523
vn 0.3473 0.3150 0.8833
vn -0.0588 0.5365 0.8418
vn -0.0106 0.3966 0.9179
vn 0.1179 -0.0183 0.9929
vn -0.0068 -0.1517 0.9884
vn -0.1143 -0.2690 0.9563
vn 0.4522 -0.0689 0.8893
vn 0.3845 0.1791 0.9056
vn 0.4071 0.3132 0.8580
vn 0.3618 0.4135 0.8355
vn 0.0503 0.7672 0.6395
vn -0.4597 -0.6944 0.5537
vn 0.1617 -0.7864 0.5961
vn -0.0336 -0.5811 0.8132
vn -0.0433 -0.4293 0.9021
vn -0.0064 -0.4066 0.9136
vn -0.0831 -0.6509 0.7546
vn -0.6221 -0.6482 0.4391
vn -0.4288 -0.6949 0.5772
vn -0.5137 -0.6609 0.5471
vn -0.6417 -0.5126 0.5705
vn -0.5557 -0.6472 0.5218
vn -0.0432 0.7207 0.6919
vn -0.0141 0.6280 0.7781
vn -0.2378 0.5038 0.8305
vn -0.0995 0.4464 0.8893
vn -0.0915 0.2748 0.9571
vn 0.0924 0.4196 0.9030
vn -0.2121 0.0660 0.9750
vn 0.0201 0.1421 0.9896
vn 0.4195 0.3205 0.8493
vn 0.2793 0.4285 0.8593
vn 0.2046 0.5327 0.8212
vn 0.2410 0.5635 0.7902
vn 0.0757 0.6686 0.7397
vn -0.0127 0.7404 0.6720
vn -0.6836 -0.3893 0.6174
vn -0.6493 -0.2919 0.7023
vn -0.2835 -0.5295 0.7995
vn 0.3630 -0.4216 0.8309
vn -0.2576 -0.2473 0.9341
vn 0.4892 -0.2985 0.8195
vn 0.2178 -0.2102 0.9531
vn -0.2030 -0.0392 0.9784
vn -0.1369 0.0238 0.9903
vn -0.1750 0.0808 0.9813
vn -0.4618 -0.0491 0.8856
vn -0.7466 -0.2180 0.6285
vn -0.7428 -0.3533 0.5687
vn 0.7831 0.3181 0.5344
vn 0.6634 0.4405 0.6048
vn 0.6753 0.4521 0.5827
vn 0.2548 0.5902 0.7660
vn -0.0310 0.4685 0.8829
vn 0.3900 0.5400 0.7459
vn 0.0793 0.4010 0.9127
vn 0.2523 0.3180 0.9139
vn 0.5417 0.1577 0.8256
vn 0.4284 0.4804 0.7653
vn 0.4904 0.5795 0.6509
vn 0.6201 0.5069 0.5988
vn 0.2577 0.7760 0.5757
vn -0.0236 0.7670 0.6412
vn -0.0335 0.7565 0.6531
vn -0.4457 0.4552 0.7708
vn -0.1215 0.5061 0.8539
vn -0.1584 0.3824 0.9103
vn 0.0873 0.5718 0.8158
vn 0.3572 0.5170 0.7779
vn 0.4874 0.5552 0.6739
vn 0.3749 0.5871 0.7174
vn 0.2764 0.6787 0.6804
vn 0.2764 0.7005 0.6579
vn 0.2275 0.7357 0.6379
vn -0.0785 0.8122 0.5780
vn -0.0340 0.7583 0.6510
vn 0.6477 0.7146 0.2643
vn 0.7084 0.6148 0.3469
vn 0.5761 0.8010 0.1627
vn 0.5083 0.8086 0.2964
vn 0.2038 0.9412 0.2696
vn 0.5801 0.6978 0.4202
vn 0.1906 0.9449 0.2663
vn 0.5830 0.6078 0.5391
vn 0.1267 0.9558 0.2653
vn 0.6223 0.4537 0.6379
vn 0.0543 0.5073 0.8601
vn 0.3810 0.6952 0.6096
vn 0.2551 -0.5300 0.8088
vn 0.3182 -0.4912 0.8109
vn 0.5185 -0.3354 0.7865
vn 0.4049 -0.3240 0.8550
vn 0.3995 -0.1716 0.9005
vn 0.2077 -0.2687 0.9406
vn 0.4341 -0.0334 0.9002
vn 0.1653 -0.0923 0.9819
vn -0.0907 -0.1402 0.9860
vn -0.0282 -0.2363 0.9713
vn 0.0284 -0.4317 0.9016
vn 0.3061 -0.5190 0.7981
vn 0.2328 -0.5314 0.8145
vn -0.6500 -0.3611 0.6686
vn -0.5870 -0.2944 0.7542
vn -0.2825 -0.0714 0.9566
vn 0.0441 -0.2263 0.9731
vn 0.0603 -0.0721 0.9956
vn 0.1605 0.5158 0.8415
vn 0.3136 0.7454 0.5883
vn 0.5022 0.7612 0.4104
vn -0.2809 0.4194 0.8633
vn -0.2943 0.4286 0.8542
vn -0.3082 0.0710 0.9487
vn -0.5945 -0.2916 0.7493
vn -0.6512 -0.3602 0.6680
vn 0.8261 0.0888 0.5565
vn 0.8642 -0.1451 0.4818
vn 0.8636 -0.1453 0.4828
vn 0.7810 0.0502 0.6225
vn 0.6650 0.3682 0.6498
vn 0.7533 0.3991 0.5228
vn 0.5865 0.2860 0.7578
vn 0.6449 0.5722 0.5066
vn 0.4508 0.4290 0.7827
vn 0.6250 0.6835 0.3771
vn 0.2760 0.4034 0.8724
vn 0.0508 0.8416 0.5377
vn 0.3888 0.6529 0.6500
vn -0.3145 0.9492 -0.0103
vn -0.3574 0.9334 0.0322
vn -0.5307 0.8219 0.2068
vn -0.4048 0.8873 0.2210
vn -0.3579 0.8547 0.3761
vn -0.1924 0.9451 0.2641
vn -0.3468 0.7940 0.4993
vn -0.1134 0.8984 0.4243
vn 0.1078 0.9379 0.3297
vn 0.0444 0.9648 0.2593
vn -0.0516 0.9969 0.0589
vn -0.3524 0.9359 -0.0007
vn -0.2980 0.9545 -0.0134
vn -0.0798 0.9033 0.4216
vn -0.1961 0.8972 0.3958
vn -0.5458 0.5615 0.6220
vn -0.4790 0.7110 0.5148
vn -0.8176 0.2524 0.5176
vn -0.5046 0.3861 0.7722
vn -0.8409 0.2274 0.4910
vn -0.4254 0.2905 0.8571
vn -0.8802 0.1707 0.4428
vn -0.2707 0.2268 0.9356
vn -0.4915 -0.3340 0.8043
vn -0.5755 0.1086 0.8106
vn 0.5224 -0.1702 0.8355
vn 0.5298 -0.0899 0.8433
vn 0.5760 0.2417 0.7809
vn 0.5190 0.1774 0.8362
vn 0.4404 0.1563 0.8841
vn -0.1384 -0.0081 0.9904
vn -0.4981 0.0243 0.8668
vn -0.6589 0.1767 0.7312
vn 0.1195 -0.3623 0.9244
vn 0.1308 -0.3880 0.9123
vn 0.5515 -0.1270 0.8245
vn 0.5073 -0.1867 0.8413
vn -0.4717 0.8784 0.0775
vn -0.5199 0.8506 0.0779
vn -0.8538 0.5200 0.0232
vn -0.7633 0.6435 0.0565
vn -0.8249 0.5651 0.0134
vn -0.8413 0.5097 -0.1801
vn -0.5024 0.8119 0.2976
vn -0.0744 0.8363 0.5432
vn -0.0546 0.8473 0.5283
vn -0.1160 0.8650 0.4881
vn -0.1329 0.8752 0.4652
vn -0.5001 0.8659 -0.0109
vn -0.4524 0.8866 0.0965
vn -0.5525 0.6317 0.5437
vn -0.6036 0.6171 0.5048
vn -0.6294 0.5982 0.4961
vn -0.4861 0.5677 0.6643
vn -0.5233 0.4474 0.7253
vn 0.1133 0.7333 0.6704
vn -0.5240 0.3034 0.7958
vn -0.1319 0.6808 0.7205
vn -0.5441 0.1335 0.8283
vn -0.0200 0.7330 0.6799
vn 0.0195 0.0372 0.9991
vn -0.3050 0.3274 0.8943
vn 0.4625 0.7633 0.4511
vn 0.4147 0.7176 0.5596
vn 0.3246 0.9375 0.1256
vn 0.1076 0.9894 -0.0974
vn 0.3270 0.8926 0.3104
vn 0.0970 0.9888 0.1131
vn 0.0041 0.3858 0.9226
vn 0.8783 0.4003 -0.2614
vn 0.5096 0.8283 0.2327
vn 0.4908 0.7177 0.4940
vn 0.4730 0.6299 0.6160
vn 0.3433 0.7860 0.5141
vn 0.8223 -0.0677 0.5650
vn 0.8387 0.0016 0.5446
vn 0.8576 0.2396 0.4552
vn 0.8022 0.1904 0.5658
vn 0.7160 0.3102 0.6254
vn 0.6702 0.1245 0.7317
vn 0.6477 0.4352 0.6254
vn 0.5425 0.2380 0.8056
vn 0.4088 0.0412 0.9117
vn 0.5071 0.0060 0.8619
vn 0.6456 -0.1185 0.7544
vn 0.8442 -0.0294 0.5352
vn 0.8109 -0.0817 0.5795
vn -0.4872 -0.6331 0.6015
vn -0.1547 -0.7390 0.6557
vn -0.4418 -0.6126 0.6554
vn -0.1609 -0.6742 0.7208
vn -0.0409 -0.6026 0.7970
vn -0.2285 -0.4961 0.8376
vn 0.0936 -0.5626 0.8214
vn -0.1074 -0.3819 0.9180
vn -0.2831 -0.1909 0.9399
vn -0.3293 -0.2889 0.8989
vn -0.4257 -0.4075 0.8079
vn -0.6414 -0.2578 0.7225
vn -0.4338 -0.5801 0.6894
vn 0.2989 -0.9423 0.1508
vn 0.3430 -0.9337 0.1027
vn 0.3724 -0.9236 0.0912
vn 0.2920 -0.9086 0.2987
vn 0.3898 -0.8419 0.3732
vn -0.3052 -0.8359 0.4563
vn 0.4682 -0.7454 0.4745
vn -0.0581 -0.8982 0.4357
vn 0.5682 -0.6196 0.5416
vn -0.1869 -0.8873 0.4217
vn 0.1504 -0.3974 0.9053
vn 0.2842 -0.7236 0.6290
vn -0.0152 -0.9433 0.3315
vn -0.1510 -0.8073 0.5705
vn 0.5439 -0.6822 0.4887
vn -0.2375 -0.7690 0.5935
vn -0.6693 -0.5813 0.4628
vn 0.0908 -0.8039 0.5879
vn -0.2385 -0.5983 0.7650
vn -0.2318 -0.6107 0.7571
vn -0.2001 -0.2031 0.9585
vn 0.0648 -0.7671 0.6383
vn -0.1670 -0.2294 0.9589
vn -0.0743 -0.2668 0.9609
vn 0.1468 -0.8159 0.5592
vn 0.1280 -0.8949 0.4275
vn 0.2792 -0.5484 0.7883
vn 0.3831 -0.7089 0.5922
vn 0.7954 -0.2388 0.5570
vn 0.8179 -0.1818 0.5459
vn 0.7362 -0.1658 0.6561
vn 0.3655 -0.5849 0.7241
vn 0.7512 0.0553 0.6578
vn 0.4888 -0.0348 0.8717
vn 0.6286 0.0276 0.7772
vn 0.0821 -0.9428 0.3229
vn 0.6280 -0.2173 0.7472
vn 0.7036 -0.4035 0.5849
vn 0.2566 -0.8614 0.4383
vn 0.2083 -0.8343 0.5104
vn 0.1430 -0.5960 0.7901
vn 0.1310 -0.6598 0.7399
vn 0.3798 -0.1517 0.9126
vn 0.1047 -0.6035 0.7905
vn 0.3330 -0.1248 0.9346
vn -0.9368 -0.0037 0.3498
vn -0.2859 -0.1785 0.9415
vn -0.1260 0.5417 0.8310
vn -0.3972 -0.6677 0.6296
vn -0.3985 -0.6959 0.5974
vn 0.1672 -0.5875 0.7918
vn -0.4815 -0.2291 0.8460
vn -0.5427 -0.3084 0.7812
vn -0.3449 -0.7631 0.5466
vn -0.4477 -0.6601 0.6032
vn -0.2899 -0.9390 0.1853
vn -0.2957 -0.9445 0.1427
vn 0.0009 -0.8181 0.5751
vn -0.2966 -0.9532 0.0590
vn 0.1960 -0.7407 0.6426
vn 0.4328 -0.8966 0.0940
vn 0.0743 -0.9280 0.3652
vn 0.7753 0.0444 0.6300
vn 0.7220 0.0539 0.6898
vn 0.3989 0.1758 0.9000
vn 0.4556 0.1128 0.8830
vn 0.4347 0.1543 0.8873
vn 0.5705 -0.2181 0.7918
vn 0.4394 -0.3301 0.8354
vn 0.7475 -0.3004 0.5925
vn 0.8237 -0.2901 0.4872
vn 0.7479 0.0797 0.6590
vn 0.7851 0.0267 0.6188
vn -0.7863 -0.3280 0.5236
vn -0.7843 -0.3949 0.4785
vn -0.7488 -0.6429 0.1612
vn -0.7365 -0.6302 0.2459
vn -0.7520 -0.6275 0.2019
vn -0.5556 -0.6154 0.5591
vn -0.4188 -0.7279 0.5429
vn -0.5292 -0.4081 0.7439
vn -0.5392 -0.2872 0.7917
vn -0.8042 -0.3515 0.4792
vn -0.7762 -0.3204 0.5430
vn 0.8811 -0.4630 0.0968
vn 0.8971 -0.4414 0.0193
vn 0.7366 -0.3469 0.5806
vn 0.8676 -0.4918 0.0741
vn 0.7044 -0.3947 0.5899
vn -0.2955 -0.9248 -0.2396
vn 0.4387 -0.8568 0.2711
vn -0.0552 -0.6241 0.7794
vn 0.5870 -0.7551 -0.2918
vn 0.5913 -0.7360 -0.3298
vn 0.8877 -0.4458 0.1147
vn 0.0327 -0.0444 -0.9985
vn -0.8160 -0.1144 0.5667
vn 0.1967 -0.1773 -0.9643
vn -0.4720 -0.4199 -0.7752
vn -0.4211 0.2750 0.8643
vn 0.9945 0.0388 -0.0977
vn 0.8068 0.1404 0.5738
vn 0.9393 -0.1329 -0.3164
vn -0.9594 -0.0132 0.2819
vn -0.5740 0.6999 0.4250
vn -0.4522 0.7711 0.4483
vn -0.6909 0.6144 0.3810
vn -0.6401 0.5701 0.5151
vn -0.7575 0.2687 0.5949
vn -0.4919 0.6590 0.5690
vn -0.7616 0.2553 0.5956
vn -0.3614 0.6796 0.6384
vn -0.7690 0.1924 0.6096
vn -0.1824 0.7311 0.6574
vn -0.1138 0.2099 0.9711
vn -0.4027 0.4944 0.7703
vn 0.8013 0.3741 0.4669
vn 0.7556 0.4378 0.4872
vn 0.5331 0.6955 0.4817
vn 0.5676 0.6203 0.5414
vn 0.5570 0.5599 0.6134
vn 0.3737 0.0675 0.9251
vn 0.0837 -0.1744 0.9811
vn -0.1745 -0.1975 0.9646
vn 0.7323 -0.0217 0.6806
vn 0.7506 -0.0344 0.6598
vn 0.7846 0.4229 0.4535
vn 0.8061 0.3530 0.4750
vn 0.6327 -0.5374 0.5575
vn 0.6039 -0.4593 0.6514
vn 0.5649 -0.0597 0.8230
vn 0.6447 0.2530 0.7214
vn 0.6247 0.2516 0.7392
vn 0.2682 0.2263 0.9364
vn 0.1848 0.3747 0.9085
vn 0.0878 -0.1155 0.9894
vn 0.3126 -0.0269 0.9495
vn 0.6378 -0.3974 0.6597
vn 0.6317 -0.5387 0.5575
vn 0.1442 0.9136 0.3803
vn 0.2883 0.9289 0.2323
vn 0.2889 0.9285 0.2333
vn 0.1409 0.8865 0.4409
vn -0.1041 0.8180 0.5657
vn -0.0956 0.7465 0.6585
vn -0.2837 0.6988 0.6567
vn 0.1957 0.4585 0.8669
vn -0.4734 0.6180 0.6277
vn 0.2635 0.4007 0.8775
vn -0.5501 0.1605 0.8196
vn -0.3847 0.5109 0.7688
vn -0.8525 -0.2937 0.4324
vn -0.8119 -0.3365 0.4771
vn -0.6387 -0.4655 0.6127
vn -0.6946 -0.3460 0.6307
vn -0.6076 -0.2766 0.7445
vn -0.7441 -0.1309 0.6551
vn -0.4953 -0.2569 0.8299
vn -0.6435 -0.0196 0.7652
vn -0.7328 0.1969 0.6513
vn -0.7847 0.1016 0.6115
vn -0.8795 -0.0346 0.4747
vn -0.8276 -0.3380 0.4482
vn -0.8616 -0.2729 0.4280
vn 0.4813 -0.6999 0.5277
vn -0.6192 0.7144 -0.3258
vn -0.7908 0.5370 0.2936
vn -0.2423 0.7939 -0.5577
vn 0.0263 0.9974 0.0673
vn 0.9393 0.3213 -0.1207
vn -0.7791 -0.6230 -0.0690
vn -0.7458 -0.6314 0.2121
vn 0.1447 -0.9894 0.0084
vn -0.8606 -0.0449 0.5074
vn -0.8886 -0.0702 0.4534
vn -0.8962 -0.0954 0.4333
vn -0.7769 -0.0993 0.6218
vn -0.7345 -0.2317 0.6378
vn -0.4148 0.3585 0.8363
vn -0.6497 -0.3646 0.6670
vn -0.5759 0.1631 0.8011
vn -0.5612 -0.5135 0.6491
vn -0.5188 0.2797 0.8078
vn -0.0739 -0.3303 0.9410
vn -0.5010 -0.2598 0.8256
vn 0.6999 -0.2119 0.6821
vn 0.6658 -0.1558 0.7297
vn 0.5179 0.1281 0.8458
vn 0.5162 0.0265 0.8560
vn 0.4725 -0.0538 0.8797
vn 0.1028 -0.5382 0.8365
vn -0.2379 -0.6589 0.7136
vn -0.4793 -0.5804 0.6583
vn 0.4861 -0.6098 0.6260
vn 0.5062 -0.6157 0.6039
vn 0.6990 -0.1607 0.6968
vn 0.6972 -0.2344 0.6775
vn -0.6374 0.1367 0.7583
vn -0.6670 0.0024 0.7450
vn -0.6511 0.0922 0.7533
vn -0.7350 -0.4455 0.5111
vn -0.7325 -0.3008 0.6108
vn -0.7506 -0.3783 0.5418
vn -0.8511 -0.3720 0.3705
vn -0.5246 -0.0576 0.8494
vn -0.1481 0.2421 0.9589
vn -0.1553 0.2618 0.9526
vn -0.2314 0.2284 0.9457
vn -0.2809 0.2201 0.9341
vn -0.7232 0.0266 0.6902
vn 0.2186 -0.7388 0.6375
vn 0.1775 -0.8706 0.4589
vn 0.5031 -0.7371 0.4512
vn 0.7091 -0.2952 0.6403
vn 0.3908 -0.6116 0.6879
vn 0.3621 -0.5410 0.7591
vn 0.3095 -0.5493 0.7762
vn 0.2806 -0.8026 0.5265
vn 0.3739 -0.7814 0.4996
vn 0.4817 -0.7787 0.4020
vn 0.1518 -0.7914 0.5921
vn -0.3459 -0.3660 0.8639
vn -0.1100 -0.4569 0.8827
vn 0.2188 -0.6368 0.7393
vn 0.3578 -0.5118 0.7811
vn 0.2022 -0.2716 0.9409
vn 0.4071 -0.5807 0.7050
vn 0.2698 -0.7587 0.5930
vn 0.3507 -0.1769 0.9196
vn 0.2218 0.3036 0.9266
vn 0.2543 0.2543 0.9331
vn 0.2343 0.1377 0.9624
vn -0.0043 0.1079 0.9941
vn -0.1793 -0.3206 0.9301
vn -0.3456 -0.3398 0.8747
vn 0.9010 0.4322 0.0366
vn 0.8666 0.4929 0.0779
vn 0.6525 0.7347 0.1857
vn 0.7161 0.6625 0.2199
vn 0.7451 0.6022 0.2866
vn 0.7653 0.1013 0.6357
vn 0.5537 -0.1594 0.8173
vn 0.3211 -0.2003 0.9256
vn 0.9683 0.0346 0.2475
vn 0.9752 0.0229 0.2201
vn 0.8768 0.4796 0.0341
vn 0.9105 0.4116 0.0410
vn 0.1482 -0.9597 0.2388
vn 0.3150 -0.8837 0.3461
vn 0.0436 -0.9059 0.4212
vn 0.0952 -0.9212 0.3773
vn 0.2337 -0.7949 0.5600
vn 0.2219 -0.0880 0.9711
vn 0.1388 -0.7253 0.6743
vn -0.6125 -0.7397 0.2786
vn 0.0475 -0.8901 0.4533
vn 0.2485 -0.9343 0.2556
vn 0.4982 -0.8448 0.1951
vn 0.9396 -0.2275 0.2557
vn 0.8305 -0.4909 0.2634
vn 0.7326 -0.5953 0.3301
vn 0.7206 -0.4935 0.4869
vn 0.8463 -0.0273 0.5320
vn 0.6291 -0.6185 0.4709
vn 0.4930 -0.5078 0.7065
vn 0.3447 -0.6317 0.6944
vn 0.4393 -0.6207 0.6494
vn 0.5147 -0.7366 0.4387
vn 0.3095 -0.9362 0.1668
vn 0.3448 -0.9270 0.1477
vn 0.4507 -0.8736 0.1838
vn -0.2363 -0.1120 0.9652
vn -0.2274 -0.2682 0.9361
vn -0.2416 -0.3010 0.9225
vn -0.2955 -0.7213 0.6265
vn -0.2791 -0.7672 0.5775
vn -0.0851 -0.7709 0.6312
vn -0.0509 -0.9170 0.3956
vn -0.0847 -0.6775 0.7307
vn 0.1687 -0.7212 0.6719
vn 0.2861 -0.5087 0.8120
vn 0.0471 -0.5266 0.8488
vn -0.2443 -0.2905 0.9252
vn -0.2428 -0.7553 0.6087
vn -0.1071 -0.4804 0.8705
vn -0.0376 -0.3886 0.9206
vn 0.3216 -0.1410 0.9363
vn 0.6183 -0.1393 0.7735
vn 0.6106 -0.1157 0.7835
vn 0.4562 0.2560 0.8522
vn 0.5453 0.3663 0.7540
vn 0.0815 0.3070 0.9482
vn 0.2552 0.1345 0.9575
vn 0.0334 -0.3913 0.9197
vn -0.1086 -0.4799 0.8706
vn 0.7763 0.6243 -0.0877
vn 0.8366 0.4939 -0.2370
vn 0.8372 0.4934 -0.2360
vn 0.7799 0.6256 -0.0214
vn 0.6069 0.7825 0.1390
vn 0.6047 0.7551 0.2532
vn 0.4395 0.8510 0.2875
vn 0.7230 0.4220 0.5469
vn 0.2440 0.9180 0.3127
vn 0.7424 0.3399 0.5774
vn -0.0101 0.7176 0.6964
vn 0.2967 0.8256 0.4799
vn -0.0958 0.9464 0.3083
vn -0.1449 0.9863 0.0787
vn -0.1285 0.9868 0.0989
vn -0.0224 0.8953 0.4449
vn -0.4287 0.6273 0.6502
vn -0.2960 0.6572 0.6931
vn 0.2253 0.6619 0.7150
vn 0.3216 0.5563 0.7662
vn 0.6846 0.6700 -0.2870
vn 0.1983 0.8045 0.5599
vn 0.0089 0.9141 0.4054
vn -0.1208 0.9879 0.0972
vn -0.1447 0.9870 0.0702
vn -0.0954 0.9466 0.3080
vn -0.7682 -0.0516 0.6381
vn -0.3280 -0.4400 0.8360
vn -0.5383 -0.1683 0.8257
vn -0.1933 -0.3159 0.9289
vn 0.4011 -0.2948 0.8673
vn 0.3034 -0.1605 0.9392
vn -0.0374 0.2264 0.9733
vn -0.0162 0.3822 0.9239
vn -0.9315 0.0773 0.3555
vn -0.2500 0.0996 0.9631
vn -0.1796 -0.1494 0.9723
vn -0.2638 -0.5094 0.8191
vn -0.2411 -0.4923 0.8364
vn -0.4834 -0.4577 0.7462
vn -0.4113 -0.4770 0.7767
vn -0.0251 -0.5933 0.8046
vn -0.0888 -0.5432 0.8349
vn -0.0646 -0.5773 0.8140
vn -0.2546 -0.2382 0.9373
vn -0.1257 -0.1249 0.9842
vn -0.4982 -0.1283 0.8575
vn -0.6068 -0.1145 0.7866
vn -0.4446 -0.4942 0.7471
vn -0.4980 -0.4397 0.7474
vn 0.8956 0.2715 0.3523
vn 0.8720 0.3482 0.3441
vn 0.7032 0.6838 0.1948
vn 0.7239 0.6371 0.2647
vn 0.7223 0.6551 0.2216
vn 0.6726 0.4626 0.5776
vn 0.5311 0.5384 0.6542
vn 0.7321 0.2002 0.6511
vn 0.7684 0.0759 0.6355
vn 0.8941 0.3136 0.3197
vn 0.8940 0.2550 0.3684
vn 0.7394 -0.0101 0.6732
vn 0.7662 0.0997 0.6349
vn 0.4612 0.5517 0.6949
vn 0.5853 0.4612 0.6669
vn 0.2637 0.8352 0.4825
vn 0.2531 0.8579 0.4472
vn 0.1470 0.5114 0.8467
vn 0.2224 0.8979 0.3798
vn -0.0031 0.3719 0.9283
vn -0.4363 0.6681 0.6028
vn -0.0068 0.6736 0.7391
vn -0.8169 0.1770 0.5489
vn -0.8586 0.1838 0.4786
vn -0.4961 -0.0797 0.8646
vn -0.8150 0.2145 0.5383
vn -0.4667 -0.0332 0.8838
vn 0.1138 0.9869 0.1147
vn -0.3735 0.5632 0.7371
vn 0.2892 0.2721 0.9178
vn -0.7100 0.6544 0.2601
vn -0.7264 0.6508 0.2207
vn -0.8152 0.1532 0.5586
vn -0.3890 0.2620 -0.8832
vn 0.7983 0.0946 0.5948
vn -0.7435 0.4427 -0.5013
vn -0.9273 0.3047 -0.2172
vn -0.9286 -0.3637 0.0742
vn -0.4072 -0.6860 0.6030
vn 0.1803 -0.7568 0.6282
vn 0.6537 0.5137 -0.5557
vn 0.3959 0.6707 -0.6272
vn -0.6479 0.6778 0.3475
vn -0.6708 0.6231 0.4022
vn -0.7726 0.2716 0.5739
vn -0.7344 0.3488 0.5823
vn -0.7612 0.3133 0.5679
vn -0.4716 0.5854 0.6595
vn -0.3674 0.5063 0.7801
vn -0.3568 0.7865 0.5041
vn -0.3310 0.8561 0.3969
vn -0.6817 0.6380 0.3581
vn -0.6315 0.6940 0.3457
vn 0.2179 -0.6146 0.7581
vn 0.2930 -0.5855 0.7559
vn 0.6469 -0.4470 0.6178
vn 0.5856 -0.4433 0.6787
vn 0.6134 -0.4573 0.6439
vn 0.3376 -0.2921 0.8948
vn 0.3858 -0.1220 0.9145
vn 0.0683 -0.3536 0.9329
vn -0.0467 -0.4110 0.9105
vn 0.2665 -0.6207 0.7374
vn 0.1979 -0.6089 0.7682
vn -0.5751 -0.0673 0.8153
vn -0.4982 -0.1499 0.8540
vn 0.0253 -0.0693 0.9973
vn -0.1142 -0.1384 0.9838
vn 0.4042 -0.1744 0.8979
vn 0.4349 -0.1980 0.8785
vn 0.1526 0.2553 0.9548
vn 0.4970 -0.2348 0.8354
vn 0.1178 0.4598 0.8802
vn 0.6684 0.4377 0.6014
vn 0.3911 0.2317 0.8907
vn -0.0415 0.9967 -0.0698
vn -0.0599 0.9761 -0.2088
vn -0.4622 0.8601 -0.2159
vn -0.3300 0.9245 0.1909
vn -0.4427 0.7904 0.4233
vn -0.0154 0.9443 0.3287
vn -0.2608 0.7683 0.5845
vn 0.0427 0.7453 0.6653
vn 0.2856 0.6927 0.6623
vn 0.3398 0.8642 0.3711
vn -0.0017 0.9737 -0.2279
vn 0.5836 0.0786 -0.8082
vn 0.0421 -0.7258 0.6866
vn 0.6098 0.2801 -0.7414
vn 0.9115 -0.2487 -0.3276
vn -0.5521 -0.5215 0.6505
vn -0.3084 0.9048 -0.2935
vn -0.6995 0.6716 0.2442
vn -0.0373 0.9272 -0.3728
vn 0.1738 -0.8882 0.4254
vn -0.2977 -0.8790 0.3725
vn -0.2152 -0.9030 0.3718
vn 0.0108 -0.8931 0.4497
vn -0.0491 -0.8711 0.4886
vn 0.0893 -0.9364 0.3393
vn 0.2689 -0.9191 0.2882
vn -0.0378 -0.8702 0.4912
vn 0.2376 -0.9593 0.1528
vn -0.0988 -0.9502 0.2957
vn 0.3525 -0.9210 0.1658
vn -0.2118 -0.9169 0.3383
vn 0.2001 -0.7436 0.6381
vn 0.1022 -0.9224 0.3725
vn -0.6865 0.5737 0.4468
vn -0.7596 0.4798 0.4392
vn -0.7039 0.0218 0.7100
vn -0.7866 0.1584 0.5968
vn -0.6566 -0.3947 0.6427
vn -0.5272 -0.0461 0.8485
vn -0.6558 -0.4314 0.6196
vn -0.3940 -0.0402 0.9182
vn -0.6437 -0.5029 0.5769
vn -0.2373 0.0424 0.9705
vn 0.0303 -0.5030 0.8637
vn -0.3582 -0.2764 0.8918
vn 0.2847 -0.8114 0.5105
vn 0.6143 -0.4520 0.6468
vn 0.9720 -0.2311 0.0435
vn 0.8676 -0.3460 0.3570
vn 0.9745 -0.1812 -0.1321
vn 0.8234 -0.4107 0.3916
vn 0.6046 -0.5122 0.6100
vn 0.6010 -0.4994 0.6240
vn 0.6254 -0.3994 0.6704
vn 0.3420 -0.7224 0.6010
vn 0.2696 -0.8184 0.5075
vn -0.8259 -0.0113 0.5638
vn -0.8023 -0.0835 0.5910
vn -0.6522 -0.4587 0.6035
vn -0.6628 -0.3827 0.6436
vn -0.6676 -0.4195 0.6151
vn -0.5674 -0.0811 0.8194
vn -0.4145 -0.1181 0.9024
vn -0.6198 0.1868 0.7622
vn -0.6603 0.2896 0.6929
vn -0.8286 -0.0640 0.5562
vn -0.8221 0.0108 0.5693
vn 0.6761 -0.5782 0.4567
vn 0.7198 -0.5116 0.4692
vn 0.8981 -0.1532 0.4123
vn 0.8594 -0.2078 0.4671
vn 0.8823 -0.1895 0.4308
vn 0.6211 -0.3195 0.7157
vn 0.5691 -0.1739 0.8036
vn 0.4469 -0.5373 0.7153
vn 0.3819 -0.6396 0.6672
vn 0.7142 -0.5466 0.4372
vn 0.6589 -0.5894 0.4674
vn -0.6212 -0.6676 0.4104
vn -0.5588 -0.6942 0.4537
vn -0.3932 -0.5572 0.7314
vn -0.4345 -0.5568 0.7079
vn -0.1288 -0.5053 0.8532
vn -0.3506 -0.6622 0.6622
vn -0.1253 -0.5591 0.8196
vn -0.4790 -0.3999 0.7814
vn -0.0818 -0.8264 0.5571
vn -0.6298 -0.5372 0.5610
vn -0.4750 -0.7599 0.4437
vn -0.2777 -0.8603 0.4275
vn -0.5187 0.6654 0.5369
vn -0.5225 0.7118 0.4694
vn -0.5844 0.2140 0.7827
vn -0.4872 0.6884 0.5373
vn -0.5363 0.2170 0.8156
vn 0.7709 0.5017 0.3923
vn -0.0017 0.5319 0.8468
vn 0.1555 -0.1868 0.9700
vn -0.0281 0.9165 0.3991
vn -0.0313 0.9326 0.3596
vn -0.5375 0.6480 0.5396
vn 0.2562 0.6817 -0.6853
vn 0.5819 -0.7389 0.3397
vn 0.1789 0.8208 -0.5425
vn 0.8025 0.4732 -0.3634
vn -0.0169 -0.9309 0.3649
vn -0.8136 0.5758 0.0813
vn -0.8854 -0.0110 0.4647
vn -0.6247 0.7803 0.0284
vn 0.7237 -0.6890 0.0408
vn 0.3922 0.7958 -0.4614
vn 0.5990 -0.3769 -0.7065
vn -0.2207 0.7357 0.6403
vn 0.5692 -0.5685 -0.5940
vn 0.5068 -0.3131 -0.8032
vn -0.1367 0.9863 0.0926
vn -0.9261 -0.0307 0.3761
vn 0.7891 -0.2032 -0.5798
vn -0.7760 0.0515 0.6287
vn -0.0649 -0.8958 0.4397
vn -0.7591 0.3349 0.5582
vn 0.7387 -0.4904 -0.4624
vn -0.7848 0.3161 0.5330
vn 0.4296 -0.9010 0.0611
vn 0.0140 0.9890 -0.1473
vn -0.8415 -0.2150 0.4957
vn -0.7053 -0.3937 0.5895
vn 0.6557 -0.7348 -0.1734
vn -0.3047 -0.9495 0.0750
vn -0.2570 -0.8822 0.3946
vn -0.2066 -0.9651 0.1607
vn -0.2577 -0.9531 0.1586
vn 0.4598 -0.8880 -0.0044
vn 0.1548 0.9879 -0.0079
vn 0.2046 0.9516 -0.2295
vn 0.2046 0.9306 -0.3036
vn 0.1653 0.9201 -0.3550
vn 0.5652 0.6626 -0.4914
vn -0.3474 0.5518 0.7581
vn 0.3106 0.3113 -0.8981
vn 0.1794 0.9826 -0.0475
vn 0.4563 0.7935 0.4028
vn -0.9805 -0.0353 -0.1931
vn 0.7214 0.6474 0.2457
vn 0.9189 0.0840 -0.3854
vn -0.6600 -0.6570 0.3644
vn -0.9715 0.1393 0.1920
vn -0.0580 0.9819 0.1805
vn -0.3875 -0.8265 -0.4085
vn 0.1190 -0.9318 -0.3429
vn -0.0755 -0.5821 -0.8096
vn 0.0962 0.5188 0.8495
vn 0.8656 0.1614 0.4739
vn 0.6581 0.6223 0.4239
vn 0.0550 -0.8717 -0.4869
vn -0.2856 -0.9234 -0.2565
vn -0.9532 -0.0231 -0.3013
vn -0.9163 0.3495 -0.1955
vn -0.6569 0.7535 -0.0276
vn 0.8245 -0.4782 -0.3024
vn -0.5258 -0.8224 0.2173
vn -0.0044 -0.9426 -0.3340
vn -0.3615 -0.6530 0.6655
vn -0.1269 -0.5891 -0.7981
vn -0.5742 0.3824 0.7240
vn 0.5876 -0.2360 -0.7739
vn 0.6694 -0.6305 -0.3929
vn -0.1620 -0.4665 -0.8696
vn -0.9381 -0.2629 -0.2254
vn -0.4823 0.8580 0.1765
vn -0.7205 0.5043 0.4759
vn -0.4187 0.7215 0.5515
vn -0.3826 -0.8803 0.2805
vn -0.1907 0.5792 0.7925
vn 0.2698 0.7732 0.5739
vn 0.0978 0.7588 0.6439
vn -0.5151 0.6922 0.5055
vn -0.0695 0.5634 0.8233
vn 0.7772 0.4806 0.4061
vn 0.9643 -0.0919 -0.2485
vn 0.9289 0.2267 -0.2927
vn 0.2453 -0.8871 0.3911
vn -0.6551 0.3765 -0.6551
vn -0.4011 -0.4484 -0.7988
vn 0.5022 -0.7765 0.3806
vn 0.1325 0.9614 0.2410
vn 0.1944 0.8644 -0.4637
vn 0.6835 0.6250 0.3770
vn -0.8618 -0.4634 -0.2062
vn 0.5343 0.8052 0.2573
vn 0.9401 0.2843 0.1882
vn -0.9313 0.3098 0.1915
vn 0.2648 -0.6484 -0.7137
vn 0.8406 0.3572 -0.4071
vn 0.0178 -0.7082 0.7058
vn -0.8655 0.4289 -0.2587
vn 0.2847 -0.9583 -0.0238
vn -0.2573 -0.8391 0.4793
vn 0.1975 -0.9769 -0.0810
vn 0.0279 -0.9659 0.2574
vn -0.4547 0.5864 -0.6704
vn 0.5027 -0.7415 0.4444
vn 0.5186 0.5197 0.6790
vn 0.5864 -0.4585 -0.6678
vn 0.6914 -0.7160 0.0963
vn 0.7971 0.4159 -0.4378
vn 0.0623 0.7119 -0.6995
vn 0.8915 -0.4182 -0.1740
vn 0.1961 0.4984 -0.8445
vn -0.9588 0.0323 -0.2824
vn 0.9606 0.0824 -0.2654
vn 0.6524 0.6825 -0.3295
vn 0.4870 0.7346 -0.4724
vn 0.5511 -0.1822 -0.8143
vn -0.4521 0.8773 0.1613
vn -0.2921 0.6144 -0.7330
vn -0.1854 0.6871 -0.7025
vn -0.8251 -0.0196 0.5646
vn -0.7231 -0.1722 0.6689
vn -0.7516 0.0421 0.6582
vn -0.7908 0.4463 0.4189
vn 0.2749 -0.6010 0.7505
vn -0.7813 0.1034 0.6155
vn -0.6283 0.7678 0.1258
vn -0.5709 0.2062 0.7947
vn 0.0760 -0.6875 0.7222
vn -0.8336 0.4016 0.3793
vn -0.9186 -0.3407 0.2002
vn -0.4699 0.5251 0.7096
vn -0.8242 -0.4091 -0.3916
vn -0.2369 -0.9307 -0.2787
vn -0.5298 -0.7930 0.3008
vn -0.5226 -0.1674 0.8360
vn -0.8179 -0.4185 -0.3948
vn -0.8408 0.2705 -0.4690
vn 0.5992 0.6522 -0.4642
vn 0.3068 0.9409 -0.1437
vn 0.6375 0.7665 -0.0785
vn -0.8035 0.3002 0.5141
vn 0.9578 0.2806 -0.0633
vn 0.9625 0.2103 0.1711
vn 0.9061 0.3878 0.1688
vn 0.5677 0.8092 -0.1514
vn 0.6929 0.7201 -0.0352
vn 0.8554 -0.1026 0.5077
vn 0.2191 -0.9528 0.2103
vn 0.4609 -0.8874 0.0054
vn -0.1654 0.2817 -0.9451
vn -0.8158 -0.1563 -0.5568
vn -0.3301 -0.3679 0.8693
vn 0.3461 0.9233 0.1663
vn 0.9536 0.1882 -0.2350
vn 0.5371 -0.3060 -0.7860
vn 0.9339 -0.2639 0.2413
vn -0.1183 0.9697 -0.2136
vn 0.8894 -0.4008 0.2198
vn 0.0087 -0.9173 0.3981
vn 0.0326 0.7088 -0.7047
vn -0.7010 -0.7081 0.0850
vn 0.1339 -0.8347 -0.5342
vn -0.0285 -0.2173 0.9757
vn -0.1583 0.7356 -0.6586
vn 0.0879 -0.9958 0.0260
vn 0.0633 0.4718 -0.8794
vn -0.4610 0.8344 -0.3021
vn -0.0574 -0.3454 0.9367
vn -0.7133 -0.0018 0.7009
vn 0.6756 0.2710 0.6857
vn -0.3103 -0.8947 0.3213
vn 0.6451 0.5414 -0.5392
vn -0.3164 -0.8570 0.4067
vn 0.0871 0.9955 -0.0374
vn 0.4989 -0.6230 0.6024
vn 0.2359 0.1293 -0.9631
vn -0.3174 0.7254 -0.6108
vn 0.6501 0.6212 0.4376
vn -0.7503 -0.1812 0.6358
vn 0.1777 -0.8325 0.5247
vn 0.2857 0.8267 -0.4847
vn 0.4216 -0.7327 -0.5342
vn 0.5884 -0.6818 -0.4346
vn 0.6258 -0.3735 -0.6847
vn 0.4616 -0.6975 -0.5481
vn 0.5642 0.0679 -0.8229
vn 0.5915 0.3602 -0.7214
vn 0.6656 -0.5763 -0.4741
vn 0.4055 -0.9138 -0.0243
vn -0.3683 0.9266 -0.0763
vn -0.5459 0.7463 0.3808
vn -0.5638 0.7473 -0.3517
vn -0.4768 0.5669 0.6718
vn 0.0180 -0.2094 0.9777
vn -0.5807 0.5432 0.6064
vn -0.0174 -0.9669 0.2547
vn -0.5173 0.7991 0.3065
vn 0.2031 0.9543 -0.2194
vn 0.0205 -0.8757 0.4823
vn 0.1466 -0.8763 0.4589
vn 0.2309 -0.8409 0.4895
vn -0.0266 -0.8530 0.5213
vn -0.5118 -0.8153 0.2708
vn 0.0250 -0.6653 0.7462
vn -0.3184 -0.8418 0.4359
vn 0.0486 -0.4620 0.8855
vn -0.4014 -0.8519 0.3363
vn -0.5108 -0.2655 0.8177
vn -0.2128 -0.5970 0.7735
vn -0.5708 0.0699 0.8181
vn -0.5293 -0.0479 0.8471
vn -0.4551 -0.0964 0.8852
vn -0.5567 0.1335 0.8199
vn -0.8036 0.4186 0.4231
vn -0.2991 0.2402 0.9235
vn -0.6925 0.3364 0.6382
vn -0.0688 0.3293 0.9417
vn -0.7683 0.3529 0.5340
vn -0.1470 0.7994 0.5826
vn -0.3260 0.4661 0.8225
vn -0.2303 0.9296 0.2879
vn -0.2909 0.9259 0.2411
vn -0.4051 0.8959 0.1823
vn -0.4045 0.8620 0.3056
vn -0.5027 0.7526 0.4253
vn -0.6692 0.5448 0.5054
vn -0.6077 0.5720 0.5508
vn -0.1751 0.6931 0.6993
vn -0.4523 0.7510 0.4810
vn 0.0106 0.5975 0.8018
vn -0.2638 0.9352 0.2364
vn -0.2176 0.9267 0.3062
vn 0.7985 0.5113 -0.3177
vn 0.7552 0.5374 -0.3753
vn 0.6641 0.5974 -0.4494
vn 0.6779 0.6541 -0.3356
vn 0.5871 0.7778 -0.2243
vn 0.3718 0.9204 -0.1212
vn 0.4350 0.8972 -0.0760
vn 0.7609 0.6329 0.1428
vn 0.6250 0.7639 -0.1610
vn 0.7886 0.5124 0.3399
vn 0.7722 0.5140 -0.3735
vn 0.8075 0.5096 -0.2971
vn -0.7506 -0.6532 0.0999
vn -0.7596 -0.6121 0.2198
vn -0.5589 -0.8239 -0.0937
vn -0.6339 -0.7734 -0.0104
vn -0.6881 -0.7242 -0.0467
vn -0.7787 -0.4923 0.3890
vn -0.6644 -0.2532 -0.7032
vn -0.6866 -0.7180 -0.1142
vn -0.7889 -0.6018 0.1242
vn -0.8232 -0.5135 0.2423
vn -0.6877 -0.6936 0.2144
vn -0.8193 0.5607 0.1198
vn -0.7467 0.6374 0.1903
vn -0.9551 0.2693 0.1234
vn -0.9132 0.3841 0.1359
vn -0.9054 0.4200 0.0628
vn -0.5940 0.7622 0.2572
vn -0.7214 0.1495 -0.6762
vn -0.9228 0.3852 0.0073
vn -0.7825 0.6147 0.0992
vn -0.6803 0.7203 0.1357
vn -0.7893 0.5594 0.2531
vn -0.1939 0.2029 0.9598
vn -0.1832 0.1292 0.9746
vn -0.6399 0.0886 0.7633
vn -0.5460 0.0281 0.8373
vn -0.2284 0.0841 0.9699
vn -0.2268 0.0288 0.9735
vn 0.1199 -0.0257 0.9924
vn 0.2482 0.0686 0.9663
vn 0.2046 0.1699 0.9640
vn -0.0700 0.1170 0.9907
vn -0.1524 0.1353 0.9790
vn -0.2319 0.2518 0.9396
vn 0.4261 0.6927 0.5819
vn 0.3728 0.6777 0.6339
vn 0.0841 0.9447 0.3171
vn 0.0954 0.8928 0.4402
vn 0.3149 0.7050 0.6355
vn 0.2696 0.6954 0.6662
vn 0.3675 0.4044 0.8375
vn 0.4897 0.3007 0.8184
vn 0.5577 0.3547 0.7504
vn 0.4129 0.5889 0.6948
vn 0.3918 0.6553 0.6458
vn 0.4457 0.7231 0.5278
vn 0.3117 0.9128 0.2639
vn 0.2232 0.9699 0.0973
vn 0.2056 0.9740 0.0953
vn 0.3166 0.8312 0.4571
vn 0.2008 0.7427 0.6387
vn 0.8156 0.2733 0.5099
vn 0.0837 0.6615 0.7453
vn 0.6192 0.5126 0.5949
vn -0.0586 0.5925 0.8034
vn 0.7054 0.4494 0.5482
vn 0.1876 0.0700 0.9798
vn 0.2431 0.4957 0.8338
vn 0.9912 0.0416 -0.1258
vn 0.9472 0.0407 -0.3179
vn 0.9430 0.0552 -0.3280
vn 0.9902 0.1218 0.0681
vn 0.9316 0.2959 0.2112
vn 0.7320 -0.3717 0.5710
vn 0.8526 0.4339 0.2912
vn 0.8868 -0.1196 0.4464
vn 0.7575 0.5703 0.3177
vn 0.8512 -0.2274 0.4731
vn 0.4714 0.3587 0.8057
vn 0.8054 0.3153 0.5019
vn -0.4517 -0.7999 0.3952
vn 0.0531 -0.9052 0.4216
vn -0.0429 -0.7996 0.5990
vn 0.0389 -0.3887 0.9205
vn -0.3688 -0.5532 0.7470
vn 0.0716 -0.3793 0.9225
vn 0.3128 -0.5632 0.7649
vn -0.4518 -0.1466 0.8800
vn -0.5548 -0.0165 0.8318
vn -0.8215 -0.1071 0.5601
vn -0.5994 -0.1059 0.7934
vn -0.5452 -0.2404 0.8031
vn -0.6406 -0.5622 0.5230
vn -0.5963 -0.7001 0.3929
vn -0.4621 -0.8083 0.3649
vn -0.7238 0.4348 0.5358
vn -0.6038 0.0060 0.7971
vn -0.4910 0.1969 0.8486
vn 0.0018 0.3688 0.9295
vn -0.3598 0.5913 0.7217
vn 0.0235 0.3442 0.9386
vn -0.0915 0.0273 0.9954
vn -0.0011 0.8037 0.5950
vn 0.0521 0.8892 0.4545
vn -0.2244 0.9566 0.1860
vn -0.0549 0.8905 0.4517
vn -0.1444 0.8253 0.5458
vn -0.5526 0.7025 0.4485
vn -0.6970 0.5732 0.4307
vn -0.7454 0.4265 0.5123
vn 0.2861 -0.9573 0.0407
vn 0.6122 -0.7001 0.3675
vn 0.2810 -0.9309 0.2333
vn 0.7231 -0.5631 0.4001
vn 0.7544 -0.5435 0.3681
vn 0.8027 -0.5336 0.2663
vn 0.5191 -0.7415 0.4251
vn -0.0065 -0.9337 0.3581
vn 0.1082 -0.8845 0.4539
vn 0.1718 -0.8774 0.4479
vn 0.3646 -0.9308 -0.0245
vn -0.6868 -0.3945 0.6105
vn -0.2260 -0.4528 0.8625
vn -0.6001 -0.2864 0.7469
vn -0.0541 -0.5039 0.8621
vn -0.0361 -0.5430 0.8390
vn -0.0435 -0.6340 0.7721
vn -0.2783 -0.3528 0.8933
vn -0.6736 0.0182 0.7389
vn -0.5532 -0.0198 0.8328
vn -0.5240 -0.0749 0.8484
vn -0.6555 -0.4889 0.5755
vn 0.2275 0.8150 0.5329
vn 0.1595 0.7948 0.5856
vn 0.1706 0.9408 0.2927
vn -0.3454 0.7833 0.5168
vn 0.0374 0.2284 0.9728
vn 0.4225 0.3052 0.8534
vn 0.2950 0.0626 0.9535
vn -0.2002 0.4434 0.8737
vn 0.2791 0.0187 0.9601
vn 0.2105 0.0040 0.9776
vn -0.3144 0.4739 0.8225
vn -0.3613 0.5795 0.7305
vn -0.2596 0.1175 0.9585
vn 0.4604 0.8832 0.0888
vn -0.6580 -0.3210 0.6811
vn -0.5531 -0.3255 0.7669
vn -0.5355 -0.3440 0.7713
vn -0.4184 -0.4485 0.7898
vn -0.3845 -0.4867 0.7844
vn -0.3696 -0.1946 0.9086
vn -0.3844 -0.4543 0.8036
vn 0.2135 0.9107 0.3537
vn -0.3753 0.4072 0.8327
vn -0.6252 -0.1461 0.7666
vn 0.8686 -0.0582 -0.4920
vn -0.1020 0.4484 -0.8880
vn 0.5343 0.7882 0.3053
vn 0.4497 0.8870 0.1044
vn 0.5206 0.2670 0.8109
vn 0.4862 0.3270 0.8104
vn 0.4736 0.3925 0.7885
vn 0.5814 0.7121 0.3936
vn 0.5138 0.6562 0.5526
vn 0.5495 0.5186 0.6550
vn 0.9576 0.2792 0.0715
vn -0.2646 0.8447 0.4653
vn -0.2325 0.7978 0.5563
vn -0.2398 0.7794 0.5788
vn -0.2757 0.6741 0.6853
vn -0.2966 0.6359 0.7125
vn 0.0006 0.7407 0.6719
vn -0.2624 0.6516 0.7117
vn 0.9332 0.2112 -0.2907
vn 0.1288 0.9398 0.3164
vn 0.6655 0.7415 0.0847
vn -0.1372 0.7168 0.6836
vn 0.6741 -0.4543 0.5824
vn 0.8099 -0.4406 0.3872
vn 0.7945 -0.4539 0.4033
vn 0.5484 -0.4832 0.6824
vn 0.4911 0.0068 0.8711
vn 0.4278 -0.1186 0.8961
vn 0.1428 -0.5495 0.8232
vn -0.0080 -0.5678 0.8231
vn 0.2445 -0.9490 -0.1990
vn 0.3201 -0.6110 0.7240
vn 0.5595 -0.5204 0.6451
vn 0.7918 -0.4610 0.4007
vn 0.8133 -0.4413 0.3793
vn 0.6742 -0.4547 0.5820
vn 0.4780 0.8418 0.2509
vn 0.7130 0.6445 0.2760
vn 0.3179 0.7801 0.5389
vn 0.4130 0.7039 0.5778
vn 0.6013 0.5660 0.5640
vn 0.4308 0.6779 0.5957
vn 0.8814 0.2285 0.4135
vn 0.7888 0.4638 0.4034
vn 0.7474 0.6270 0.2195
vn 0.5717 0.8042 0.1625
vn 0.1560 0.6720 0.7240
vn -0.4596 0.4884 0.7418
vn -0.1220 0.5526 0.8245
vn -0.8222 -0.5554 -0.1244
vn -0.4413 0.2290 0.8677
vn -0.7145 -0.1444 0.6846
vn -0.6089 -0.1421 0.7804
vn -0.1321 -0.0934 0.9868
vn -0.0136 -0.1883 0.9820
vn 0.4400 0.7281 0.5256
vn -0.1840 0.1123 0.9765
vn -0.3742 0.2772 0.8849
vn -0.4301 0.5301 0.7307
vn -0.5352 0.4926 0.6862
vn -0.5446 0.2965 0.7845
vn -0.3229 -0.3789 0.8673
vn -0.0947 -0.0583 0.9938
vn 0.0158 -0.4366 0.8995
vn -0.0842 -0.1615 0.9833
vn -0.4299 0.0910 0.8983
vn 0.6073 0.4928 0.6232
vn 0.1878 -0.1284 0.9738
vn -0.3265 -0.0941 0.9405
vn -0.8196 0.4659 0.3335
vn -0.1126 -0.9833 -0.1428
vn 0.2040 -0.9753 0.0847
vn 0.8562 -0.4280 0.2894
vn 0.6067 -0.6840 0.4051
vn 0.4445 -0.7264 0.5241
vn 0.4651 -0.6422 0.6092
vn 0.0542 -0.9237 0.3792
vn -0.3378 -0.8695 0.3604
vn 0.2566 -0.9652 -0.0504
vn 0.0397 -0.9967 -0.0708
vn 0.3098 -0.7488 0.5859
vn 0.7723 -0.5267 0.3552
vn 0.6171 -0.6500 0.4436
vn 0.6941 -0.7196 0.0178
vn 0.4907 -0.8702 0.0438
vn 0.5155 -0.7930 0.3247
vn 0.3257 -0.9294 0.1735
vn 0.1035 -0.8976 0.4284
vn 0.1075 -0.7928 0.5999
vn 0.2605 -0.7604 0.5950
vn 0.2954 -0.7522 0.5890
vn 0.9799 -0.0424 0.1949
vn 0.9909 -0.1326 -0.0252
vn 0.9917 -0.1162 0.0545
vn 0.8893 0.0640 0.4529
vn 0.8110 0.3759 0.4484
vn 0.6828 0.0606 0.7281
vn 0.5843 -0.0290 0.8110
vn 0.7940 0.1216 0.5957
vn 0.9355 -0.0686 0.3466
vn 0.9861 -0.1594 0.0469
vn 0.9900 -0.1373 -0.0323
vn 0.9799 -0.0429 0.1948
vn 0.1052 0.8150 0.5698
vn 0.3841 0.7794 0.4950
vn -0.1668 0.7692 0.6168
vn 0.1087 0.4408 0.8910
vn 0.1370 0.4330 0.8909
vn 0.3453 0.5752 0.7415
vn 0.0821 0.6630 0.7441
vn 0.7478 0.5855 0.3131
vn -0.9587 0.2393 0.1538
vn -0.0039 -0.0182 0.9998
vn 0.1084 -0.3045 0.9463
vn 0.2076 0.2845 0.9359
vn 0.2036 -0.2766 0.9392
vn 0.3592 0.1517 0.9209
vn 0.3119 -0.3228 0.8936
vn 0.5596 0.0884 0.8240
vn 0.3139 -0.4987 0.8079
vn 0.6899 0.1744 0.7026
vn 0.8621 -0.3477 0.3688
vn 0.6523 -0.2095 0.7284
vn 0.0721 -0.0239 0.9971
vn 0.3375 -0.1146 0.9343
vn 0.1612 -0.4902 0.8566
vn 0.1754 -0.1238 0.9767
vn 0.4186 -0.4666 0.7791
vn 0.4354 -0.3627 0.8239
vn 0.3830 -0.1528 0.9110
vn 0.4486 -0.3328 0.8294
vn 0.1826 0.2728 0.9446
vn 0.1898 0.0181 0.9817
vn 0.1144 -0.1046 0.9879
vn 0.1143 -0.2155 0.9698
vn 0.1638 -0.6634 0.7301
vn 0.3627 0.7484 0.5553
vn 0.3526 0.7493 0.5606
vn 0.5671 0.5691 0.5953
vn 0.5177 0.5898 0.6198
vn 0.7744 0.2035 0.5991
vn 0.7263 0.3285 0.6038
vn 0.8478 0.0228 0.5298
vn 0.8172 0.0699 0.5720
vn 0.8262 -0.0501 0.5612
vn 0.8517 -0.0714 0.5191
vn 0.8521 0.5232 0.0138
vn 0.6209 0.7328 0.2784
vn 0.7362 0.6251 0.2593
vn 0.7651 0.5240 0.3743
vn 0.8703 0.4843 -0.0897
vn 0.8121 0.5778 0.0808
vn 0.8616 0.5075 0.0072
vn 0.9483 0.3172 -0.0077
vn 0.8828 0.4686 -0.0337
vn 0.2778 -0.6460 0.7110
vn 0.3489 -0.5261 0.7755
vn 0.6199 -0.4807 0.6203
vn 0.5344 -0.4052 0.7418
vn 0.4734 -0.2518 0.8441
vn 0.3833 -0.1452 0.9121
vn 0.4204 0.2118 0.8823
vn 0.4460 0.5839 0.6784
vn -0.1951 -0.3977 0.8965
vn 0.0697 -0.3385 0.9384
vn 0.0659 -0.3329 0.9407
vn 0.2268 -0.5357 0.8134
vn 0.2379 -0.6562 0.7161
vn 0.9239 0.3743 0.0792
vn 0.8068 0.4567 0.3750
vn 0.2967 0.5731 0.7639
vn 0.8013 0.2169 0.5576
vn 0.1642 0.4967 0.8523
vn 0.4343 0.3353 0.8361
vn 0.7392 0.0401 0.6723
vn 0.6806 0.0027 0.7326
vn 0.6923 -0.0640 0.7188
vn 0.8890 -0.0405 0.4560
vn 0.9832 -0.1380 0.1195
vn 0.8328 0.5533 -0.0162
vn -0.1094 -0.3764 0.9200
vn -0.3413 0.2220 0.9134
vn 0.1177 -0.4216 0.8991
vn 0.3275 -0.3665 0.8709
vn 0.0004 -0.3414 0.9399
vn 0.2250 -0.2448 0.9431
vn 0.0747 -0.0987 0.9923
vn 0.0063 -0.2621 0.9650
vn -0.1310 -0.3437 0.9299
vn -0.2464 -0.2370 0.9397
vn 0.1089 -0.7834 0.6119
vn 0.2017 -0.7539 0.6253
vn 0.9709 -0.1564 0.1814
vn 0.6781 -0.4600 0.5732
vn 0.2958 -0.6689 0.6820
vn 0.7185 -0.4262 0.5497
vn 0.3866 -0.1085 0.9158
vn 0.3647 -0.3289 0.8711
vn -0.1237 -0.3892 0.9128
vn 0.1761 -0.5848 0.7919
vn 0.1951 -0.6608 0.7247
vn 0.3372 -0.7455 0.5749
vn 0.2715 -0.7350 0.6214
vn -0.2783 0.6551 0.7024
vn -0.3775 0.6771 0.6317
vn -0.3545 0.3433 0.8698
vn -0.5747 -0.1043 0.8117
vn -0.5224 -0.0899 0.8480
vn -0.1211 0.0245 0.9923
vn -0.0276 -0.1035 0.9942
vn 0.0283 0.2464 0.9687
vn 0.0874 0.3813 0.9203
vn -0.2315 0.3895 0.8915
vn -0.4018 0.6291 0.6655
vn -0.2950 0.6392 0.7102
vn 0.6887 0.7141 0.1253
vn 0.6437 0.7650 0.0219
vn 0.4508 0.8067 0.3820
vn -0.0373 0.8794 0.4746
vn 0.0082 0.8568 0.5155
vn 0.3145 0.6156 0.7226
vn 0.2434 0.5147 0.8221
vn 0.5545 0.5190 0.6505
vn 0.6760 0.4692 0.5682
vn 0.5464 0.7233 0.4223
vn 0.6048 0.7939 0.0630
vn 0.6712 0.7292 0.1331
vn -0.1007 -0.5061 0.8566
vn -0.0653 -0.5119 0.8565
vn -0.0374 -0.5309 0.8466
vn -0.0463 -0.3915 0.9190
vn 0.0911 -0.3813 0.9200
vn -0.4778 0.0347 0.8778
vn 0.2301 -0.3042 0.9244
vn -0.3005 -0.1392 0.9436
vn 0.3874 -0.2453 0.8887
vn -0.4079 -0.0778 0.9097
vn 0.2373 0.3362 0.9114
vn 0.1249 -0.0931 0.9878
vn -0.1755 0.4315 0.8849
vn -0.1665 0.4007 0.9010
vn -0.1749 0.3687 0.9129
vn -0.0349 0.4390 0.8978
vn 0.0286 0.3262 0.9449
vn 0.1421 0.8577 0.4941
vn 0.1510 0.2260 0.9624
vn 0.0872 0.7109 0.6978
vn 0.2512 0.0866 0.9641
vn 0.0851 0.7948 0.6008
vn 0.6941 0.3308 0.6394
vn 0.3106 0.3855 0.8689
vn -0.0285 0.9187 0.3938
vn -0.7081 0.2817 0.6475
vn -0.5504 0.5952 0.5855
vn -0.6431 0.3254 0.6932
vn -0.6781 0.3148 0.6641
vn -0.3289 0.3691 0.8693
vn -0.2867 0.2101 0.9347
vn -0.1286 0.5383 0.8329
vn -0.0646 0.6455 0.7610
vn -0.2156 0.8638 0.4553
vn 0.9059 0.3946 -0.1537
vn 0.1815 0.9777 0.1055
vn 0.4895 0.8712 -0.0387
vn 0.2602 0.9547 0.1441
vn 0.2272 0.9672 0.1135
vn 0.4828 0.7898 0.3785
vn 0.3868 0.7589 0.5239
vn 0.6938 0.6342 0.3414
vn 0.7856 0.5633 0.2560
vn 0.8061 0.5730 -0.1482
vn 0.9931 0.0171 -0.1157
vn 0.9985 0.0552 0.0003
vn 0.8640 0.2135 -0.4561
vn 0.4823 0.5698 -0.6653
vn 0.2820 0.6076 -0.7425
vn 0.8124 0.2015 -0.5471
vn 0.9749 0.0193 -0.2216
vn 0.6973 -0.4153 -0.5842
vn 0.9369 -0.0265 -0.3485
vn 0.9976 -0.0224 -0.0659
vn 0.9956 -0.0293 0.0890
vn 0.9874 0.1439 -0.0665
vn 0.0177 0.9930 -0.1167
vn 0.1284 0.9902 -0.0544
vn -0.2979 0.9520 -0.0709
vn -0.1786 0.9809 -0.0771
vn -0.1519 0.9763 -0.1542
vn 0.3229 0.9464 0.0053
vn -0.3454 0.5117 -0.7867
vn -0.1957 0.9594 -0.2031
vn 0.0808 0.9864 -0.1428
vn 0.2283 0.9667 -0.1154
vn 0.0465 0.9988 0.0168
vn 0.0397 0.4679 0.8829
vn -0.0873 0.4819 0.8719
vn -0.1713 0.4358 0.8836
vn 0.0877 0.4273 0.8998
vn 0.5574 0.5309 0.6383
vn 0.0406 0.1473 0.9883
vn 0.3741 0.4634 0.8033
vn 0.0162 -0.0990 0.9950
vn 0.4520 0.5261 0.7203
vn 0.5629 -0.2288 0.7942
vn 0.2766 0.0741 0.9581
vn -0.0346 0.3396 0.9399
vn 0.0919 0.3226 0.9420
vn 0.6526 0.4545 0.6062
vn 0.2802 0.2725 0.9204
vn 0.7332 0.1739 0.6574
vn 0.7206 0.1866 0.6678
vn 0.8385 -0.2209 0.4982
vn 0.4341 0.2099 0.8761
vn 0.8165 -0.2185 0.5345
vn 0.7550 -0.2385 0.6108
vn 0.3216 0.2428 0.9152
vn 0.2404 0.3727 0.8962
vn 0.3925 -0.1270 0.9110
vn -0.1712 0.0427 0.9843
vn 0.1057 -0.0890 0.9904
vn -0.3232 -0.8908 0.3192
vn 0.2249 -0.3385 0.9137
vn -0.3185 -0.7020 0.6371
vn 0.2881 -0.6958 0.6579
vn 0.1565 -0.6873 0.7093
vn 0.1346 -0.5345 0.8344
vn -0.0494 -0.3427 0.9381
vn 0.3229 0.3055 0.8958
vn 0.5219 0.4455 0.7274
vn 0.6531 0.7430 0.1461
vn 0.5629 0.8174 0.1225
vn 0.1143 0.8964 0.4283
vn 0.2240 0.9206 0.3199
vn -0.2896 0.8603 0.4196
vn -0.3284 0.8551 0.4011
vn 0.0806 0.6952 0.7143
vn -0.4046 0.8359 0.3709
vn 0.1604 0.5281 0.8339
vn -0.4102 0.2938 0.8634
vn -0.1616 0.6498 0.7427
vn 0.4951 -0.3868 0.7780
vn 0.5559 -0.3370 0.7599
vn 0.8264 -0.1224 0.5496
vn 0.7750 -0.1275 0.6190
vn 0.8015 -0.1378 0.5820
vn 0.5194 -0.0253 0.8541
vn 0.5119 0.1522 0.8454
vn 0.2912 -0.1585 0.9435
vn 0.1992 -0.2509 0.9473
vn 0.5402 -0.3811 0.7503
vn 0.4757 -0.3858 0.7905
vn 0.3549 0.9240 -0.1425
vn 0.2898 0.9491 -0.1237
vn -0.1196 0.9891 -0.0863
vn -0.0360 0.9982 -0.0471
vn -0.0662 0.9951 -0.0735
vn 0.2059 0.9559 0.2096
vn 0.1088 0.9265 0.3602
vn 0.4101 0.8874 0.2103
vn 0.5966 0.7920 0.1294
vn 0.3121 0.9357 -0.1647
vn 0.3727 0.9184 -0.1327
vn -0.2283 -0.2994 0.9264
vn -0.2854 -0.3479 0.8930
vn 0.2617 -0.1234 0.9572
vn -0.2613 -0.2790 0.9241
vn 0.2701 -0.0908 0.9585
vn -0.0941 0.1650 0.9818
vn 0.2884 0.6607 0.6931
vn -0.6601 -0.0165 0.7510
vn -0.6964 -0.0555 0.7155
vn -0.2048 -0.3096 0.9285
vn -0.8791 -0.3021 -0.3686
vn 0.4850 0.8284 -0.2803
vn -0.9453 -0.2452 -0.2152
vn -0.8341 0.3648 -0.4137
vn 0.9189 0.3786 -0.1108
vn -0.1383 -0.7587 0.6366
vn 0.3896 -0.5226 0.7584
vn -0.4221 -0.6746 0.6056
vn 0.3319 0.7506 -0.5713
vn 0.5415 0.1183 0.8323
vn 0.4880 0.2295 0.8421
vn 0.2896 -0.1133 0.9504
vn -0.2038 -0.2064 0.9570
vn -0.1550 -0.2497 0.9558
vn 0.1906 -0.5007 0.8444
vn 0.1395 -0.6283 0.7653
vn 0.4447 -0.4469 0.7762
vn 0.5737 -0.3759 0.7277
vn 0.3991 -0.1707 0.9009
vn 0.4443 0.1963 0.8741
vn 0.5214 0.1143 0.8456
vn 0.6023 -0.0048 0.7982
vn 0.6790 0.0654 0.7312
vn 0.3459 0.2245 0.9110
vn 0.0731 0.6244 0.7776
vn 0.0552 0.5750 0.8163
vn -0.0595 0.1820 0.9815
vn -0.2156 0.1609 0.9631
vn 0.0638 -0.0562 0.9964
vn 0.1586 -0.1762 0.9715
vn 0.3235 0.0968 0.9413
vn 0.6444 0.1125 0.7563
vn 0.5955 0.0181 0.8032
vn -0.3536 0.3104 0.8824
vn -0.4016 0.3667 0.8392
vn -0.4399 0.4164 0.7957
vn -0.2795 0.4291 0.8589
vn -0.1244 0.4127 0.9023
vn -0.5272 0.7666 0.3666
vn 0.0265 0.4364 0.8994
vn -0.4270 0.6643 0.6135
vn 0.2053 0.3906 0.8974
vn -0.4993 0.6973 0.5142
vn -0.0684 0.5747 0.8155
vn -0.2462 0.8480 -0.4694
vn -0.2851 0.8700 -0.4022
vn -0.5126 0.8559 -0.0683
vn -0.4439 0.8895 -0.1086
vn -0.4848 0.8690 -0.0993
vn -0.0976 0.9826 -0.1581
vn -0.0270 0.9996 0.0043
vn 0.0773 0.9266 -0.3681
vn 0.1199 0.8703 -0.4777
vn -0.2928 0.8471 -0.4434
vn -0.2247 0.8494 -0.4776
vn 0.6259 0.5360 -0.5665
vn 0.6024 0.6313 -0.4884
vn 0.3301 0.9015 -0.2799
vn -0.0035 0.9577 -0.2876
vn 0.0087 0.9643 -0.2647
vn 0.1715 0.9791 0.1094
vn 0.0404 0.9744 0.2214
vn 0.5245 0.8311 0.1845
vn 0.3947 0.9188 -0.0037
vn 0.5462 0.6737 -0.4977
vn 0.6272 0.5351 -0.5659
vn -0.4632 0.8488 0.2548
vn -0.6919 0.7219 0.0091
vn -0.7879 0.6129 0.0603
vn -0.4362 0.8713 0.2250
vn 0.2187 0.9720 0.0858
vn -0.3668 0.6681 0.6474
vn -0.0565 0.9545 0.2929
vn -0.3325 0.4630 0.8216
vn 0.0084 0.9775 0.2109
vn -0.2073 0.7240 0.6579
vn 0.1809 0.9803 0.0794
vn 0.3048 0.9504 0.0618
vn 0.2176 0.9687 0.1195
vn 0.3496 0.9186 0.1842
vn 0.2613 0.8981 0.3538
vn 0.5035 0.8254 0.2552
vn 0.1992 0.8796 0.4319
vn 0.4722 0.7637 0.4402
vn 0.6709 0.6124 0.4181
vn 0.6750 0.6278 0.3876
vn 0.7174 0.6834 0.1351
vn 0.8660 0.4961 -0.0627
vn 0.1324 0.9850 0.1103
vn 0.7341 0.6758 -0.0658
vn 0.0231 -0.7754 0.6311
vn -0.9147 0.3496 -0.2025
vn 0.0339 0.8070 -0.5896
vn -0.3968 -0.5341 0.7465
vn -0.3005 0.0169 0.9536
vn -0.7766 0.3976 -0.4886
vn -0.6876 0.4949 -0.5312
vn 0.5719 -0.5024 0.6485
vn 0.8756 -0.2257 0.4270
vn 0.5064 -0.4817 0.7152
vn 0.8362 -0.0177 -0.5482
vn 0.3628 -0.6120 0.7027
vn 0.3914 -0.5466 0.7403
vn 0.5611 -0.1857 0.8066
vn 0.5016 -0.2440 0.8300
vn 0.5394 -0.2232 0.8120
vn 0.1732 -0.3724 0.9117
vn 0.0783 -0.2334 0.9692
vn 0.0318 -0.5890 0.8075
vn 0.0044 -0.6874 0.7263
vn 0.4044 -0.5792 0.7078
vn 0.3429 -0.6239 0.7023
vn -0.1484 0.8885 0.4342
vn -0.2192 0.8790 0.4235
vn -0.5797 0.7754 0.2504
vn -0.5290 0.7827 0.3278
vn -0.5437 0.7873 0.2907
vn -0.3902 0.6677 0.6339
vn -0.4983 0.5311 0.6853
vn -0.1913 0.6709 0.7164
vn 0.0319 0.6960 0.7173
vn -0.1821 0.8986 0.3991
vn -0.1342 0.8835 0.4488
vn 0.0975 0.6643 0.7411
vn -0.0062 0.7102 0.7039
vn -0.4988 0.4700 0.7282
vn -0.3907 0.5817 0.7135
vn -0.8018 0.3364 0.4939
vn -0.8247 0.3325 0.4574
vn -0.5082 0.1405 0.8497
vn -0.8669 0.3144 0.3869
vn -0.3940 -0.0351 0.9184
vn -0.7401 -0.3885 0.5489
vn -0.6878 0.0227 0.7256
vn -0.3075 -0.8299 0.4655
vn -0.3182 -0.8634 0.3915
vn -0.0140 -0.5783 0.8157
vn -0.3437 -0.8220 0.4541
vn -0.0245 -0.5517 0.8337
vn -0.4556 -0.4691 0.7565
vn -0.3171 0.1836 0.9305
vn -0.7470 -0.6299 0.2126
vn -0.7454 -0.6491 0.1516
vn -0.2840 -0.8325 0.4757
vn -0.1242 -0.4156 -0.9010
vn -0.3878 -0.7440 -0.5442
vn -0.7212 -0.3816 -0.5781
vn 0.3669 0.8645 0.3434
vn 0.0823 -0.8773 0.4728
vn 0.5728 -0.0853 0.8152
vn 0.6259 -0.5145 0.5862
vn -0.4492 0.8266 -0.3390
vn -0.3599 0.2610 -0.8957
vn -0.2646 0.9641 0.0211
vn 0.2438 -0.9409 -0.2351
vn -0.3268 0.3669 0.8710
vn -0.2576 0.2538 0.9323
vn 0.1398 0.1375 0.9806
vn -0.0106 0.1351 0.9908
vn 0.2514 -0.0345 0.9673
vn 0.2900 0.3222 0.9012
vn 0.4078 -0.2519 0.8776
vn 0.3197 0.3198 0.8919
vn 0.4651 -0.3198 0.8255
vn 0.3159 0.4527 0.8339
vn 0.8036 0.2636 0.5336
vn 0.5046 0.1751 0.8454
vn 0.7338 0.2553 -0.6295
vn 0.6863 0.3648 -0.6292
vn 0.6692 0.7139 -0.2064
vn 0.6625 0.6607 -0.3530
vn 0.4103 0.9113 0.0356
vn 0.3719 0.9270 0.0478
vn 0.7957 0.5974 0.0999
vn 0.2981 0.9512 0.0803
vn 0.8782 0.4278 0.2141
vn 0.4849 0.5607 0.6711
vn 0.6577 0.6998 0.2789
vn 0.9764 -0.2159 0.0098
vn 0.9900 -0.1382 0.0269
vn 0.9638 0.2652 0.0264
vn 0.9786 0.1929 0.0715
vn 0.9739 0.2241 0.0371
vn 0.9398 -0.0489 0.3381
vn 0.8773 0.0412 0.4782
vn 0.8876 -0.3227 0.3288
vn 0.8557 -0.4376 0.2761
vn 0.9858 -0.1675 -0.0106
vn 0.9717 -0.2352 0.0216
vn -0.7680 -0.1335 0.6264
vn -0.0033 -0.7168 0.6972
vn -0.3740 -0.3770 0.8474
vn -0.0044 -0.6418 0.7668
vn -0.0168 -0.6756 0.7370
vn 0.1048 -0.3398 0.9346
vn 0.2788 -0.3259 0.9034
vn -0.0342 -0.1053 0.9938
vn -0.1286 -0.0279 0.9913
vn -0.4838 -0.3641 0.7958
vn -0.7484 -0.1813 0.6380
vn -0.1295 0.7961 0.5911
vn -0.1673 0.7537 0.6356
vn -0.4263 0.4643 0.7763
vn -0.3464 0.5100 0.7873
vn -0.3837 0.4994 0.7767
vn 0.0034 0.5387 0.8425
vn 0.0505 0.3827 0.9225
vn 0.1600 0.6489 0.7439
vn 0.2566 0.7714 0.5823
vn -0.1768 0.7822 0.5975
vn -0.1093 0.8013 0.5881
vn 0.7219 -0.4854 0.4933
vn 0.7034 0.5562 0.4425
vn 0.7349 0.3946 0.5516
vn 0.5946 -0.0991 0.7979
vn -0.1187 -0.2821 0.9520
vn 0.2865 -0.1259 0.9498
vn 0.5209 -0.0842 0.8495
vn 0.6381 -0.2745 0.7194
vn 0.5204 -0.6706 0.5287
vn 0.7311 -0.5117 0.4512
vn 0.8732 0.4590 -0.1637
vn 0.8558 0.5072 -0.1017
vn 0.8585 0.4506 0.2448
vn 0.8769 0.4353 0.2038
vn 0.7120 0.4953 0.4977
vn 0.8010 0.5835 0.1338
vn 0.7016 0.5448 0.4593
vn 0.9197 0.2779 0.2774
vn 0.5765 0.8038 0.1471
vn 0.9209 0.3851 -0.0609
vn 0.7163 0.6725 -0.1861
vn 0.8338 -0.0512 0.5497
vn 0.1136 -0.1479 0.9825
vn 0.2214 -0.1382 0.9654
vn 0.1158 -0.1319 0.9845
vn 0.4011 -0.4697 0.7864
vn 0.6074 -0.0542 0.7925
vn 0.6706 -0.1590 0.7246
vn 0.1263 -0.1984 0.9720
vn 0.6005 -0.6078 0.5197
vn 0.0587 -0.5861 0.8081
vn 0.2392 -0.8038 0.5447
vn 0.5703 -0.7577 0.3172
vn 0.5235 -0.8075 0.2719
vn 0.8672 -0.3322 0.3710
vn 0.5408 -0.7696 0.3394
vn 0.8642 -0.3101 0.3962
vn 0.5629 -0.4494 0.6936
vn 0.4759 0.2160 0.8525
vn 0.0799 -0.8369 0.5416
vn 0.0426 -0.8659 0.4984
vn 0.5904 -0.7472 0.3051
vn -0.5754 0.3034 0.7595
vn -0.6099 0.3568 0.7076
vn -0.4259 -0.1798 0.8867
vn -0.5549 0.3363 0.7609
vn -0.3955 -0.1876 0.8991
vn -0.1548 0.1805 0.9713
vn 0.4012 -0.2192 0.8894
vn -0.2449 0.7221 0.6470
vn -0.2700 0.7547 0.5980
vn -0.5861 0.2800 0.7603
vn -0.6030 -0.7400 -0.2981
vn -0.3841 0.8597 0.3368
vn -0.6984 -0.7079 -0.1055
vn -0.9462 -0.2111 0.2454
vn 0.4271 0.9029 0.0483
vn 0.7764 -0.6149 -0.1381
vn 0.9468 -0.3110 -0.0833
vn 0.3296 -0.9363 -0.1212
vn -0.4117 0.8865 0.2112
vn -0.0558 -0.8471 0.5285
vn -0.2120 0.9622 -0.1710
vn -0.3978 0.9170 0.0278
vn -0.7362 0.6726 -0.0748
vn -0.7514 -0.4173 0.5111
vn -0.2193 -0.9320 0.2887
vn 0.7292 0.4365 -0.5270
vn 0.9263 -0.3387 -0.1651
vn 0.8479 -0.4252 -0.3165
vn 0.5861 -0.7619 0.2756
vn 0.3828 -0.8853 0.2640
vn 0.4514 -0.8461 0.2835
vn 0.7885 -0.5495 0.2762
vn 0.8881 -0.4594 -0.0160
vn 0.9010 -0.2364 0.3636
vn 0.8784 -0.1173 0.4632
vn 0.8790 -0.3927 0.2707
vn 0.6696 -0.6516 0.3565
vn 0.4236 -0.8482 0.3179
vn 0.3749 -0.8884 0.2651
vn 0.5858 -0.7620 0.2760
vn 0.7219 0.0022 -0.6920
vn 0.6274 0.0026 -0.7787
vn 0.5641 0.0599 -0.8235
vn 0.7576 0.0389 -0.6516
vn 0.9457 -0.2398 -0.2196
vn 0.7145 0.3311 -0.6163
vn 0.9071 -0.0778 -0.4136
vn 0.6421 0.5522 -0.5318
vn 0.9233 -0.1823 -0.3381
vn 0.8688 0.4948 0.0172
vn 0.8454 0.3479 -0.4053
vn 0.4996 0.4306 0.7517
vn 0.5617 0.3823 0.7337
vn 0.7764 0.0566 0.6276
vn 0.7677 0.1426 0.6247
vn 0.7647 0.0976 0.6369
vn 0.7427 0.4715 0.4755
vn 0.8275 0.4618 0.3194
vn 0.5476 0.6689 0.5027
vn 0.4341 0.7221 0.5387
vn 0.5227 0.3836 0.7613
vn 0.4917 0.4512 0.7447
vn 0.8706 -0.0721 -0.4867
vn 0.8350 0.0510 -0.5479
vn 0.8600 -0.0292 -0.5094
vn 0.5634 0.4273 -0.7071
vn 0.6751 0.3139 -0.6676
vn 0.7203 0.2691 -0.6393
vn 0.9022 0.1208 -0.4142
vn 0.9956 -0.0582 -0.0738
vn 0.9534 -0.1545 0.2592
vn 0.8004 0.0280 -0.5989
vn 0.4668 0.6218 0.6289
vn 0.2262 0.9453 0.2351
vn 0.1744 0.8370 0.5187
vn 0.4928 0.7849 0.3757
vn 0.5558 0.8125 -0.1757
vn 0.5557 0.8079 0.1962
vn 0.2207 0.9605 0.1697
vn 0.3040 0.8647 0.3999
vn 0.4196 0.7604 0.4957
vn 0.9557 0.0569 -0.2889
vn 0.3853 0.8721 0.3017
vn 0.9043 0.4073 0.1275
vn 0.5978 0.7363 0.3169
vn 0.8179 0.3984 0.4151
vn 0.8806 0.1712 0.4418
vn 0.8834 0.2188 0.4145
vn 0.9150 0.3551 0.1913
vn 0.9351 0.2365 -0.2639
vn 0.9654 -0.0105 -0.2607
vn -0.0523 -0.2950 0.9541
vn 0.0053 -0.3489 0.9371
vn 0.2239 -0.6291 0.7444
vn 0.2229 -0.5608 0.7974
vn 0.2109 -0.5986 0.7728
vn 0.3111 -0.2324 0.9215
vn 0.4736 -0.1974 0.8583
vn 0.1505 -0.0144 0.9885
vn 0.0418 0.0570 0.9975
vn -0.0424 -0.3447 0.9377
vn -0.0532 -0.2729 0.9606
vn 0.0170 0.9936 0.1120
vn 0.1193 0.9654 0.2318
vn 0.2402 0.9668 -0.0871
vn 0.1472 0.9890 -0.0166
vn -0.1818 0.9572 0.2251
vn 0.0481 0.9963 0.0718
vn 0.2554 0.6950 -0.6721
vn 0.2815 0.9582 -0.0515
vn 0.0194 0.9813 0.1916
vn -0.3031 0.8949 0.3276
vn -0.0677 0.7834 0.6179
vn 0.2424 0.0437 0.9692
vn 0.3077 0.3984 0.8640
vn 0.4133 0.5267 0.7429
vn 0.5114 0.4567 0.7279
vn 0.2265 0.8509 0.4740
vn 0.2048 0.9739 0.0980
vn -0.1977 0.7298 0.6544
vn -0.2296 0.8505 0.4732
vn 0.9585 0.2661 -0.1021
vn 0.9022 0.4133 -0.1231
vn 0.8859 0.4408 -0.1443
vn 0.5372 0.7845 -0.3098
vn 0.4789 0.8218 -0.3086
vn 0.4957 0.8612 -0.1120
vn 0.2364 0.9618 -0.1380
vn 0.6079 0.7899 -0.0813
vn 0.4981 0.8541 0.1498
vn 0.6490 0.6903 0.3198
vn 0.7244 0.6835 0.0896
vn 0.8908 0.4307 -0.1449
vn 0.5047 0.8211 -0.2666
vn 0.6884 0.6315 -0.3568
vn 0.7598 0.5960 -0.2599
vn 0.8286 0.5345 0.1668
vn 0.6567 0.6056 0.4495
vn 0.6738 0.5850 0.4514
vn 0.8611 0.2224 0.4572
vn 0.7959 0.1343 0.5903
vn 0.9901 0.0538 0.1298
vn 0.9363 0.2763 0.2170
vn 0.7539 0.6270 -0.1963
vn 0.6887 0.6305 -0.3581
vn 0.2733 -0.1193 0.9545
vn -0.0714 -0.0290 0.9970
vn -0.1715 -0.1439 0.9746
vn 0.2895 -0.0761 0.9541
vn 0.7229 0.3173 0.6138
vn 0.4310 -0.4850 0.7609
vn 0.6266 0.0300 0.7787
vn 0.4268 -0.6906 0.5839
vn 0.6435 0.1329 0.7538
vn 0.5753 -0.4179 0.7031
vn 0.9012 0.4205 -0.1049
vn 0.7274 0.5441 -0.4181
vn 0.8111 0.4548 -0.3679
vn 0.8457 0.5281 0.0767
vn 0.9944 0.0981 -0.0396
vn 0.9986 -0.0497 -0.0173
vn 0.9733 0.1591 -0.1655
vn 0.9272 0.2743 -0.2552
vn 0.6400 0.5769 -0.5076
vn 0.7116 0.5594 -0.4251
vn 0.3344 0.9146 0.2272
vn 0.2216 0.7572 0.6144
vn 0.4237 0.6810 0.5973
vn -0.2088 0.2857 0.9353
vn 0.1985 0.5489 0.8120
vn 0.3957 0.6960 0.5992
vn 0.3983 0.6071 0.6876
vn 0.4059 0.9009 0.1536
vn 0.3324 0.9264 0.1769
vn 0.6989 -0.6620 -0.2707
vn 0.8339 -0.5161 -0.1959
vn 0.7896 -0.5628 -0.2446
vn 0.7372 -0.5443 -0.4003
vn 0.7552 -0.5495 0.3574
vn 0.7809 -0.4143 -0.4675
vn 0.7873 -0.6113 0.0806
vn 0.7678 -0.2695 -0.5812
vn 0.7621 -0.6140 0.2052
vn 0.8522 -0.4321 -0.2950
vn 0.5100 0.1462 0.8477
vn 0.5525 0.0800 0.8297
vn 0.6484 -0.2918 0.7032
vn 0.6716 -0.2089 0.7108
vn 0.6510 -0.2504 0.7166
vn 0.7878 0.1172 0.6047
vn 0.8844 0.0901 0.4579
vn 0.6749 0.3700 0.6384
vn 0.5843 0.4583 0.6697
vn 0.5131 0.0933 0.8533
vn 0.5111 0.1687 0.8428
vn 0.3296 0.8895 0.3164
vn 0.4443 0.8387 0.3151
vn 0.7310 0.5300 0.4297
vn 0.7246 0.2627 0.6371
vn 0.7423 0.2612 0.6171
vn 0.9433 0.1962 0.2678
vn 0.9668 0.0259 0.2543
vn 0.9007 0.4327 -0.0396
vn 0.8763 0.4364 0.2041
vn 0.4690 0.8018 0.3705
vn 0.3293 0.8902 0.3149
vn 0.7899 -0.4263 0.4409
vn 0.5346 -0.4985 0.6825
vn 0.4448 -0.6186 0.6476
vn 0.8012 -0.3850 0.4581
vn 0.9343 0.2475 0.2566
vn 0.8149 -0.5790 0.0260
vn 0.9647 -0.0959 0.2452
vn 0.7139 -0.6682 -0.2094
vn 0.9599 0.0053 0.2802
vn 0.8944 -0.4454 -0.0411
vn 0.3726 0.0338 -0.9274
vn 0.4137 0.0999 -0.9049
vn 0.5025 0.3984 -0.7673
vn 0.5382 0.3046 -0.7858
vn 0.5972 0.2330 -0.7675
vn 0.8319 -0.2586 -0.4910
vn 0.8917 -0.4259 -0.1532
vn 0.9201 -0.3786 0.1007
vn 0.5111 -0.3720 -0.7748
vn 0.4851 -0.3834 -0.7859
vn 0.3728 0.0869 -0.9239
vn 0.3753 0.0108 -0.9268
vn 0.2594 0.9642 0.0548
vn 0.0260 0.8658 0.4997
vn 0.3692 -0.7556 -0.5411
vn -0.2792 -0.9594 0.0397
vn 0.1602 -0.8871 0.4329
vn 0.0724 -0.2436 0.9672
vn -0.2102 0.1915 -0.9587
vn -0.1166 -0.0956 -0.9886
vn -0.2065 0.9779 -0.0342
vn 0.8204 0.0630 -0.5683
vn 0.8230 0.1336 -0.5521
vn 0.7275 0.4881 -0.4822
vn 0.7910 0.4095 -0.4546
vn 0.7960 0.4042 -0.4505
vn 0.9145 0.1203 -0.3864
vn 0.9667 -0.0479 -0.2514
vn 0.9278 -0.2471 -0.2796
vn 0.8032 0.1060 -0.5862
vn 0.8272 0.0448 -0.5601
vn -0.2027 0.9637 -0.1736
vn -0.7277 -0.2838 0.6244
vn -0.6835 0.6662 -0.2983
vn -0.0173 0.9954 0.0947
vn -0.3255 0.3848 -0.8637
vn 0.8995 0.4177 0.1282
vn -0.8190 -0.5711 -0.0554
vn -0.8238 0.2108 0.5262
vn -0.4419 0.6190 0.6493
vn -0.3190 0.6090 -0.7262
vn -0.2187 0.5734 -0.7896
vn 0.5224 0.2487 -0.8157
vn 0.7501 -0.3475 -0.5627
vn 0.4043 -0.6115 0.6802
vn -0.1120 0.8951 -0.4315
vn 0.9769 -0.2081 0.0488
vn -0.4711 0.8817 0.0244
vn 0.6696 -0.5528 0.4961
vn 0.8002 -0.4132 0.4347
vn 0.9936 -0.0935 0.0635
vn 0.6046 -0.5460 0.5800
vn 0.9943 0.1024 0.0295
vn 0.9945 -0.0888 0.0553
vn 0.2507 -0.5582 0.7909
vn 0.5700 -0.6505 0.5020
vn -0.7947 -0.4364 0.4219
vn -0.5616 -0.4560 0.6904
vn 0.1715 -0.0398 -0.9844
vn -0.5523 0.2687 -0.7892
vn -0.5465 0.4230 0.7228
vn 0.3940 -0.9145 0.0919
vn 0.3177 -0.9066 -0.2776
vn -0.5223 0.5875 -0.6180
vn -0.9329 -0.3600 -0.0088
vn -0.4957 -0.8570 0.1405
vn -0.7815 -0.2950 0.5497
vn -0.9999 0.0155 0.0032
vn -0.3470 -0.6839 0.6417
vn 0.4725 0.2047 -0.8572
vn -0.1474 -0.8673 -0.4755
vn -0.6446 -0.7389 -0.1960
vn 0.8884 0.0804 -0.4519
vn -0.9662 -0.1408 0.2157
vn 0.8356 0.5047 0.2171
vn 0.0269 -0.8272 -0.5612
vn 0.6277 0.7760 -0.0619
vn -0.0412 0.7958 0.6041
vn -0.0908 0.9823 -0.1637
vn 0.1293 -0.9650 0.2282
vn -0.4228 -0.4628 0.7791
vn -0.4290 -0.8884 -0.1634
vn 0.1284 0.9656 0.2261
vn -0.1171 0.1574 0.9806
vn 0.5051 0.2450 -0.8276
vn 0.3516 -0.0962 -0.9312
vn 0.6324 0.3212 -0.7050
vn -0.4901 0.5382 0.6856
vn -0.2922 0.8121 0.5051
vn -0.3727 0.7341 0.5675
vn -0.3777 0.6698 0.6393
vn -0.2309 0.8338 0.5014
vn -0.0912 0.9958 -0.0024
vn -0.0126 0.7352 0.6777
vn -0.1172 0.9612 0.2495
vn 0.1822 0.6126 0.7691
vn -0.1359 0.9831 0.1228
vn 0.5648 0.7548 0.3338
vn 0.1722 0.8256 0.5374
vn 0.8725 -0.4846 -0.0621
vn 0.8784 -0.4589 -0.1332
vn 0.8744 -0.3477 -0.3384
vn 0.9222 -0.3133 -0.2265
vn 0.9573 -0.1588 -0.2416
vn 0.9749 -0.2199 -0.0339
vn 0.9537 -0.0286 -0.2993
vn 0.9992 -0.0360 -0.0159
vn 0.9692 -0.0410 0.2427
vn 0.9693 -0.1500 0.1949
vn 0.9225 -0.3535 0.1550
vn 0.8647 -0.4869 -0.1233
vn 0.8744 -0.4836 -0.0398
vn 0.0414 0.9508 -0.3072
vn 0.1399 0.9636 -0.2279
vn -0.3477 0.8957 -0.2773
vn -0.6078 0.7817 -0.1397
vn -0.1769 0.9588 -0.2224
vn -0.4452 0.8931 -0.0649
vn 0.5061 0.8168 0.2768
vn -0.2049 0.3366 -0.9191
vn -0.1544 0.8945 -0.4196
vn 0.1079 0.9411 -0.3205
vn 0.2486 0.9315 -0.2655
vn 0.0472 0.9835 -0.1745
vn 0.7560 0.2757 0.5937
vn 0.6981 0.3177 0.6417
vn 0.8285 0.5345 0.1671
vn 0.7800 0.5559 0.2875
vn 0.7232 0.3698 0.5833
vn 0.6887 0.4220 0.5896
vn 0.4796 0.2701 0.8349
vn 0.4529 0.1265 0.8825
vn 0.5467 0.0707 0.8343
vn 0.6720 0.2725 0.6886
vn 0.6961 0.2974 0.6534
vn 0.8128 0.2443 0.5288
vn 0.5610 -0.7837 0.2666
vn 0.5499 -0.8318 0.0758
vn 0.5607 -0.8257 0.0625
vn 0.6159 -0.6614 0.4280
vn 0.7239 -0.4701 0.5049
vn 0.0283 -0.4996 0.8658
vn 0.7948 -0.3079 0.5230
vn 0.3318 -0.5439 0.7708
vn 0.8595 -0.1566 0.4866
vn 0.2197 -0.5593 0.7993
vn 0.4981 0.1604 0.8521
vn 0.6555 -0.2423 0.7153
vn -0.0431 0.9908 0.1279
vn -0.3625 0.7964 0.4840
vn -0.1446 0.8276 0.5423
vn 0.2534 0.5736 0.7789
vn 0.2677 0.8711 0.4118
vn 0.2432 0.5488 0.7998
vn -0.0900 0.5021 0.8601
vn 0.6438 0.6515 0.4013
vn 0.7536 0.5945 0.2805
vn 0.6842 0.7246 -0.0820
vn 0.6990 0.6751 0.2359
vn 0.5906 0.7502 0.2971
vn 0.2795 0.9575 0.0704
vn 0.0954 0.9952 0.0198
vn -0.0600 0.9932 0.0996
vn -0.7341 0.5814 0.3508
vn -0.5598 0.3091 0.7688
vn -0.6058 0.6265 0.4903
vn -0.5161 0.2044 0.8318
vn -0.4888 0.2253 0.8428
vn -0.2037 0.4236 0.8826
vn -0.2955 0.2192 0.9299
vn 0.5686 0.0965 0.8169
vn -0.3535 0.9163 0.1880
vn -0.3281 0.7964 0.5081
vn -0.3930 0.7172 0.5754
vn -0.7958 0.4960 0.3474
vn 0.6957 -0.5745 0.4312
vn 0.7487 -0.5038 0.4309
vn 0.6697 -0.7166 0.1948
vn 0.9703 -0.2346 0.0598
vn 0.6731 0.1222 0.7294
vn 0.4510 -0.1915 0.8718
vn 0.4216 0.0973 0.9015
vn 0.8800 0.0591 0.4713
vn 0.4060 0.1417 0.9028
vn 0.4430 0.1971 0.8746
vn 0.9309 0.0834 0.3556
vn 0.9706 -0.0007 0.2408
vn 0.7533 0.3682 0.5449
vn 0.9282 0.2487 0.2768
vn 0.3161 0.9313 0.1812
vn 0.3504 0.9080 0.2297
vn 0.7788 0.5283 0.3382
vn 0.3146 0.8811 0.3530
vn 0.6577 0.5508 0.5139
vn 0.3338 0.8626 0.3801
vn 0.6442 0.5328 0.5488
vn 0.4666 0.7603 0.4519
vn 0.6624 -0.6978 0.2726
vn 0.9225 0.1693 0.3469
vn 0.5267 0.7620 0.3768
vn 0.6721 0.7115 0.2050
vn 0.9585 -0.1139 0.2612
vn 0.9851 -0.0980 0.1414
vn 0.8963 0.2206 0.3847
vn 0.6972 0.6659 0.2653
vn 0.6991 0.6374 0.3240
vn 0.6401 0.3723 0.6720
vn 0.5107 0.4179 0.7514
vn 0.6879 0.1119 0.7171
vn 0.7145 -0.0397 0.6985
vn 0.8725 0.1236 0.4727
vn 0.9867 -0.0368 0.1586
vn 0.9617 -0.0898 0.2589
vn 0.2171 0.7205 0.6586
vn 0.1947 0.7051 0.6819
vn 0.1623 0.7006 0.6949
vn 0.2960 0.6231 0.7240
vn 0.2302 0.5386 0.8105
vn 0.7711 0.5273 0.3569
vn 0.2077 0.4033 0.8912
vn 0.6042 0.5817 0.5446
vn 0.1413 0.2586 0.9556
vn 0.6809 0.5841 0.4418
vn 0.6015 -0.0924 0.7935
vn 0.4328 0.3223 0.8419
vn 0.8185 -0.5551 0.1481
vn 0.9193 0.3936 0.0003
vn 0.9989 0.0463 0.0084
vn 0.9383 0.3387 0.0699
vn 0.9337 0.3570 0.0272
vn 0.8987 0.1865 0.3969
vn 0.8128 0.3051 0.4963
vn 0.8790 -0.0666 0.4722
vn 0.8722 -0.2073 0.4430
vn 0.9177 -0.3883 0.0836
vn 0.2578 -0.1229 0.9584
vn 0.3619 -0.1744 0.9157
vn 0.3115 0.2331 0.9212
vn 0.5181 0.5829 0.6260
vn 0.4641 0.5881 0.6624
vn 0.0592 0.5490 0.8337
vn -0.0390 0.6491 0.7597
vn -0.0801 0.3433 0.9358
vn -0.1310 0.2011 0.9708
vn 0.1893 0.1993 0.9615
vn 0.3822 -0.1141 0.9170
vn 0.2733 -0.1042 0.9563
vn 0.7397 -0.5673 0.3620
vn -0.8740 -0.4855 -0.0191
vn 0.9439 0.2092 0.2553
vn -0.9060 -0.3864 -0.1728
vn 0.2878 0.7457 -0.6009
vn -0.3007 -0.9302 -0.2107
vn -0.7761 -0.4225 -0.4681
vn -0.2091 -0.9351 -0.2860
vn -0.3747 -0.9248 -0.0657
vn 0.6847 0.4974 0.5327
vn 0.5343 0.7367 -0.4144
vn -0.5987 -0.7765 0.1962
vn -0.4058 0.3031 0.8622
vn 0.4207 -0.8713 0.2527
vn -0.8043 -0.5728 -0.1580
vn -0.3467 -0.9095 0.2295
vn -0.0059 -0.6305 0.7762
vn 0.5817 -0.2634 0.7696
vn 0.9042 0.3998 0.1502
vn 0.6010 -0.7152 0.3569
vn 0.9893 0.0365 0.1413
vn 0.3848 -0.5152 0.7658
vn 0.6585 0.1211 0.7428
vn 0.7482 -0.6440 0.1595
vn -0.0992 0.9947 -0.0274
vn 0.8671 0.4734 -0.1549
vn 0.9097 0.4097 0.0684
vn 0.1742 0.6536 -0.7365
vn 0.3524 0.6240 -0.6974
vn -0.6344 0.5537 -0.5394
vn -0.7542 0.4219 -0.5032
vn -0.9369 0.2992 -0.1809
vn -0.2853 0.9087 -0.3047
vn -0.6385 0.6361 -0.4333
vn -0.1977 0.9143 -0.3534
vn -0.6885 0.7081 -0.1566
vn -0.8975 -0.4376 0.0549
vn -0.9359 -0.3253 0.1349
vn -0.8402 -0.5407 -0.0399
vn -0.8103 -0.5770 0.1026
vn -0.5733 -0.8105 0.1202
vn -0.8641 -0.4518 0.2218
vn -0.5618 -0.8186 0.1191
vn -0.8613 -0.3710 0.3472
vn -0.5072 -0.8521 0.1292
vn -0.8648 -0.2165 0.4529
vn -0.4146 -0.4809 0.7726
vn -0.7231 -0.5283 0.4450
vn -0.2240 0.5591 0.7982
vn -0.2955 0.5460 0.7839
vn -0.5271 0.4749 0.7047
vn -0.4426 0.4206 0.7920
vn -0.5008 0.2752 0.8206
vn -0.3008 0.2943 0.9071
vn -0.5806 0.1593 0.7985
vn -0.3329 0.1133 0.9361
vn -0.0837 0.0644 0.9944
vn -0.1040 0.1771 0.9787
vn -0.0721 0.3819 0.9214
vn -0.2720 0.5679 0.7768
vn -0.2044 0.5522 0.8083
vn 0.5724 0.0766 0.8164
vn 0.4729 0.0347 0.8804
vn 0.0733 -0.0685 0.9950
vn -0.1737 0.1941 0.9655
vn -0.2472 0.0558 0.9674
vn -0.5102 -0.4496 0.7332
vn -0.6746 -0.5989 0.4316
vn -0.8131 -0.5389 0.2201
vn -0.0791 -0.5215 0.8496
vn -0.0681 -0.5347 0.8423
vn 0.0488 -0.2102 0.9764
vn 0.4799 0.0295 0.8768
vn 0.5733 0.0753 0.8159
vn -0.9053 0.2000 0.3747
vn -0.8420 0.4341 0.3203
vn -0.8416 0.4340 0.3214
vn -0.8652 0.2173 0.4519
vn -0.8765 -0.1218 0.4658
vn -0.9400 -0.1142 0.3216
vn -0.7998 -0.0776 0.5952
vn -0.8982 -0.3142 0.3075
vn -0.7316 -0.2610 0.6298
vn -0.8906 -0.4207 0.1727
vn -0.5830 -0.3038 0.7535
vn -0.4577 -0.7826 0.4220
vn -0.7243 -0.4875 0.4876
vn -0.0427 -0.9976 -0.0543
vn -0.0074 -1.0000 -0.0029
vn 0.1514 -0.9653 0.2128
vn 0.0107 -0.9807 0.1954
vn -0.0545 -0.9384 0.3413
vn -0.2124 -0.9584 0.1904
vn -0.0704 -0.8820 0.4660
vn -0.3032 -0.8915 0.3366
vn -0.4978 -0.8445 0.1976
vn -0.4340 -0.8902 0.1381
vn -0.3141 -0.9485 -0.0424
vn -0.0056 -0.9993 -0.0362
vn -0.0589 -0.9964 -0.0611
vn -0.5991 0.3210 0.7335
vn -0.6356 0.2487 0.7309
vn -0.7798 -0.0409 0.6246
vn -0.7176 -0.0037 0.6965
vn -0.6490 -0.0144 0.7607
vn -0.0875 -0.0760 0.9933
vn 0.2560 -0.2332 0.9381
vn 0.3789 -0.4292 0.8199
vn -0.1843 0.3499 0.9185
vn -0.1830 0.3783 0.9074
vn -0.6383 0.2917 0.7124
vn -0.5808 0.3307 0.7438
vn 0.1061 -0.9919 0.0692
vn 0.1597 -0.9838 0.0819
vn 0.5914 -0.7960 0.1289
vn 0.4584 -0.8791 0.1305
vn 0.5513 -0.8271 0.1089
vn 0.6279 -0.7751 -0.0706
vn 0.1092 -0.9486 0.2971
vn -0.3430 -0.8235 0.4519
vn -0.3615 -0.8260 0.4324
vn -0.3030 -0.8636 0.4030
vn -0.2862 -0.8784 0.3828
vn 0.1556 -0.9878 -0.0102
vn 0.0815 -0.9932 0.0831
vn 0.1640 -0.8075 0.5666
vn 0.2242 -0.8112 0.5401
vn 0.2562 -0.8027 0.5385
vn 0.0996 -0.7278 0.6785
vn 0.1622 -0.6314 0.7583
vn -0.5058 -0.6635 0.5513
vn 0.1977 -0.5000 0.8431
vn -0.2750 -0.7057 0.6530
vn 0.2682 -0.3503 0.8974
vn -0.3863 -0.7121 0.5862
vn -0.2491 -0.0609 0.9666
vn -0.0318 -0.4458 0.8946
vn -0.7866 -0.5566 0.2673
vn -0.7507 -0.5352 0.3873
vn -0.6507 -0.7581 -0.0429
vn -0.4223 -0.8782 -0.2245
vn -0.6776 -0.7217 0.1418
vn -0.4585 -0.8885 -0.0172
vn -0.3401 -0.3883 0.8565
vn -0.8830 -0.0435 -0.4673
vn -0.8045 -0.5927 0.0381
vn -0.8058 -0.5054 0.3087
vn -0.7856 -0.4343 0.4407
vn -0.6997 -0.6234 0.3490
vn -0.8491 0.3440 0.4010
vn -0.8838 0.2862 0.3703
vn -0.9645 0.0746 0.2532
vn -0.9211 0.0965 0.3772
vn -0.8974 -0.0484 0.4386
vn -0.8140 0.1040 0.5715
vn -0.8788 -0.1897 0.4379
vn -0.7535 -0.0505 0.6555
vn -0.5861 0.0803 0.8062
vn -0.6524 0.1506 0.7428
vn -0.7117 0.3205 0.6251
vn -0.8759 0.3174 0.3634
vn -0.8369 0.3524 0.4188
vn 0.5336 0.3914 0.7497
vn 0.2558 0.6094 0.7505
vn 0.4734 0.3870 0.7913
vn 0.2246 0.5446 0.8080
vn 0.0736 0.5192 0.8515
vn 0.1985 0.3503 0.9153
vn -0.0683 0.5303 0.8451
vn 0.0307 0.2855 0.9579
vn 0.1193 0.0429 0.9919
vn 0.2046 0.1186 0.9716
vn 0.3537 0.1969 0.9144
vn 0.5167 -0.0181 0.8560
vn 0.4473 0.3586 0.8194
vn -0.0947 0.5804 0.8088
vn -0.0506 0.6370 0.7692
vn -0.4924 0.2491 0.8339
vn -0.0573 0.5733 0.8173
vn -0.4640 0.2063 0.8615
vn 0.7785 -0.3499 0.5211
vn 0.1171 0.0304 0.9927
vn -0.2560 -0.5779 0.7749
vn 0.4576 0.4555 0.7636
vn 0.4757 0.4823 0.7356
vn -0.1202 0.5812 0.8048
vn -0.0948 0.9314 -0.3515
vn 0.0339 0.9112 -0.4106
vn -0.2333 0.9279 -0.2907
vn -0.1333 0.9723 -0.1918
vn -0.2556 0.9594 0.1194
vn 0.0384 0.9673 -0.2508
vn -0.2616 0.9561 0.1317
vn 0.1866 0.9517 -0.2439
vn -0.2890 0.9425 0.1678
vn 0.3096 0.9092 -0.2784
vn 0.0779 0.9922 -0.0969
vn 0.9875 0.0435 -0.1517
vn 0.9747 0.1118 -0.1933
vn 0.8467 0.3482 -0.4023
vn 0.8890 0.3368 -0.3101
vn 0.9040 0.3658 -0.2214
vn 0.8030 0.4650 0.3729
vn 0.5382 0.5582 0.6315
vn 0.3114 0.6811 0.6626
vn 0.9518 0.0537 0.3019
vn 0.9533 0.0233 0.3012
vn 0.9778 0.0654 -0.1992
vn 0.9909 0.0371 -0.1297
vn 0.6892 -0.2072 0.6943
vn 0.7318 -0.0907 0.6754
vn 0.8790 0.2297 0.4179
vn 0.9628 0.2544 0.0911
vn 0.9553 0.2773 0.1027
vn 0.7577 0.6032 0.2490
vn 0.7081 0.6970 0.1131
vn 0.5591 0.5881 0.5845
vn 0.7439 0.4740 0.4712
vn 0.7781 -0.0762 0.6235
vn 0.6881 -0.2072 0.6954
vn 0.5025 0.6269 -0.5954
vn 0.5684 0.4163 -0.7097
vn 0.5693 0.4165 -0.7089
vn 0.5740 0.6109 -0.5454
vn 0.4156 0.8393 -0.3504
vn 0.3012 0.8358 -0.4590
vn 0.5423 0.7960 -0.2688
vn 0.1845 0.9296 -0.3192
vn 0.4734 0.8752 -0.1001
vn 0.0143 0.9514 -0.3077
vn 0.5449 0.8347 0.0801
vn 0.0075 0.9510 0.3090
vn 0.2362 0.9714 -0.0221
vn -0.5454 0.6475 0.5323
vn -0.4984 0.6367 0.5885
vn -0.3145 0.5762 0.7544
vn -0.3242 0.6736 0.6641
vn -0.1778 0.7352 0.6542
vn -0.3037 0.8147 0.4940
vn -0.0364 0.7406 0.6710
vn -0.1385 0.8849 0.4448
vn -0.2222 0.9526 0.2077
vn -0.3072 0.9113 0.2742
vn -0.4871 0.8081 0.3311
vn -0.5266 0.6247 0.5766
vn -0.5505 0.6588 0.5128
vn 0.0642 0.5704 0.8189
vn 0.0343 0.5220 0.8522
vn 0.0344 0.4935 0.8690
vn 0.2063 0.5990 0.7737
vn 0.3180 0.5173 0.7945
vn 0.1829 0.9482 0.2597
vn 0.4540 0.4341 0.7781
vn 0.2285 0.8425 0.4879
vn 0.5700 0.3050 0.7630
vn 0.1778 0.9052 0.3860
vn 0.8211 0.5076 0.2610
vn 0.5457 0.5775 0.6072
vn 0.5928 0.5032 -0.6288
vn 0.5420 0.5659 -0.6213
vn 0.2626 0.7589 -0.5959
vn 0.3571 0.7488 -0.5584
vn 0.4215 0.7626 -0.4907
vn 0.7290 0.6838 0.0313
vn 0.6954 0.5961 0.4012
vn 0.5300 0.5976 0.6016
vn 0.8702 0.4040 -0.2819
vn 0.8769 0.3781 -0.2967
vn 0.5495 0.5278 -0.6477
vn 0.6112 0.4946 -0.6179
vn 0.7943 -0.4008 0.4565
vn 0.9429 -0.3259 0.0683
vn 0.8521 -0.3368 0.4006
vn 0.9557 -0.2856 0.0710
vn 0.9720 -0.2041 0.1163
vn 0.8665 0.3303 0.3744
vn 0.6662 0.6651 0.3375
vn 0.5476 0.8201 0.1662
vn 0.6924 -0.0064 0.7215
vn 0.6781 -0.0046 0.7349
vn 0.8452 -0.2976 0.4439
vt 0.833669 0.158736
vt 0.838289 0.133407
vt 0.845929 0.133555
vt 0.848526 0.243824
vt 0.839963 0.179897
vt 0.878068 0.304697
vt 0.860631 0.280100
vt 0.859685 0.278110
vt 0.868554 0.346820
vt 0.874426 0.303014
vt 0.842359 0.439923
vt 0.835433 0.435093
vt 0.846558 0.417331
vt 0.861574 0.546706
vt 0.855652 0.528390
vt 0.859216 0.485584
vt 0.860564 0.612973
vt 0.848842 0.615031
vt 0.834900 0.679404
vt 0.837069 0.765217
vt 0.827952 0.683983
vt 0.889288 0.893171
vt 0.870939 0.839264
vt 0.870556 0.837736
vt 0.830509 0.773228
vt 0.796042 0.815369
vt 0.810347 0.798168
vt 0.786675 0.861085
vt 0.790295 0.818157
vt 0.895365 0.891995
vt 0.873177 0.835007
vt 0.841806 0.772626
vt 0.840608 0.674615
vt 0.864737 0.542177
vt 0.857271 0.453129
vt 0.870642 0.536884
vt 0.849841 0.419948
vt 0.860907 0.264189
vt 0.849582 0.193552
vt 0.847543 0.155358
vt 0.855096 0.133858
vt 0.845863 0.301085
vt 0.870590 0.346178
vt 0.880144 0.306197
vt 0.791074 0.703011
vt 0.754425 0.716493
vt 0.789022 0.696880
vt 0.797467 0.820410
vt 0.790495 0.863197
vt 0.836736 0.778600
vt 0.815058 0.799762
vt 0.829566 0.150223
vt 0.844038 0.133597
vt 0.840257 0.178431
vt 0.841896 0.261625
vt 0.848575 0.252641
vt 0.841052 0.419782
vt 0.848575 0.449365
vt 0.857146 0.609619
vt 0.834748 0.679497
vt 0.840788 0.763346
vt 0.790762 0.699010
vt 0.754692 0.716692
vt 0.844973 0.775991
vt 0.832330 0.774712
vt 0.788443 0.862053
vt 0.855189 0.617740
vt 0.853468 0.576605
vt 0.860659 0.576592
vt 0.841681 0.667424
vt 0.848301 0.618070
vt 0.830900 0.681844
vt 0.829147 0.670664
vt 0.804121 0.688332
vt 0.806697 0.693314
vt 0.754472 0.711077
vt 0.871296 0.839914
vt 0.839287 0.779895
vt 0.845891 0.770996
vt 0.895079 0.892190
vt 0.870372 0.840397
vt 0.838208 0.771244
vt 0.791521 0.816795
vt 0.837985 0.770579
vt 0.787821 0.861753
vt 0.786545 0.860940
vt 0.859490 0.616360
vt 0.796048 0.820119
vt 0.857939 0.576633
vt 0.832484 0.678502
vt 0.844005 0.771990
vt 0.805676 0.691812
vt 0.796465 0.813042
vt 0.891459 0.892681
vt 0.876220 0.842512
vt 0.754503 0.716641
vt 0.754722 0.717156
vt 0.788126 0.861769
vt 0.554825 0.921161
vt 0.527653 0.871706
vt 0.530104 0.833034
vt 0.543633 0.924431
vt 0.583050 0.881281
vt 0.605381 0.841792
vt 0.541785 0.789032
vt 0.614629 0.798010
vt 0.604553 0.741091
vt 0.552680 0.743233
vt 0.582034 0.697687
vt 0.563150 0.698418
vt 0.578429 0.671854
vt 0.565251 0.673871
vt 0.541785 0.789032
vt 0.551965 0.743252
vt 0.563234 0.698897
vt 0.554825 0.921161
vt 0.570917 0.671281
vt 0.639443 0.612997
vt 0.606507 0.556106
vt 0.674413 0.454515
vt 0.613589 0.607103
vt 0.607025 0.589559
vt 0.664979 0.599571
vt 0.687766 0.571056
vt 0.695520 0.522829
vt 0.567034 0.809852
vt 0.540075 0.919359
vt 0.549052 0.924423
vt 0.605306 0.841926
vt 0.565270 0.673863
vt 0.568486 0.801603
vt 0.563139 0.698419
vt 0.565281 0.673857
vt 0.550403 0.923752
vt 0.606676 0.836540
vt 0.554825 0.921161
vt 0.543634 0.924431
vt 0.577268 0.671766
vt 0.518239 0.427657
vt 0.480621 0.491394
vt 0.505929 0.369764
vt 0.517935 0.573995
vt 0.479543 0.599051
vt 0.468162 0.596771
vt 0.439192 0.567480
vt 0.428609 0.518937
vt 0.435418 0.471278
vt 0.469034 0.415835
vt 0.144421 0.272064
vt 0.071010 0.215707
vt 0.058128 0.159690
vt 0.127586 0.279266
vt 0.090754 0.255047
vt 0.151187 0.230601
vt 0.146205 0.185481
vt 0.126736 0.132166
vt 0.082219 0.086683
vt 0.047790 0.059684
vt 0.584131 0.882926
vt 0.529973 0.833536
vt 0.543663 0.924474
vt 0.563792 0.674734
vt 0.587503 0.270232
vt 0.548917 0.279712
vt 0.550959 0.247712
vt 0.554944 0.309024
vt 0.590161 0.313343
vt 0.615552 0.294979
vt 0.638246 0.262298
vt 0.618073 0.150378
vt 0.595132 0.150293
vt 0.621057 0.121197
vt 0.606632 0.116593
vt 0.568070 0.317166
vt 0.549758 0.266528
vt 0.593890 0.228211
vt 0.637793 0.218497
vt 0.618129 0.150583
vt 0.594665 0.151479
vt 0.606632 0.116593
vt 0.565059 0.826268
vt 0.563135 0.698433
vt 0.577454 0.671805
vt 0.543394 0.924090
vt 0.554790 0.921573
vt 0.192372 0.841407
vt 0.140274 0.786008
vt 0.134974 0.715218
vt 0.151208 0.838451
vt 0.171176 0.872771
vt 0.206119 0.901891
vt 0.217860 0.900496
vt 0.224572 0.858629
vt 0.226028 0.817861
vt 0.185676 0.732165
vt 0.140371 0.677478
vt 0.127242 0.681738
vt 0.462552 0.129612
vt 0.414091 0.122252
vt 0.451398 0.072145
vt 0.379730 0.173232
vt 0.372922 0.220891
vt 0.383504 0.269434
vt 0.462247 0.275949
vt 0.423705 0.301048
vt 0.412475 0.298725
vt 0.284333 0.285480
vt 0.251688 0.187844
vt 0.282181 0.129217
vt 0.238362 0.304522
vt 0.232736 0.254179
vt 0.275747 0.355413
vt 0.294730 0.357259
vt 0.327066 0.307572
vt 0.329917 0.255664
vt 0.303574 0.131555
vt 0.294508 0.082461
vt 0.294631 0.356260
vt 0.275747 0.355413
vt 0.330619 0.259006
vt 0.318182 0.199779
vt 0.251588 0.187828
vt 0.282190 0.127802
vt 0.309088 0.085021
vt 0.294490 0.082459
vt 0.450309 0.071737
vt 0.462550 0.129611
vt 0.413346 0.117789
vt 0.460591 0.075352
vt 0.425397 0.181739
vt 0.423699 0.301039
vt 0.284328 0.285073
vt 0.282167 0.128749
vt 0.275809 0.355490
vt 0.294689 0.357317
vt 0.329910 0.255629
vt 0.294508 0.082461
vt 0.414394 0.122687
vt 0.450419 0.071771
vt 0.423703 0.301044
vt 0.294631 0.356260
vt 0.282181 0.129217
vt 0.275747 0.355413
vt 0.329917 0.255664
vt 0.294508 0.082461
vt 0.282169 0.129464
vt 0.285658 0.361469
vt 0.275669 0.355315
vt 0.294784 0.357183
vt 0.294569 0.082470
vt 0.450302 0.071735
vt 0.460342 0.133192
vt 0.423705 0.301047
vt 0.639439 0.613142
vt 0.606339 0.556737
vt 0.620209 0.510548
vt 0.674881 0.453173
vt 0.664817 0.415387
vt 0.284333 0.285480
vt 0.282181 0.129217
vt 0.275747 0.355413
vt 0.294730 0.357259
vt 0.284333 0.285480
vt 0.303594 0.131493
vt 0.275747 0.355413
vt 0.294730 0.357259
vt 0.460342 0.133193
vt 0.423705 0.301047
vt 0.153582 0.442171
vt 0.153598 0.385915
vt 0.163785 0.388204
vt 0.215040 0.498789
vt 0.181667 0.478741
vt 0.259922 0.496365
vt 0.239399 0.502197
vt 0.161709 0.536672
vt 0.137322 0.477192
vt 0.143504 0.442110
vt 0.155247 0.577675
vt 0.140832 0.548141
vt 0.174568 0.518777
vt 0.184077 0.584018
vt 0.154387 0.472414
vt 0.175102 0.329318
vt 0.159399 0.345022
vt 0.164047 0.327379
vt 0.264593 0.488742
vt 0.253204 0.465151
vt 0.236051 0.452006
vt 0.203818 0.441115
vt 0.176852 0.438582
vt 0.158329 0.429357
vt 0.170310 0.347289
vt 0.285631 0.360371
vt 0.234681 0.247371
vt 0.302831 0.134021
vt 0.276308 0.356111
vt 0.294278 0.357899
vt 0.330434 0.258123
vt 0.294490 0.082459
vt 0.414394 0.122687
vt 0.450419 0.071771
vt 0.275925 0.353624
vt 0.282181 0.129217
vt 0.290867 0.359167
vt 0.329917 0.255663
vt 0.294508 0.082461
vt 0.275925 0.353623
vt 0.282181 0.129217
vt 0.290867 0.359167
vt 0.285631 0.360372
vt 0.234681 0.247370
vt 0.302831 0.134021
vt 0.276308 0.356111
vt 0.294278 0.357899
vt 0.330434 0.258123
vt 0.294490 0.082459
vt 0.811515 0.689706
vt 0.830387 0.672570
vt 0.831068 0.676928
vt 0.754441 0.716415
vt 0.807715 0.686284
vt 0.831527 0.682258
vt 0.810424 0.689340
vt 0.754444 0.716065
vt 0.756274 0.718814
vt 0.414091 0.122252
vt 0.451398 0.072145
vt 0.423705 0.301048
vt 0.294631 0.356260
vt 0.282181 0.129217
vt 0.275748 0.355413
vt 0.329917 0.255664
vt 0.275925 0.353624
vt 0.290867 0.359167
vt 0.328975 0.251178
vt 0.251588 0.187828
vt 0.282190 0.127802
vt 0.294490 0.082459
vt 0.450309 0.071737
vt 0.462550 0.129611
vt 0.477930 0.183772
vt 0.423699 0.301039
vt 0.284333 0.285480
vt 0.282181 0.129217
vt 0.275747 0.355413
vt 0.294731 0.357258
vt 0.329917 0.255664
vt 0.873973 0.848562
vt 0.841697 0.776939
vt 0.846358 0.773730
vt 0.889957 0.893075
vt 0.885503 0.893776
vt 0.893452 0.891113
vt 0.874886 0.839149
vt 0.871210 0.839463
vt 0.845287 0.774264
vt 0.450302 0.071735
vt 0.460342 0.133193
vt 0.423705 0.301047
vt 0.294631 0.356259
vt 0.282181 0.129217
vt 0.275747 0.355413
vt 0.329917 0.255664
vt 0.282203 0.131407
vt 0.285658 0.361469
vt 0.275669 0.355315
vt 0.294784 0.357183
vt 0.308626 0.084928
vt 0.293924 0.357296
vt 0.238108 0.302247
vt 0.251429 0.187660
vt 0.266087 0.343383
vt 0.315187 0.185795
vt 0.282148 0.127797
vt 0.294534 0.082465
vt 0.303222 0.131483
vt 0.294455 0.082454
vt 0.308742 0.084950
vt 0.283988 0.205172
vt 0.282140 0.127796
vt 0.285658 0.361482
vt 0.275669 0.355315
vt 0.294784 0.357183
vt 0.294631 0.356260
vt 0.275747 0.355413
vt 0.294508 0.082461
vt 0.325763 0.254161
vt 0.233321 0.252129
vt 0.295285 0.356498
vt 0.274455 0.353804
vt 0.309057 0.085281
vt 0.282246 0.127810
vt 0.294490 0.082459
vt 0.567034 0.809852
vt 0.549052 0.924423
vt 0.605306 0.841926
vt 0.565270 0.673863
vt 0.566703 0.821336
vt 0.577503 0.671800
vt 0.541616 0.789005
vt 0.545099 0.926520
vt 0.605136 0.842226
vt 0.605865 0.748507
vt 0.275925 0.353624
vt 0.290867 0.359167
vt 0.328975 0.251178
vt 0.251588 0.187828
vt 0.282189 0.127802
vt 0.294490 0.082459
vt 0.450309 0.071737
vt 0.462550 0.129611
vt 0.554825 0.921161
vt 0.552680 0.743233
vt 0.565250 0.673871
vt 0.543633 0.924431
vt 0.548074 0.760750
vt 0.563235 0.698897
vt 0.275925 0.353624
vt 0.282181 0.129217
vt 0.290867 0.359167
vt 0.329917 0.255664
vt 0.294508 0.082461
vt 0.275925 0.353624
vt 0.282181 0.129217
vt 0.290867 0.359167
vt 0.329917 0.255663
vt 0.294508 0.082461
vt 0.414394 0.122687
vt 0.450419 0.071771
vt 0.423703 0.301044
vt 0.285631 0.360372
vt 0.234681 0.247370
vt 0.302831 0.134021
vt 0.276308 0.356111
vt 0.294278 0.357899
vt 0.330434 0.258123
vt 0.294490 0.082459
vt 0.831106 0.677415
vt 0.803963 0.688423
vt 0.830554 0.672535
vt 0.807639 0.692745
vt 0.754295 0.713978
vt 0.810898 0.690070
vt 0.754496 0.716835
vt 0.756270 0.718818
vt 0.275925 0.353624
vt 0.282181 0.129217
vt 0.290867 0.359167
vt 0.275925 0.353624
vt 0.282181 0.129217
vt 0.294508 0.082461
vt 0.414394 0.122687
vt 0.450419 0.071771
vt 0.423703 0.301044
vt 0.284131 0.268282
vt 0.282161 0.128506
vt 0.283218 0.360305
vt 0.294270 0.357911
vt 0.330363 0.257785
vt 0.302401 0.083812
vt 0.811515 0.689706
vt 0.830387 0.672570
vt 0.831068 0.676928
vt 0.754441 0.716415
vt 0.807715 0.686284
vt 0.810424 0.689340
vt 0.754444 0.716065
vt 0.756274 0.718814
vt 0.413367 0.117792
vt 0.450419 0.071771
vt 0.424534 0.203377
vt 0.478239 0.183784
vt 0.423749 0.301104
vt 0.414394 0.122687
vt 0.450419 0.071771
vt 0.423703 0.301044
vt 0.283988 0.256100
vt 0.296671 0.354509
vt 0.283667 0.359951
vt 0.327182 0.305978
vt 0.272681 0.145393
vt 0.275925 0.353624
vt 0.282181 0.129217
vt 0.290867 0.359167
vt 0.329917 0.255664
vt 0.275925 0.353623
vt 0.282181 0.129217
vt 0.329917 0.255664
vt 0.413891 0.117898
vt 0.422575 0.259541
vt 0.482753 0.233138
vt 0.285631 0.360372
vt 0.234681 0.247371
vt 0.302831 0.134021
vt 0.294278 0.357900
vt 0.330434 0.258123
vt 0.294490 0.082459
vt 0.811515 0.689706
vt 0.831068 0.676928
vt 0.754441 0.716415
vt 0.807715 0.686284
vt 0.810424 0.689340
vt 0.754444 0.716065
vt 0.756274 0.718814
vt 0.841031 0.183273
vt 0.841563 0.217951
vt 0.832110 0.182034
vt 0.870590 0.346186
vt 0.876692 0.304142
vt 0.878002 0.304790
vt 0.869490 0.538115
vt 0.856788 0.533298
vt 0.842794 0.433503
vt 0.852502 0.622774
vt 0.861238 0.574911
vt 0.851651 0.215745
vt 0.859558 0.280980
vt 0.848455 0.182926
vt 0.837049 0.167290
vt 0.841419 0.167523
vt 0.844184 0.271369
vt 0.840391 0.182769
vt 0.863935 0.272784
vt 0.830653 0.166949
vt 0.844551 0.216708
vt 0.856157 0.275710
vt 0.847463 0.351205
vt 0.835684 0.436902
vt 0.843918 0.435047
vt 0.862368 0.532811
vt 0.847464 0.622439
vt 0.853284 0.622930
vt 0.854647 0.444897
vt 0.868712 0.346783
vt 0.882281 0.306685
vt 0.868581 0.346744
vt 0.874732 0.303493
vt 0.880676 0.306305
vt 0.862613 0.270894
vt 0.861174 0.277125
vt 0.861876 0.274675
vt 0.877680 0.306176
vt 0.870588 0.345970
vt 0.868764 0.346855
vt 0.876937 0.304287
vt 0.877650 0.304726
vt 0.870550 0.346078
vt 0.881890 0.305545
vt 0.861450 0.276241
vt 0.862655 0.270953
vt 0.860666 0.280542
vt 0.861457 0.276480
vt 0.867399 0.346211
vt 0.869429 0.842915
vt 0.886350 0.893607
vt 0.872545 0.838781
vt 0.857602 0.536635
vt 0.857237 0.607070
vt 0.868326 0.536919
vt 0.843211 0.649944
vt 0.840146 0.653382
vt 0.835953 0.777126
vt 0.797658 0.812249
vt 0.836321 0.773968
vt 0.799991 0.812158
vt 0.802104 0.816640
vt 0.836546 0.670938
vt 0.824712 0.677061
vt 0.783863 0.702211
vt 0.787904 0.861615
vt 0.861304 0.609424
vt 0.754476 0.711868
vt 0.755979 0.718578
vt 0.831918 0.683667
vt 0.785023 0.705571
vt 0.788252 0.698353
vt 0.841930 0.765049
vt 0.896726 0.891862
vt 0.872322 0.840528
vt 0.834760 0.678204
vt 0.863468 0.536714
vt 0.843364 0.767269
vt 0.788488 0.861998
vt 0.891142 0.892929
vt 0.855189 0.617740
vt 0.853468 0.576605
vt 0.860659 0.576592
vt 0.841681 0.667424
vt 0.848301 0.618071
vt 0.830877 0.681820
vt 0.829152 0.670653
vt 0.804113 0.688337
vt 0.754767 0.717121
vt 0.806673 0.693266
vt 0.869652 0.840672
vt 0.839321 0.779915
vt 0.845875 0.770929
vt 0.838208 0.771244
vt 0.791144 0.816589
vt 0.837966 0.770561
vt 0.787854 0.861639
vt 0.786544 0.860945
vt 0.859490 0.616360
vt 0.798411 0.818804
vt 0.857939 0.576633
vt 0.832493 0.678515
vt 0.844005 0.771991
vt 0.805676 0.691812
vt 0.871328 0.839748
vt 0.794630 0.816872
vt 0.895086 0.892201
vt 0.876297 0.842704
vt 0.754506 0.716640
vt 0.788091 0.861769
vt 0.869429 0.842915
vt 0.886350 0.893607
vt 0.872546 0.838781
vt 0.857603 0.536631
vt 0.856402 0.617632
vt 0.868568 0.537004
vt 0.847990 0.619371
vt 0.834490 0.672693
vt 0.835953 0.777126
vt 0.797657 0.812249
vt 0.836321 0.773968
vt 0.799991 0.812158
vt 0.802105 0.816640
vt 0.832737 0.678955
vt 0.783864 0.702211
vt 0.787904 0.861616
vt 0.845095 0.660331
vt 0.860212 0.616514
vt 0.754476 0.711869
vt 0.755979 0.718578
vt 0.831899 0.683686
vt 0.785023 0.705571
vt 0.788252 0.698353
vt 0.841930 0.765049
vt 0.863796 0.536849
vt 0.896726 0.891862
vt 0.872322 0.840528
vt 0.843364 0.767269
vt 0.788488 0.861998
vt 0.891140 0.892930
vt 0.835386 0.663102
vt 0.856385 0.616163
vt 0.852750 0.584744
vt 0.861601 0.584911
vt 0.835241 0.678719
vt 0.835384 0.719264
vt 0.830863 0.684489
vt 0.838279 0.772048
vt 0.839865 0.715726
vt 0.869934 0.828580
vt 0.836828 0.778583
vt 0.889288 0.893168
vt 0.870762 0.841456
vt 0.871635 0.839687
vt 0.809172 0.797701
vt 0.833108 0.772518
vt 0.794326 0.817932
vt 0.790303 0.818238
vt 0.786537 0.860963
vt 0.895366 0.891998
vt 0.843296 0.773467
vt 0.841385 0.715550
vt 0.840615 0.674495
vt 0.858728 0.613772
vt 0.754428 0.716492
vt 0.788470 0.698490
vt 0.821055 0.679728
vt 0.802787 0.814066
vt 0.790036 0.862941
vt 0.857719 0.584920
vt 0.835167 0.679209
vt 0.789962 0.699398
vt 0.754694 0.716704
vt 0.787781 0.861631
vt 0.450302 0.071735
vt 0.460342 0.133193
vt 0.381624 0.170109
vt 0.423705 0.301047
vt 0.450302 0.071735
vt 0.460342 0.133193
vt 0.381624 0.170109
vt 0.423705 0.301047
vt 0.326880 0.307476
vt 0.282228 0.130819
vt 0.275747 0.355413
vt 0.329993 0.256024
vt 0.294496 0.082459
vt 0.326880 0.307476
vt 0.282228 0.130819
vt 0.275747 0.355413
vt 0.329993 0.256025
vt 0.294496 0.082459
vt 0.639439 0.613143
vt 0.610393 0.598561
vt 0.620209 0.510547
vt 0.639439 0.613142
vt 0.620209 0.510547
vt 0.664817 0.415387
vt 0.564778 0.836843
vt 0.563012 0.698934
vt 0.581980 0.697688
vt 0.543429 0.923705
vt 0.565283 0.673857
vt 0.564778 0.836842
vt 0.563012 0.698934
vt 0.581980 0.697688
vt 0.543428 0.923705
vt 0.565283 0.673857
vt 0.450309 0.071737
vt 0.460058 0.133327
vt 0.423702 0.301043
vt 0.450309 0.071737
vt 0.460058 0.133327
vt 0.423702 0.301043
vt 0.159232 0.759067
vt 0.133686 0.712948
vt 0.127245 0.681737
vt 0.141016 0.795603
vt 0.206124 0.901917
vt 0.217843 0.900512
vt 0.212300 0.768981
vt 0.155295 0.704103
vt 0.159232 0.759067
vt 0.127245 0.681737
vt 0.206124 0.901917
vt 0.217843 0.900512
vt 0.673835 0.456170
vt 0.618821 0.509834
vt 0.630979 0.614105
vt 0.673835 0.456170
vt 0.630979 0.614105
vt 0.170301 0.347288
vt 0.163931 0.327359
vt 0.175097 0.329317
vt 0.144686 0.437612
vt 0.159005 0.348062
vt 0.158492 0.428177
vt 0.153407 0.442160
vt 0.259922 0.496364
vt 0.171994 0.507870
vt 0.264593 0.488742
vt 0.202922 0.441031
vt 0.153407 0.442160
vt 0.173469 0.470627
vt 0.261106 0.494432
vt 0.171994 0.507870
vt 0.143397 0.442072
vt 0.147849 0.426496
vt 0.170200 0.348042
vt 0.202922 0.441031
vt 0.174685 0.329239
vt 0.163895 0.327502
vt 0.543633 0.924431
vt 0.552680 0.743233
vt 0.563150 0.698418
vt 0.565251 0.673871
vt 0.144418 0.272060
vt 0.060009 0.160303
vt 0.134045 0.279943
vt 0.061599 0.054713
vt 0.047930 0.060645
vt 0.541785 0.789032
vt 0.563234 0.698897
vt 0.554825 0.921161
vt 0.543634 0.924432
vt 0.639443 0.612997
vt 0.606507 0.556106
vt 0.674413 0.454515
vt 0.613025 0.606754
vt 0.563800 0.704665
vt 0.563811 0.674504
vt 0.577254 0.671780
vt 0.527461 0.871808
vt 0.548801 0.757240
vt 0.548922 0.924073
vt 0.610835 0.815711
vt 0.568438 0.802036
vt 0.565281 0.673857
vt 0.532874 0.822441
vt 0.549593 0.923407
vt 0.603758 0.842484
vt 0.533426 0.820521
vt 0.543634 0.924432
vt 0.598862 0.853321
vt 0.563150 0.698418
vt 0.614596 0.797996
vt 0.579087 0.671396
vt 0.528338 0.860902
vt 0.547569 0.762685
vt 0.480691 0.489633
vt 0.505929 0.369764
vt 0.479473 0.598962
vt 0.058128 0.159690
vt 0.134045 0.279943
vt 0.047790 0.059684
vt 0.430069 0.685659
vt 0.419581 0.659428
vt 0.425596 0.658463
vt 0.429614 0.711334
vt 0.416212 0.684600
vt 0.409790 0.748852
vt 0.395115 0.723034
vt 0.397636 0.754245
vt 0.392465 0.744474
vt 0.583804 0.884069
vt 0.563792 0.674734
vt 0.590145 0.313084
vt 0.618073 0.150378
vt 0.595132 0.150292
vt 0.606632 0.116593
vt 0.549758 0.266528
vt 0.593890 0.228211
vt 0.618129 0.150583
vt 0.606502 0.116969
vt 0.565059 0.826268
vt 0.563135 0.698433
vt 0.577844 0.671728
vt 0.545443 0.923638
vt 0.141570 0.728980
vt 0.140274 0.786008
vt 0.217314 0.900839
vt 0.127242 0.681738
vt 0.275926 0.353563
vt 0.290948 0.359126
vt 0.251743 0.187853
vt 0.282148 0.127797
vt 0.294965 0.082525
vt 0.275926 0.353563
vt 0.290949 0.359126
vt 0.251743 0.187853
vt 0.282148 0.127797
vt 0.294965 0.082525
vt 0.450309 0.071737
vt 0.460892 0.132242
vt 0.423705 0.301047
vt 0.450309 0.071737
vt 0.460892 0.132242
vt 0.423705 0.301047
vt 0.275925 0.353624
vt 0.282172 0.130002
vt 0.290867 0.359167
vt 0.330135 0.256698
vt 0.309080 0.085085
vt 0.275925 0.353624
vt 0.282173 0.130002
vt 0.290867 0.359167
vt 0.330135 0.256698
vt 0.309080 0.085085
vt 0.294490 0.082459
vt 0.626206 0.613961
vt 0.639443 0.613013
vt 0.620534 0.510611
vt 0.664817 0.415387
vt 0.620209 0.510547
vt 0.664817 0.415387
vt 0.450302 0.071735
vt 0.460342 0.133193
vt 0.381624 0.170109
vt 0.423705 0.301047
vt 0.153583 0.442170
vt 0.140898 0.548103
vt 0.145361 0.447281
vt 0.175183 0.520500
vt 0.184131 0.584002
vt 0.153707 0.385939
vt 0.169452 0.353166
vt 0.414394 0.122687
vt 0.423703 0.301044
vt 0.275925 0.353624
vt 0.282181 0.129217
vt 0.290867 0.359167
vt 0.329917 0.255663
vt 0.275934 0.353545
vt 0.282192 0.129625
vt 0.290867 0.359167
vt 0.330622 0.259017
vt 0.284437 0.359826
vt 0.234681 0.247370
vt 0.302831 0.134021
vt 0.294278 0.357899
vt 0.811300 0.688592
vt 0.830387 0.672570
vt 0.831068 0.676928
vt 0.831524 0.682225
vt 0.810069 0.690036
vt 0.275926 0.353563
vt 0.290948 0.359126
vt 0.294965 0.082525
vt 0.275926 0.353563
vt 0.290949 0.359126
vt 0.251743 0.187853
vt 0.282148 0.127797
vt 0.461685 0.130973
vt 0.422228 0.301984
vt 0.275925 0.353624
vt 0.290867 0.359167
vt 0.275924 0.353623
vt 0.328975 0.251177
vt 0.251588 0.187828
vt 0.282189 0.127802
vt 0.294490 0.082459
vt 0.450309 0.071737
vt 0.458351 0.135503
vt 0.381713 0.169961
vt 0.422225 0.301983
vt 0.284256 0.270614
vt 0.286187 0.112897
vt 0.309001 0.085005
vt 0.275809 0.355490
vt 0.294690 0.357317
vt 0.329594 0.254126
vt 0.843194 0.775888
vt 0.857364 0.813893
vt 0.839690 0.778420
vt 0.893498 0.891544
vt 0.866787 0.828861
vt 0.870728 0.831327
vt 0.847785 0.772471
vt 0.871759 0.840790
vt 0.885514 0.893762
vt 0.275925 0.353624
vt 0.290867 0.359167
vt 0.329917 0.255663
vt 0.275934 0.353546
vt 0.282192 0.129624
vt 0.290867 0.359167
vt 0.330622 0.259017
vt 0.294508 0.082461
vt 0.414394 0.122687
vt 0.450419 0.071771
vt 0.423703 0.301044
vt 0.284437 0.359826
vt 0.234681 0.247370
vt 0.294278 0.357899
vt 0.330434 0.258123
vt 0.823148 0.682082
vt 0.803963 0.688423
vt 0.821770 0.679390
vt 0.806962 0.693130
vt 0.754143 0.711300
vt 0.754450 0.716487
vt 0.831671 0.680609
vt 0.806455 0.691524
vt 0.754821 0.717160
vt 0.831554 0.680615
vt 0.830464 0.672606
vt 0.414347 0.123511
vt 0.423712 0.301059
vt 0.414394 0.122687
vt 0.423703 0.301044
vt 0.275925 0.353623
vt 0.282181 0.129217
vt 0.282383 0.132792
vt 0.309579 0.085121
vt 0.275925 0.353624
vt 0.290867 0.359167
vt 0.329917 0.255664
vt 0.275935 0.353546
vt 0.282192 0.129624
vt 0.290868 0.359167
vt 0.330622 0.259016
vt 0.294508 0.082461
vt 0.290551 0.359326
vt 0.238683 0.304294
vt 0.329760 0.254916
vt 0.294516 0.082218
vt 0.450419 0.071771
vt 0.422575 0.259541
vt 0.482753 0.233138
vt 0.421509 0.300367
vt 0.422702 0.255617
vt 0.449845 0.073025
vt 0.418960 0.299191
vt 0.284437 0.359826
vt 0.234681 0.247370
vt 0.302831 0.134021
vt 0.294278 0.357899
vt 0.330434 0.258123
vt 0.294490 0.082459
vt 0.284437 0.359826
vt 0.234681 0.247370
vt 0.294278 0.357899
vt 0.294490 0.082459
vt 0.811673 0.688367
vt 0.830315 0.671766
vt 0.831054 0.676790
vt 0.754441 0.716415
vt 0.807911 0.686173
vt 0.831381 0.679465
vt 0.810094 0.690037
vt 0.754444 0.716065
vt 0.754912 0.711107
vt 0.802500 0.689299
vt 0.807990 0.691355
vt 0.831750 0.684350
vt 0.830639 0.674219
vt 0.831268 0.678276
vt 0.809370 0.689793
vt 0.754488 0.716701
vt 0.754806 0.717303
vt 0.533426 0.820522
vt 0.543633 0.924431
vt 0.598862 0.853321
vt 0.552681 0.743233
vt 0.563150 0.698418
vt 0.565251 0.673871
vt 0.450302 0.071735
vt 0.460342 0.133193
vt 0.423705 0.301047
vt 0.275924 0.353623
vt 0.282181 0.129217
vt 0.290867 0.359167
vt 0.329917 0.255664
vt 0.282210 0.131834
vt 0.329078 0.251667
vt 0.308625 0.084928
vt 0.289117 0.360088
vt 0.238107 0.302234
vt 0.329893 0.255355
vt 0.273597 0.352736
vt 0.309051 0.085330
vt 0.282148 0.127797
vt 0.294534 0.082465
vt 0.251318 0.187643
vt 0.294413 0.082619
vt 0.275925 0.353624
vt 0.290867 0.359167
vt 0.329917 0.255663
vt 0.294508 0.082461
vt 0.325660 0.253701
vt 0.233968 0.249866
vt 0.295289 0.356494
vt 0.277889 0.356287
vt 0.309053 0.085314
vt 0.282246 0.127810
vt 0.294490 0.082459
vt 0.563800 0.704662
vt 0.577254 0.671780
vt 0.527461 0.871808
vt 0.548801 0.757241
vt 0.548922 0.924073
vt 0.610835 0.815711
vt 0.566703 0.821335
vt 0.577503 0.671800
vt 0.545098 0.926520
vt 0.605136 0.842226
vt 0.605865 0.748506
vt 0.275925 0.353624
vt 0.290867 0.359167
vt 0.328975 0.251178
vt 0.251588 0.187828
vt 0.282190 0.127802
vt 0.294490 0.082459
vt 0.450309 0.071737
vt 0.458351 0.135502
vt 0.381713 0.169961
vt 0.422225 0.301983
vt 0.528391 0.860067
vt 0.548074 0.760749
vt 0.563235 0.698897
vt 0.579071 0.671399
vt 0.275517 0.173141
vt 0.296671 0.354509
vt 0.283667 0.359951
vt 0.461685 0.130973
vt 0.422228 0.301984
vt 0.275925 0.353624
vt 0.290868 0.359167
vt 0.275925 0.353624
vt 0.290867 0.359167
vt 0.328976 0.251179
vt 0.282190 0.127802
vt 0.294490 0.082459
vt 0.450309 0.071737
vt 0.458351 0.135503
vt 0.381714 0.169961
vt 0.422225 0.301983
vt 0.294631 0.356260
vt 0.275747 0.355413
vt 0.329917 0.255663
vt 0.872626 0.839267
vt 0.841838 0.776801
vt 0.846998 0.773322
vt 0.889954 0.893073
vt 0.868821 0.841452
vt 0.871150 0.839319
vt 0.845287 0.774266
vt 0.885506 0.893772
vt 0.893510 0.891615
vt 0.288594 0.358311
vt 0.282192 0.129624
vt 0.330622 0.259017
vt 0.800743 0.810287
vt 0.789696 0.820031
vt 0.809947 0.800044
vt 0.869429 0.842915
vt 0.886257 0.893533
vt 0.872482 0.839204
vt 0.857601 0.536644
vt 0.855738 0.617586
vt 0.868615 0.536865
vt 0.847990 0.619372
vt 0.835144 0.672296
vt 0.836414 0.773884
vt 0.801856 0.814045
vt 0.798691 0.693435
vt 0.783534 0.702360
vt 0.787903 0.861615
vt 0.836909 0.673072
vt 0.860212 0.616514
vt 0.788441 0.862278
vt 0.754437 0.711888
vt 0.755979 0.718578
vt 0.831918 0.683667
vt 0.781627 0.706999
vt 0.835989 0.745306
vt 0.840458 0.759824
vt 0.845740 0.779026
vt 0.863959 0.536956
vt 0.861925 0.548670
vt 0.896726 0.891862
vt 0.844314 0.774270
vt 0.839740 0.742606
vt 0.891138 0.892924
vt 0.870578 0.346037
vt 0.876782 0.306549
vt 0.883752 0.305683
vt 0.867807 0.285438
vt 0.862661 0.270962
vt 0.878239 0.303896
vt 0.861883 0.274592
vt 0.866970 0.346224
vt 0.868787 0.346686
vt 0.876941 0.304290
vt 0.877650 0.304726
vt 0.870499 0.345861
vt 0.881772 0.305613
vt 0.861450 0.276241
vt 0.860666 0.280542
vt 0.861457 0.276480
vt 0.460342 0.133193
vt 0.381624 0.170109
vt 0.423705 0.301047
vt 0.284333 0.285481
vt 0.282228 0.130819
vt 0.275747 0.355413
vt 0.294730 0.357258
vt 0.329993 0.256024
vt 0.294496 0.082459
vt 0.639439 0.613142
vt 0.620209 0.510548
vt 0.565023 0.834141
vt 0.562756 0.699955
vt 0.530493 0.831546
vt 0.543429 0.923705
vt 0.565283 0.673857
vt 0.450309 0.071737
vt 0.460058 0.133327
vt 0.423702 0.301043
vt 0.159232 0.759067
vt 0.127245 0.681738
vt 0.206124 0.901917
vt 0.217843 0.900512
vt 0.673835 0.456170
vt 0.639441 0.613161
vt 0.170301 0.347288
vt 0.175097 0.329317
vt 0.144680 0.437633
vt 0.159005 0.348061
vt 0.158492 0.428177
vt 0.153407 0.442160
vt 0.259921 0.496364
vt 0.159969 0.530173
vt 0.186182 0.569014
vt 0.181128 0.537147
vt 0.171128 0.509144
vt 0.264593 0.488742
vt 0.202921 0.441031
vt 0.275926 0.353563
vt 0.290949 0.359126
vt 0.282148 0.127797
vt 0.294965 0.082525
vt 0.450309 0.071737
vt 0.460892 0.132242
vt 0.275925 0.353624
vt 0.282172 0.130002
vt 0.290867 0.359167
vt 0.330135 0.256698
vt 0.309080 0.085085
vt 0.275926 0.353563
vt 0.290949 0.359126
vt 0.251743 0.187853
vt 0.294965 0.082525
vt 0.866822 0.537893
vt 0.856330 0.513733
vt 0.865309 0.513172
vt 0.855068 0.618464
vt 0.841698 0.667452
vt 0.848645 0.615812
vt 0.830899 0.681844
vt 0.829214 0.670520
vt 0.806696 0.693314
vt 0.871296 0.839914
vt 0.839287 0.779896
vt 0.845891 0.770996
vt 0.895080 0.892189
vt 0.870372 0.840397
vt 0.838208 0.771244
vt 0.791521 0.816794
vt 0.787821 0.861753
vt 0.786545 0.860940
vt 0.859780 0.615856
vt 0.871505 0.538722
vt 0.796048 0.820119
vt 0.861148 0.513494
vt 0.864702 0.539507
vt 0.834215 0.678866
vt 0.805676 0.691811
vt 0.796465 0.813042
vt 0.891459 0.892681
vt 0.876220 0.842512
vt 0.754503 0.716641
vt 0.754722 0.717156
vt 0.788125 0.861769
vt 0.414091 0.122252
vt 0.451398 0.072145
vt 0.423705 0.301048
vt 0.284333 0.285481
vt 0.294731 0.357258
vt 0.329918 0.255664
vt 0.294631 0.356260
vt 0.251588 0.187828
vt 0.282189 0.127802
vt 0.425397 0.181739
vt 0.423700 0.301039
vt 0.284328 0.285073
vt 0.282167 0.128749
vt 0.275809 0.355490
vt 0.294689 0.357317
vt 0.329910 0.255629
vt 0.294631 0.356260
vt 0.275748 0.355413
vt 0.282169 0.129464
vt 0.285658 0.361469
vt 0.275668 0.355315
vt 0.294784 0.357183
vt 0.294569 0.082470
vt 0.450302 0.071735
vt 0.460342 0.133193
vt 0.423705 0.301047
vt 0.620209 0.510548
vt 0.664817 0.415387
vt 0.284333 0.285481
vt 0.282181 0.129217
vt 0.275747 0.355413
vt 0.294730 0.357259
vt 0.329917 0.255663
vt 0.284333 0.285480
vt 0.303594 0.131493
vt 0.275747 0.355412
vt 0.294731 0.357258
vt 0.285631 0.360372
vt 0.234681 0.247371
vt 0.302831 0.134021
vt 0.276308 0.356111
vt 0.294278 0.357899
vt 0.330434 0.258124
vt 0.414091 0.122251
vt 0.451398 0.072145
vt 0.421399 0.300571
vt 0.294631 0.356259
vt 0.275748 0.355414
vt 0.329918 0.255664
vt 0.294508 0.082461
vt 0.275925 0.353624
vt 0.328975 0.251178
vt 0.450309 0.071737
vt 0.462550 0.129611
vt 0.425397 0.181739
vt 0.423699 0.301039
vt 0.284333 0.285481
vt 0.282181 0.129217
vt 0.275747 0.355412
vt 0.294731 0.357258
vt 0.329917 0.255663
vt 0.450302 0.071735
vt 0.460342 0.133192
vt 0.423705 0.301047
vt 0.294631 0.356260
vt 0.282181 0.129217
vt 0.275747 0.355413
vt 0.329917 0.255664
vt 0.294631 0.356254
vt 0.303594 0.131492
vt 0.329017 0.251376
vt 0.866899 0.346279
vt 0.826983 0.672030
vt 0.754611 0.711137
vt 0.886221 0.893557
vt 0.885260 0.893619
vt 0.664765 0.415590
vt 0.625848 0.614678
vt 0.675367 0.418410
vt 0.516279 0.373397
vt 0.533926 0.481830
vt 0.538390 0.530624
vt 0.137534 0.280309
vt 0.061508 0.054571
vt 0.577253 0.671780
vt 0.562761 0.207315
vt 0.567975 0.317336
vt 0.482702 0.232578
vt 0.285658 0.361787
vt 0.285658 0.361787
vt 0.285658 0.361787
vt 0.294052 0.082391
vt 0.285658 0.361787
vt 0.163913 0.461167
vt 0.135857 0.518935
vt 0.482415 0.229439
vt 0.285658 0.361787
vt 0.285658 0.361787
vt 0.282461 0.359933
vt 0.285658 0.361787
vt 0.285658 0.361905
vt 0.482415 0.229439
vt 0.831564 0.682652
vt 0.482415 0.229439
vt 0.425286 0.301054
vt 0.867345 0.346382
vt 0.867408 0.346192
vt 0.786548 0.860902
vt 0.754428 0.716317
vt 0.754633 0.711129
vt 0.885260 0.893618
vt 0.786547 0.860902
vt 0.754428 0.716318
vt 0.754611 0.711137
vt 0.886221 0.893557
vt 0.285658 0.361787
vt 0.294730 0.357259
vt 0.137688 0.752547
vt 0.664840 0.415459
vt 0.664840 0.415459
vt 0.184069 0.584018
vt 0.182421 0.545300
vt 0.184069 0.584018
vt 0.182421 0.545300
vt 0.664766 0.415591
vt 0.547125 0.923394
vt 0.599259 0.852619
vt 0.393872 0.753294
vt 0.528942 0.850494
vt 0.545309 0.926514
vt 0.577253 0.671780
vt 0.226005 0.818491
vt 0.164355 0.327364
vt 0.756274 0.718814
vt 0.451398 0.072145
vt 0.306331 0.108288
vt 0.889956 0.893074
vt 0.843650 0.775387
vt 0.482415 0.229439
vt 0.482415 0.229439
vt 0.275710 0.355366
vt 0.310587 0.085328
vt 0.461632 0.075751
vt 0.482802 0.233671
vt 0.291515 0.357805
vt 0.291524 0.357805
vt 0.309385 0.085082
vt 0.305578 0.140914
vt 0.458408 0.074590
vt 0.285658 0.361787
vt 0.830513 0.669837
vt 0.786548 0.860902
vt 0.754428 0.716317
vt 0.868562 0.346827
vt 0.861104 0.277778
vt 0.867365 0.346270
vt 0.664840 0.415459
vt 0.183999 0.584038
vt 0.885260 0.893619
vt 0.285658 0.361787
vt 0.294051 0.082391
s 1
usemtl shrub_04.001
f 4343/1753/4341 4380/1754/4378 4390/1755/4388
f 4381/1756/4379 4343/1753/4341 4389/1757/4387
f 4391/1758/4389 4353/1759/4351 4382/1760/4380
f 4392/1761/4390 4348/1762/4346 4391/1758/4389
f 4356/1763/4354 4354/1764/4352 4383/1765/4381
f 4386/1766/4384 4357/1767/4355 4384/1768/4382
f 4362/1769/4360 4361/1770/4359 4386/1766/4384
f 4385/1771/4383 4361/1770/4359 4362/1769/4360
f 4385/1771/4383 4387/1772/4385 4393/1773/4391
f 4388/1774/4386 4373/1775/4371 4371/1776/4369
f 4365/1777/4363 4376/1778/4374 4411/1779/4409
f 4379/1780/4377 4377/1781/4375 4376/1778/4374
f 4374/1782/4372 4371/1776/4369 4372/1783/4370
f 4372/1783/4370 4371/1776/4369 4395/1784/4393
f 4364/1785/4362 4395/1784/4393 4385/1771/4383
f 4360/1786/4358 4362/1769/4360 4386/1766/4384
f 4358/1787/4356 4359/1788/4357 4384/1768/4382
f 4358/1787/4356 4384/1768/4382 4383/1765/4381
f 4355/1789/4353 4383/1765/4381 4353/1759/4351
f 4347/1790/4345 4382/1760/4380 4381/1756/4379
f 4345/1791/4343 4381/1756/4379 4389/1757/4387
f 4344/1792/4342 4389/1757/4387 4390/1755/4388
f 4344/1792/4342 4390/1755/4388 4403/1793/4401
f 4383/1765/4381 4384/1768/4382 4356/1763/4354
f 4383/1765/4381 4352/1794/4350 4382/1760/4380
f 4390/1755/4388 4389/1757/4387 4343/1753/4341
f 4351/1795/4349 4392/1761/4390 4350/1796/4348
f 4347/1790/4345 4391/1758/4389 4382/1760/4380
f 4367/1797/4365 4394/1798/4392 4366/1799/4364
f 4367/1797/4365 4366/1799/4364 4393/1773/4391
f 4378/1800/4376 4396/1801/4394 4376/1778/4374
f 4375/1802/4373 4409/1803/4407 4365/1777/4363
f 4375/1802/4373 4365/1777/4363 4395/1784/4393
f 4409/1803/4407 4376/1778/4374 4365/1777/4363
f 4395/1784/4393 4365/1777/4363 4387/1772/4385
f 4380/1754/4378 4404/1804/4402 4397/1805/4395
f 4404/1804/4402 4343/1753/4341 4407/1806/4405
f 4407/1806/4405 4346/1807/4344 4398/1808/4396
f 4348/1762/4346 4351/1795/4349 4350/1796/4348
f 4352/1794/4350 4405/1809/4403 4398/1808/4396
f 4405/1809/4403 4354/1764/4352 4406/1810/4404
f 4406/1810/4404 4357/1767/4355 4360/1786/4358
f 4357/1767/4355 4399/1811/4397 4360/1786/4358
f 4361/1770/4359 4400/1812/4398 4399/1811/4397
f 4400/1812/4398 4387/1772/4385 4401/1813/4399
f 4400/1812/4398 4366/1799/4364 4408/1814/4406
f 4408/1814/4406 4366/1799/4364 4369/1815/4367
f 4370/1816/4368 4371/1776/4369 4373/1775/4371
f 4401/1813/4399 4365/1777/4363 4410/1817/4408
f 4377/1781/4375 4379/1780/4377 4412/1818/4410
f 4373/1775/4371 4374/1782/4372 4372/1783/4370
f 4364/1785/4362 4401/1813/4399 4370/1816/4368
f 4399/1811/4397 4364/1785/4362 4362/1769/4360
f 4360/1786/4358 4359/1788/4357 4358/1787/4356
f 4355/1789/4353 4406/1810/4404 4358/1787/4356
f 4398/1808/4396 4347/1790/4345 4345/1791/4343
f 4407/1806/4405 4345/1791/4343 4344/1792/4342
f 4405/1809/4403 4406/1810/4404 4355/1789/4353
f 4398/1808/4396 4355/1789/4353 4353/1759/4351
f 4347/1790/4345 4353/1759/4351 4350/1796/4348
f 4393/1773/4391 4408/1814/4406 4367/1797/4365
f 4378/1800/4376 4412/1818/4410 4396/1801/4394
f 4401/1813/4399 4410/1817/4408 4370/1816/4368
f 4411/1779/4409 4377/1781/4375 4378/1800/4376
f 4426/1819/4424 4442/1820/4440 4413/1821/4411
f 4427/1822/4425 4414/1823/4412 4426/1819/4424
f 4431/1824/4429 4416/1825/4414 4427/1822/4425
f 4431/1824/4429 4418/1826/4416 4416/1825/4414
f 4432/1827/4430 4419/1828/4417 4418/1826/4416
f 4428/1829/4426 4422/1830/4420 4436/1831/4434
f 4429/1832/4427 4440/1833/4438 4428/1829/4426
f 4434/1834/4432 4423/1835/4421 4417/1836/4415
f 4437/1837/4435 4425/1838/4423 4423/1835/4421
f 4427/1822/4425 4436/1831/4434 4431/1824/4429
f 4427/1822/4425 4426/1819/4424 4415/1839/4413
f 4422/1830/4420 4423/1835/4421 4434/1834/4432
f 4435/1840/4433 4437/1837/4435 4423/1835/4421
f 4430/1841/4428 4414/1823/4412 4415/1839/4413
f 4414/1823/4412 4438/1842/4436 4415/1839/4413
f 4438/1842/4436 4434/1834/4432 4439/1843/4437
f 4434/1834/4432 4417/1836/4415 4439/1843/4437
f 4438/1842/4436 4418/1826/4416 4443/1844/4441
f 4417/1836/4415 4422/1830/4420 4439/1843/4437
f 4422/1830/4420 4440/1833/4438 4439/1843/4437
f 4417/1836/4415 4423/1835/4421 4424/1845/4422
f 4424/1845/4422 4423/1835/4421 4425/1838/4423
f 4441/1846/4439 4429/1832/4427 4420/1847/4418
f 4436/1831/4434 4440/1833/4438 4420/1847/4418
f 4427/1822/4425 4439/1843/4437 4436/1831/4434
f 4430/1841/4428 4415/1839/4413 4413/1821/4411
f 4419/1828/4417 4444/1848/4442 4443/1844/4441
f 4432/1827/4430 4443/1844/4441 4433/1849/4431
f 4431/1824/4429 4443/1844/4441 4432/1827/4430
f 4422/1830/4420 4424/1845/4422 4435/1840/4433
f 4435/1840/4433 4425/1838/4423 4445/1850/4443
f 4452/1851/4450 4451/1852/4449 4450/1853/4448
f 4452/1851/4450 4453/1854/4451 4451/1852/4449
f 4454/1855/4452 4452/1851/4450 4455/1856/4453
f 4455/1856/4453 4449/1857/4447 4456/1858/4454
f 4457/1859/4455 4449/1857/4447 4448/1860/4446
f 4458/1861/4456 4448/1860/4446 4447/1862/4445
f 4459/1863/4457 4447/1862/4445 4446/1864/4444
f 4464/1865/4462 4463/1866/4461 4461/1867/4459
f 4467/1868/4465 4466/1852/4464 4465/1853/4463
f 4467/1868/4465 4468/1854/4466 4466/1852/4464
f 4469/1855/4467 4467/1868/4465 4470/1856/4468
f 4470/1856/4468 4464/1865/4462 4471/1858/4469
f 4472/1859/4470 4464/1865/4462 4461/1867/4459
f 4473/1861/4471 4461/1867/4459 4462/1869/4460
f 4479/1870/4477 4476/1871/4474 4477/1872/4475
f 4479/1870/4477 4480/1873/4478 4478/1874/4476
f 4482/1875/4480 4479/1870/4477 4483/1876/4481
f 4483/1876/4481 4477/1872/4475 4484/1877/4482
f 4492/1878/4490 4491/1852/4489 4490/1853/4488
f 4492/1878/4490 4493/1879/4491 4491/1852/4489
f 4494/1880/4492 4492/1878/4490 4495/1881/4493
f 4495/1881/4493 4492/1878/4490 4496/1858/4494
f 4496/1858/4494 4492/1878/4490 4497/1859/4495
f 4499/1863/4497 4492/1878/4490 4486/1882/4484
f 4506/1883/4504 4501/1884/4499 4500/1885/4498
f 4506/1883/4504 4505/1852/4503 4504/1853/4502
f 4506/1883/4504 4507/1879/4505 4505/1852/4503
f 4508/1886/4506 4506/1883/4504 4509/1887/4507
f 4509/1887/4507 4506/1883/4504 4510/1859/4508
f 4511/1861/4509 4506/1883/4504 4500/1885/4498
f 4519/1888/4517 4518/1852/4516 4517/1853/4515
f 4519/1888/4517 4520/1889/4518 4518/1852/4516
f 4521/1855/4519 4519/1888/4517 4522/1856/4520
f 4522/1856/4520 4516/1857/4514 4523/1858/4521
f 4524/1859/4522 4516/1857/4514 4515/1860/4513
f 4525/1861/4523 4515/1860/4513 4514/1862/4512
f 4526/1863/4524 4514/1862/4512 4513/1864/4511
f 4531/1857/4529 4530/1866/4528 4528/1867/4526
f 4534/1868/4532 4533/1852/4531 4532/1853/4530
f 4534/1868/4532 4535/1889/4533 4533/1852/4531
f 4536/1855/4534 4534/1868/4532 4537/1856/4535
f 4537/1856/4535 4531/1857/4529 4538/1858/4536
f 4539/1859/4537 4531/1857/4529 4528/1867/4526
f 4540/1861/4538 4528/1867/4526 4529/1890/4527
f 4543/1891/4541 4553/1892/4551 4552/1893/4550
f 4553/1892/4551 4549/1894/4547 4551/1895/4549
f 4551/1895/4549 4550/1896/4548 4548/1897/4546
f 4553/1892/4551 4548/1897/4546 4546/1898/4544
f 4553/1892/4551 4546/1898/4544 4544/1899/4542
f 4542/1900/4540 4553/1892/4551 4544/1899/4542
f 4558/1901/4556 4556/1902/4554 4555/1903/4553
f 4558/1901/4556 4559/1904/4557 4557/1905/4555
f 4561/1906/4559 4555/1903/4553 4562/1907/4560
f 4562/1907/4560 4555/1903/4553 4563/1908/4561
f 4564/1909/4562 4555/1903/4553 4554/1910/4552
f 4571/1911/4569 4568/1852/4566 4567/1912/4565
f 4571/1911/4569 4569/1913/4567 4568/1852/4566
f 4572/1856/4570 4571/1911/4569 4573/1858/4571
f 4574/1859/4572 4571/1911/4569 4566/1914/4564
f 4582/1915/4580 4581/1916/4579 4580/1917/4578
f 4582/1915/4580 4583/1918/4581 4581/1916/4579
f 4585/1919/4583 4582/1915/4580 4586/1920/4584
f 4586/1920/4584 4582/1915/4580 4587/1921/4585
f 4589/1922/4587 4582/1915/4580 4578/1923/4576
f 4590/1924/4588 4578/1923/4576 4577/1925/4575
f 4597/1926/4595 4596/1918/4594 4594/1927/4592
f 4598/1919/4596 4597/1926/4595 4599/1920/4597
f 4599/1920/4597 4595/1928/4593 4600/1921/4598
f 4600/1921/4598 4595/1928/4593 4601/1929/4599
f 4602/1930/4600 4595/1928/4593 4592/1931/4590
f 4603/1924/4601 4592/1931/4590 4591/1932/4589
f 4609/1933/4607 4605/1934/4603 4606/1935/4604
f 4609/1933/4607 4607/1853/4605 4605/1934/4603
f 4609/1933/4607 4608/1852/4606 4607/1853/4605
f 4609/1933/4607 4610/1936/4608 4608/1852/4606
f 4611/1937/4609 4609/1933/4607 4612/1855/4610
f 4612/1855/4610 4609/1933/4607 4613/1856/4611
f 4613/1856/4611 4609/1933/4607 4614/1858/4612
f 4616/1861/4614 4609/1933/4607 4606/1935/4604
f 4622/1938/4620 4619/1939/4617 4618/1940/4616
f 4622/1938/4620 4620/1941/4618 4619/1939/4617
f 4622/1938/4620 4621/1942/4619 4620/1941/4618
f 4622/1938/4620 4623/1943/4621 4621/1942/4619
f 4624/1944/4622 4622/1938/4620 4625/1945/4623
f 4625/1945/4623 4622/1938/4620 4626/1946/4624
f 4628/1947/4626 4622/1938/4620 4618/1940/4616
f 4630/1948/4628 4618/1940/4616 4617/1949/4615
f 4633/1950/4631 4634/1951/4632 4631/1952/4629
f 4635/1953/4633 4634/1951/4632 4637/1954/4635
f 4634/1951/4632 4639/1955/4637 4637/1954/4635
f 4634/1951/4632 4640/1956/4638 4642/1957/4640
f 4642/1957/4640 4641/1958/4639 4639/1955/4637
f 4648/1959/4646 4645/1960/4643 4644/1961/4642
f 4648/1959/4646 4647/1962/4645 4646/1963/4644
f 4648/1959/4646 4649/1964/4647 4647/1962/4645
f 4651/1965/4649 4648/1959/4646 4652/1966/4650
f 4652/1966/4650 4648/1959/4646 4653/1967/4651
f 4653/1967/4651 4648/1959/4646 4644/1961/4642
f 4654/1968/4652 4644/1961/4642 4643/1969/4641
f 4661/1970/4659 4660/1962/4658 4659/1963/4657
f 4661/1970/4659 4662/1971/4660 4660/1962/4658
f 4664/1966/4662 4661/1970/4659 4665/1972/4663
f 4666/1973/4664 4661/1970/4659 4658/1974/4656
f 4667/1968/4665 4658/1974/4656 4657/1975/4655
f 4668/1976/4666 4657/1975/4655 4656/1977/4654
f 4670/1978/4668 4672/1979/4670 4669/1980/4667
f 4671/1981/4669 4672/1979/4670 4670/1978/4668
f 4669/1980/4667 4673/1982/4671 4674/1953/4672
f 4674/1953/4672 4673/1982/4671 4676/1954/4674
f 4673/1982/4671 4678/1955/4676 4676/1954/4674
f 4673/1982/4671 4679/1956/4677 4681/1983/4679
f 4681/1983/4679 4680/1958/4678 4678/1955/4676
f 4687/1984/4685 4684/1960/4682 4683/1985/4681
f 4687/1984/4685 4686/1962/4684 4685/1963/4683
f 4687/1984/4685 4688/1986/4686 4686/1962/4684
f 4690/1987/4688 4687/1984/4685 4691/1966/4689
f 4691/1966/4689 4687/1984/4685 4692/1988/4690
f 4692/1988/4690 4687/1984/4685 4683/1985/4681
f 4693/1968/4691 4683/1985/4681 4682/1989/4680
f 4696/1981/4694 4697/1990/4695 4695/1991/4693
f 4699/1953/4697 4697/1990/4695 4701/1954/4699
f 4697/1990/4695 4703/1955/4701 4701/1954/4699
f 4697/1990/4695 4704/1956/4702 4706/1992/4704
f 4706/1992/4704 4705/1958/4703 4703/1955/4701
f 4712/1993/4710 4709/1960/4707 4708/1994/4706
f 4712/1993/4710 4711/1962/4709 4710/1963/4708
f 4712/1993/4710 4713/1995/4711 4711/1962/4709
f 4715/1966/4713 4712/1993/4710 4716/1996/4714
f 4716/1996/4714 4712/1993/4710 4708/1994/4706
f 4717/1968/4715 4708/1994/4706 4707/1997/4705
f 4720/1998/4718 4722/1963/4720 4721/1960/4719
f 4720/1998/4718 4723/1962/4721 4722/1963/4720
f 4725/1999/4723 4724/2000/4722 4723/1962/4721
f 4726/2001/4724 4725/1999/4723 4727/1966/4725
f 4727/1966/4725 4720/1998/4718 4728/1972/4726
f 4730/1968/4728 4720/1998/4718 4719/2002/4717
f 4733/2003/4731 4735/2004/4733 4732/1980/4730
f 4734/1981/4732 4735/2004/4733 4733/2003/4731
f 4732/1980/4730 4735/2004/4733 4736/1953/4734
f 4736/1953/4734 4735/2004/4733 4738/1954/4736
f 4735/2004/4733 4740/1955/4738 4738/1954/4736
f 4735/2004/4733 4741/1956/4739 4743/2005/4741
f 4743/2005/4741 4742/1958/4740 4740/1955/4738
f 4748/2006/4746 4747/1874/4745 4746/2007/4744
f 4748/2006/4746 4749/1873/4747 4747/1874/4745
f 4751/1875/4749 4748/2006/4746 4752/1876/4750
f 4752/1876/4750 4744/2008/4742 4753/1877/4751
f 4754/2009/4752 4744/2008/4742 4745/2010/4743
f 4761/2011/4759 4758/1960/4756 4757/2012/4755
f 4761/2011/4759 4760/1962/4758 4759/1963/4757
f 4761/2011/4759 4762/2013/4760 4760/1962/4758
f 4764/2014/4762 4761/2011/4759 4765/1966/4763
f 4765/1966/4763 4761/2011/4759 4766/1996/4764
f 4766/1996/4764 4761/2011/4759 4757/2012/4755
f 4767/1968/4765 4757/2012/4755 4756/1997/4754
f 4774/2015/4772 4770/1960/4768 4771/2016/4769
f 4774/2015/4772 4773/1962/4771 4772/1963/4770
f 4774/2015/4772 4775/2017/4773 4773/1962/4771
f 4777/2018/4775 4774/2015/4772 4778/1966/4776
f 4778/1966/4776 4774/2015/4772 4779/1972/4777
f 4780/1973/4778 4774/2015/4772 4771/2016/4769
f 4783/2003/4781 4785/2019/4783 4782/1980/4780
f 4784/1981/4782 4785/2019/4783 4783/2003/4781
f 4782/1980/4780 4785/2019/4783 4786/1953/4784
f 4786/1953/4784 4785/2019/4783 4788/1954/4786
f 4785/2019/4783 4790/1955/4788 4788/1954/4786
f 4785/2019/4783 4791/1956/4789 4793/2020/4791
f 4793/2020/4791 4792/1958/4790 4790/1955/4788
f 4799/2021/4797 4820/2022/4818 4821/2023/4819
f 4799/2021/4797 4806/2024/4804 4803/2025/4801
f 4808/2026/4806 4807/2027/4805 4806/2024/4804
f 4818/2028/4816 4810/2029/4808 4796/2030/4794
f 4818/2028/4816 4814/2031/4812 4812/2032/4810
f 4813/2033/4811 4816/2034/4814 4818/2028/4816
f 4809/2035/4807 4818/2028/4816 4796/2030/4794
f 4794/2036/4792 4795/2037/4793 4817/2038/4815
f 4819/2039/4817 4808/2026/4806 4805/2040/4803
f 4805/2040/4803 4808/2026/4806 4804/2041/4802
f 4802/2042/4800 4808/2026/4806 4799/2021/4797
f 4800/2043/4798 4799/2021/4797 4798/2044/4796
f 4821/2023/4819 4795/2037/4793 4797/2045/4795
f 4828/2046/4826 4824/2047/4822 4825/2048/4823
f 4828/2046/4826 4826/1962/4824 4824/2047/4822
f 4828/2046/4826 4827/2049/4825 4826/1962/4824
f 4829/2050/4827 4828/2046/4826 4830/1966/4828
f 4831/2051/4829 4828/2046/4826 4825/2048/4823
f 4832/1976/4830 4825/2048/4823 4822/2052/4820
f 4834/1981/4832 4835/2053/4833 4833/2054/4831
f 4837/1953/4835 4835/2053/4833 4838/1954/4836
f 4835/2053/4833 4840/1955/4838 4838/1954/4836
f 4835/2053/4833 4841/1956/4839 4843/1992/4841
f 4843/1992/4841 4842/1958/4840 4840/1955/4838
f 4849/2055/4847 4846/1960/4844 4845/2056/4843
f 4849/2055/4847 4848/1962/4846 4847/1963/4845
f 4850/2057/4848 4849/2055/4847 4851/1966/4849
f 4851/1966/4849 4849/2055/4847 4852/2058/4850
f 4852/2058/4850 4849/2055/4847 4845/2056/4843
f 4853/1968/4851 4845/2056/4843 4844/2059/4842
f 4860/2060/4858 4857/1960/4855 4856/2061/4854
f 4860/2060/4858 4859/1962/4857 4858/1963/4856
f 4861/2062/4859 4860/2060/4858 4862/1966/4860
f 4862/1966/4860 4860/2060/4858 4863/1967/4861
f 4863/1967/4861 4860/2060/4858 4856/2061/4854
f 4864/1968/4862 4856/2061/4854 4855/1997/4853
f 4872/2063/4870 4868/2064/4866 4869/2065/4867
f 4872/2063/4870 4870/1962/4868 4868/2064/4866
f 4872/2063/4870 4871/2066/4869 4870/1962/4868
f 4873/2067/4871 4872/2063/4870 4874/1966/4872
f 4875/2068/4873 4872/2063/4870 4869/2065/4867
f 4876/1976/4874 4869/2065/4867 4866/2069/4864
f 4883/2070/4881 4877/2071/4875 4882/2072/4880
f 4884/2073/4882 4879/2074/4877 4883/2070/4881
f 4878/2075/4876 4883/2070/4881 4882/2072/4880
f 4878/2075/4876 4879/2074/4877 4885/2076/4883
f 4879/2074/4877 4880/2077/4878 4885/2076/4883
f 4883/2070/4881 4885/2076/4883 4881/2078/4879
f 4888/1950/4886 4889/2079/4887 4886/2080/4884
f 4890/1953/4888 4889/2079/4887 4892/1954/4890
f 4889/2079/4887 4894/1955/4892 4892/1954/4890
f 4889/2079/4887 4895/1956/4893 4897/2081/4895
f 4897/2081/4895 4896/1958/4894 4894/1955/4892
f 4903/2082/4901 4900/1960/4898 4899/2083/4897
f 4903/2082/4901 4902/1962/4900 4901/1963/4899
f 4903/2082/4901 4904/2084/4902 4902/1962/4900
f 4906/1966/4904 4903/2082/4901 4907/2085/4905
f 4907/2085/4905 4903/2082/4901 4899/2083/4897
f 4908/1968/4906 4899/2083/4897 4898/1969/4896
f 4915/2086/4913 4914/1962/4912 4913/1963/4911
f 4916/2087/4914 4915/2086/4913 4917/1966/4915
f 4917/1966/4915 4915/2086/4913 4918/2088/4916
f 4918/2088/4916 4915/2086/4913 4912/2089/4910
f 4919/1968/4917 4912/2089/4910 4911/2090/4909
f 4920/1976/4918 4911/2090/4909 4910/2091/4908
f 4922/2092/4920 4924/2093/4922 4921/1980/4919
f 4923/1981/4921 4924/2093/4922 4922/2092/4920
f 4921/1980/4919 4926/2094/4924 4925/1953/4923
f 4925/1953/4923 4926/2094/4924 4927/1954/4925
f 4926/2094/4924 4929/1955/4927 4927/1954/4925
f 4926/2094/4924 4930/1956/4928 4932/2095/4930
f 4932/2095/4930 4931/1958/4929 4929/1955/4927
f 4938/2096/4936 4935/1960/4933 4934/2097/4932
f 4938/2096/4936 4937/1962/4935 4936/1963/4934
f 4938/2096/4936 4939/2098/4937 4937/1962/4935
f 4941/2099/4939 4938/2096/4936 4942/1966/4940
f 4942/1966/4940 4938/2096/4936 4943/2100/4941
f 4943/2100/4941 4938/2096/4936 4934/2097/4932
f 4944/1968/4942 4934/2097/4932 4933/1989/4931
f 4950/2101/4948 4946/2102/4944 4949/2103/4947
f 4951/2104/4949 4954/2105/4952 4950/2101/4948
f 4948/2106/4946 4950/2101/4948 4947/2107/4945
f 4948/2106/4946 4951/2104/4949 4950/2101/4948
f 4946/2102/4944 4953/2108/4951 4952/2109/4950
f 4950/2101/4948 4954/2105/4952 4953/2108/4951
f 4953/2108/4951 4948/2106/4946 4947/2107/4945
f 4949/2103/4947 4953/2108/4951 4947/2107/4945
f 4956/2110/4954 4958/2111/4956 4955/1980/4953
f 4957/1981/4955 4958/2111/4956 4956/2110/4954
f 4955/1980/4953 4958/2111/4956 4959/1953/4957
f 4959/1953/4957 4958/2111/4956 4961/1954/4959
f 4958/2111/4956 4963/1955/4961 4961/1954/4959
f 4958/2111/4956 4964/1956/4962 4966/2112/4964
f 4966/2112/4964 4965/1958/4963 4963/1955/4961
f 4972/2113/4970 4969/1960/4967 4968/2114/4966
f 4972/2113/4970 4971/1962/4969 4970/1963/4968
f 4972/2113/4970 4973/2115/4971 4971/1962/4969
f 4975/1966/4973 4972/2113/4970 4976/2116/4974
f 4976/2116/4974 4972/2113/4970 4968/2114/4966
f 4977/1968/4975 4968/2114/4966 4967/1989/4965
f 4980/2117/4978 4983/1963/4981 4982/1960/4980
f 4980/2117/4978 4984/1962/4982 4983/1963/4981
f 4986/2118/4984 4985/2119/4983 4984/1962/4982
f 4987/2120/4985 4986/2118/4984 4988/1966/4986
f 4988/1966/4986 4980/2117/4978 4989/1972/4987
f 4991/1968/4989 4980/2117/4978 4981/2121/4979
f 4996/2122/4994 4995/2123/4993 4994/2124/4992
f 4996/2122/4994 4997/2125/4995 4995/2123/4993
f 4999/1966/4997 4994/2124/4992 5000/1972/4998
f 5001/2126/4999 4994/2124/4992 4993/2127/4991
f 5002/1976/5000 4993/2127/4991 4992/2128/4990
f 5015/2129/5013 5003/2130/5001 5016/2131/5014
f 5007/2132/5005 5004/2133/5002 5015/2129/5013
f 5007/2132/5005 5006/1963/5004 5005/1960/5003
f 5007/2132/5005 5008/1962/5006 5006/1963/5004
f 5010/2134/5008 5009/2135/5007 5008/1962/5006
f 5011/2136/5009 5010/2134/5008 5012/1966/5010
f 5012/1966/5010 5007/2132/5005 5013/1972/5011
f 5022/2137/5020 5019/1960/5017 5018/2114/5016
f 5022/2137/5020 5021/1962/5019 5020/1963/5018
f 5022/2137/5020 5023/2138/5021 5021/1962/5019
f 5025/1966/5023 5022/2137/5020 5026/2100/5024
f 5026/2100/5024 5022/2137/5020 5018/2114/5016
f 5027/1968/5025 5018/2114/5016 5017/2139/5015
f 5037/2140/5035 5032/1962/5030 5031/2141/5029
f 5035/2142/5033 5033/2143/5031 5032/1962/5030
f 5038/2144/5036 5037/2140/5035 5030/2145/5028
f 5038/2144/5036 5030/2145/5028 5029/2146/5027
f 5045/2147/5043 5044/1852/5042 5043/1853/5041
f 5045/2147/5043 5046/1879/5044 5044/1852/5042
f 5047/2148/5045 5045/2147/5043 5048/2149/5046
f 5048/2149/5046 5045/2147/5043 5049/1858/5047
f 5049/1858/5047 5045/2147/5043 5050/1859/5048
f 5052/1863/5050 5045/2147/5043 5039/2150/5037
f 5060/2151/5058 5054/1884/5052 5055/2152/5053
f 5060/2151/5058 5058/1853/5056 5057/2153/5055
f 5060/2151/5058 5059/1852/5057 5058/1853/5056
f 5060/2151/5058 5061/2154/5059 5059/1852/5057
f 5062/1937/5060 5060/2151/5058 5063/2155/5061
f 5063/2155/5061 5060/2151/5058 5064/2156/5062
f 5065/1861/5063 5060/2151/5058 5055/2152/5053
f 5071/2157/5069 5070/1962/5068 5069/1963/5067
f 5072/2158/5070 5071/2157/5069 5073/1966/5071
f 5073/1966/5071 5071/2157/5069 5074/2159/5072
f 5074/2159/5072 5071/2157/5069 5068/2160/5066
f 5075/1968/5073 5068/2160/5066 5067/2161/5065
f 5076/1976/5074 5067/2161/5065 5066/2162/5064
f 5078/2163/5076 5080/2164/5078 5077/1980/5075
f 5079/1981/5077 5080/2164/5078 5078/2163/5076
f 5077/1980/5075 5082/2094/5080 5081/1953/5079
f 5081/1953/5079 5082/2094/5080 5083/1954/5081
f 5082/2094/5080 5085/1955/5083 5083/1954/5081
f 5082/2094/5080 5086/1956/5084 5088/2095/5086
f 5088/2095/5086 5087/1958/5085 5085/1955/5083
f 5095/2165/5093 5094/1852/5092 5093/1853/5091
f 5095/2165/5093 5096/1854/5094 5094/1852/5092
f 5097/1855/5095 5095/2165/5093 5098/1856/5096
f 5098/1856/5096 5092/1865/5090 5099/1858/5097
f 5100/1859/5098 5092/1865/5090 5091/2166/5089
f 5101/1861/5099 5091/2166/5089 5090/1862/5088
f 5102/1863/5100 5090/1862/5088 5089/2167/5087
f 5109/1888/5107 5108/1852/5106 5107/1853/5105
f 5109/1888/5107 5110/2168/5108 5108/1852/5106
f 5111/1855/5109 5109/1888/5107 5112/1856/5110
f 5112/1856/5110 5106/2169/5104 5113/1858/5111
f 5114/1859/5112 5106/2169/5104 5104/2170/5102
f 5115/1861/5113 5104/2170/5102 5105/1890/5103
f 5121/2171/5119 5118/1960/5116 5117/2172/5115
f 5121/2171/5119 5120/1962/5118 5119/1963/5117
f 5122/2173/5120 5121/2171/5119 5123/1966/5121
f 5123/1966/5121 5121/2171/5119 5124/2174/5122
f 5124/2174/5122 5121/2171/5119 5117/2172/5115
f 5125/1968/5123 5117/2172/5115 5116/2175/5114
f 5132/2176/5130 5129/1960/5127 5128/2177/5126
f 5132/2176/5130 5131/1962/5129 5130/1963/5128
f 5133/2178/5131 5132/2176/5130 5134/1966/5132
f 5134/1966/5132 5132/2176/5130 5135/2179/5133
f 5135/2179/5133 5132/2176/5130 5128/2177/5126
f 5136/1968/5134 5128/2177/5126 5127/2180/5125
f 5139/1981/5137 5140/2181/5138 5138/2182/5136
f 5142/1953/5140 5140/2181/5138 5143/1954/5141
f 5140/2181/5138 5145/1955/5143 5143/1954/5141
f 5140/2181/5138 5146/1956/5144 5148/2183/5146
f 5148/2183/5146 5147/1958/5145 5145/1955/5143
f 5155/2184/5153 5151/2185/5149 5152/2186/5150
f 5155/2184/5153 5153/1962/5151 5151/2185/5149
f 5155/2184/5153 5154/2187/5152 5153/1962/5151
f 5156/2188/5154 5155/2184/5153 5157/1966/5155
f 5158/2189/5156 5155/2184/5153 5152/2186/5150
f 5159/1976/5157 5152/2186/5150 5149/2190/5147
f 5164/2191/5162 5162/2192/5160 5160/2193/5158
f 5165/2194/5163 5163/2195/5161 5162/2192/5160
f 5167/2196/5165 5165/2194/5163 5164/2191/5162
f 5160/2193/5158 5162/2192/5160 5167/2196/5165
f 5167/2196/5165 5163/2195/5161 5168/2197/5166
f 5165/2194/5163 5168/2197/5166 5166/2198/5164
f 5174/2199/5172 5171/1960/5169 5170/2200/5168
f 5174/2199/5172 5173/1962/5171 5172/1963/5170
f 5175/2201/5173 5174/2199/5172 5176/1966/5174
f 5176/1966/5174 5174/2199/5172 5177/2085/5175
f 5177/2085/5175 5174/2199/5172 5170/2200/5168
f 5178/1968/5176 5170/2200/5168 5169/1997/5167
f 5185/2202/5183 5182/1960/5180 5181/2203/5179
f 5185/2202/5183 5184/1962/5182 5183/1963/5181
f 5186/2178/5184 5185/2202/5183 5187/1966/5185
f 5187/1966/5185 5185/2202/5183 5188/2174/5186
f 5188/2174/5186 5185/2202/5183 5181/2203/5179
f 5189/1968/5187 5181/2203/5179 5180/2204/5178
f 5192/1981/5190 5193/2205/5191 5191/2206/5189
f 5195/1953/5193 5193/2205/5191 5196/1954/5194
f 5193/2205/5191 5198/1955/5196 5196/1954/5194
f 5193/2205/5191 5199/1956/5197 5201/2207/5199
f 5201/2207/5199 5200/1958/5198 5198/1955/5196
f 5207/2208/5205 5204/1960/5202 5203/2209/5201
f 5207/2208/5205 5206/1962/5204 5205/1963/5203
f 5207/2208/5205 5208/2210/5206 5206/1962/5204
f 5209/2211/5207 5207/2208/5205 5210/1966/5208
f 5211/2212/5209 5207/2208/5205 5203/2209/5201
f 5212/1968/5210 5203/2209/5201 5202/2213/5200
f 5219/2214/5217 5213/2215/5211 5218/2216/5216
f 5220/2217/5218 5215/2218/5213 5219/2214/5217
f 5214/2075/5212 5219/2214/5217 5218/2216/5216
f 5214/2075/5212 5215/2218/5213 5221/2219/5219
f 5215/2218/5213 5216/2220/5214 5221/2219/5219
f 5219/2214/5217 5221/2219/5219 5217/2221/5215
f 5223/1981/5221 5224/2222/5222 5222/2223/5220
f 5224/2222/5222 5226/2224/5224 5227/1953/5225
f 5224/2222/5222 5228/2225/5226 5226/2224/5224
f 5227/1953/5225 5226/2224/5224 5229/1954/5227
f 5226/2224/5224 5231/1955/5229 5229/1954/5227
f 5226/2224/5224 5232/1956/5230 5234/2226/5232
f 5234/2226/5232 5233/1958/5231 5231/1955/5229
f 5236/1981/5234 5237/2227/5235 5235/2228/5233
f 5239/1953/5237 5237/2227/5235 5241/1954/5239
f 5237/2227/5235 5243/1955/5241 5241/1954/5239
f 5237/2227/5235 5244/1956/5242 5246/2229/5244
f 5246/2229/5244 5245/1958/5243 5243/1955/5241
f 5250/2230/5248 5251/1962/5249 5249/1963/5247
f 5253/2231/5251 5252/2232/5250 5254/2233/5252
f 5254/2233/5252 5252/2232/5250 5250/2230/5248
f 5255/1973/5253 5250/2230/5248 5248/2234/5246
f 5257/1976/5255 5248/2234/5246 5247/2052/5245
f 5263/2235/5261 5260/1960/5258 5259/2236/5257
f 5263/2235/5261 5262/1962/5260 5261/1963/5259
f 5264/2237/5262 5263/2235/5261 5265/1966/5263
f 5265/1966/5263 5263/2235/5261 5266/2238/5264
f 5266/2238/5264 5263/2235/5261 5259/2236/5257
f 5267/1968/5265 5259/2236/5257 5258/1997/5256
f 5274/2239/5272 5271/1960/5269 5270/2240/5268
f 5274/2239/5272 5273/1962/5271 5272/1963/5270
f 5275/2178/5273 5274/2239/5272 5276/1966/5274
f 5276/1966/5274 5274/2239/5272 5277/2241/5275
f 5277/2241/5275 5274/2239/5272 5270/2240/5268
f 5278/1968/5276 5270/2240/5268 5269/2175/5267
f 5281/1981/5279 5282/2242/5280 5280/2223/5278
f 5284/1953/5282 5285/2243/5283 5286/1954/5284
f 5287/2244/5285 5285/2243/5283 5282/2242/5280
f 5285/2243/5283 5288/1955/5286 5286/1954/5284
f 5285/2243/5283 5291/1958/5289 5288/1955/5286
f 5298/2245/5296 5294/2246/5292 5295/2247/5293
f 5298/2245/5296 5296/1962/5294 5294/2246/5292
f 5298/2245/5296 5297/2187/5295 5296/1962/5294
f 5299/2248/5297 5298/2245/5296 5300/1966/5298
f 5301/2249/5299 5298/2245/5296 5295/2247/5293
f 5302/1976/5300 5295/2247/5293 5292/2250/5290
f 5309/2251/5307 5303/2215/5301 5308/2252/5306
f 5310/2253/5308 5305/2254/5303 5309/2251/5307
f 5304/2075/5302 5309/2251/5307 5308/2252/5306
f 5304/2075/5302 5305/2254/5303 5311/2255/5309
f 5305/2254/5303 5306/2256/5304 5311/2255/5309
f 5309/2251/5307 5311/2255/5309 5307/2257/5305
f 5330/2258/5328 5328/2259/5326 5340/2260/5338
f 5334/2261/5332 5317/2262/5315 5333/2263/5331
f 5325/2264/5323 5324/2265/5322 5331/2266/5329
f 5329/2267/5327 5324/2265/5322 5325/2264/5323
f 5326/2268/5324 5329/2267/5327 5325/2264/5323
f 5315/2269/5313 5321/2270/5319 5328/2259/5326
f 5315/2269/5313 5330/2258/5328 5313/2271/5311
f 5313/2271/5311 5332/2272/5330 5341/2273/5339
f 5321/2270/5319 5320/2274/5318 5328/2259/5326
f 5341/2273/5339 5312/2275/5310 5313/2271/5311
f 5316/2276/5314 5333/2263/5331 5321/2270/5319
f 5314/2277/5312 5312/2275/5310 5341/2273/5339
f 5340/2260/5338 5335/2278/5333 5312/2275/5310
f 5335/2278/5333 5320/2274/5318 5336/2279/5334
f 5321/2270/5319 5317/2262/5315 5336/2279/5334
f 5320/2274/5318 5337/2280/5335 5336/2279/5334
f 5337/2280/5335 5322/2281/5320 5338/2282/5336
f 5338/2282/5336 5324/2265/5322 5339/2283/5337
f 5324/2265/5322 5326/2268/5324 5339/2283/5337
f 5326/2268/5324 5327/2284/5325 5497/2285/5495
f 5339/2283/5337 5326/2268/5324 5325/2264/5323
f 5339/2283/5337 5325/2264/5323 5323/2286/5321
f 5337/2280/5335 5323/2286/5321 5321/2270/5319
f 5315/2269/5313 5336/2279/5334 5316/2276/5314
f 5313/2271/5311 5335/2278/5333 5315/2269/5313
f 5332/2272/5330 5340/2260/5338 5314/2277/5312
f 5342/2287/5340 5334/2261/5332 5319/2288/5317
f 5316/2276/5314 5317/2262/5315 5319/2288/5317
f 5349/2289/5347 5345/2290/5343 5348/2291/5346
f 5344/2292/5342 5348/2291/5346 5343/2293/5341
f 5350/2294/5348 5345/2290/5343 5351/2295/5349
f 5351/2295/5349 5347/2296/5345 5348/2291/5346
f 5350/2294/5348 5348/2291/5346 5344/2292/5342
f 5360/2297/5358 5354/2298/5352 5359/2299/5357
f 5357/2300/5355 5360/2297/5358 5356/2301/5354
f 5356/2301/5354 5358/2302/5356 5352/2303/5350
f 5353/2304/5351 5354/2298/5352 5361/2305/5359
f 5355/2306/5353 5357/2300/5355 5356/2301/5354
f 5361/2305/5359 5356/2301/5354 5352/2303/5350
f 5386/2307/5384 5383/2308/5381 5385/2309/5383
f 5394/2310/5392 5370/2311/5368 5393/2312/5391
f 5392/2313/5390 5369/2314/5367 5370/2311/5368
f 5364/2315/5362 5382/2316/5380 5389/2317/5387
f 5364/2315/5362 5363/2318/5361 5372/2319/5370
f 5390/2320/5388 5391/2321/5389 5367/2322/5365
f 5382/2316/5380 5362/2323/5360 5363/2318/5361
f 5370/2311/5368 5390/2320/5388 5379/2324/5377
f 5367/2322/5365 5387/2325/5385 5366/2326/5364
f 5368/2327/5366 5367/2322/5365 5374/2328/5372
f 5374/2328/5372 5388/2329/5386 5391/2321/5389
f 5363/2318/5361 5362/2323/5360 5372/2319/5370
f 5368/2327/5366 5389/2317/5387 5365/2330/5363
f 5365/2330/5363 5386/2307/5384 5385/2309/5383
f 5364/2315/5362 5365/2330/5363 5363/2318/5361
f 5384/2331/5382 5377/2332/5375 5385/2309/5383
f 5365/2330/5363 5375/2333/5373 5390/2320/5388
f 5379/2324/5377 5380/2334/5378 5393/2312/5391
f 5377/2332/5375 5364/2315/5362 5378/2335/5376
f 5375/2333/5373 5389/2317/5387 5368/2327/5366
f 5371/2336/5369 5382/2316/5380 5372/2319/5370
f 5376/2337/5374 5386/2307/5384 5377/2332/5375
f 5392/2313/5390 5391/2321/5389 5369/2314/5367
f 5407/2338/5405 5423/2339/5421 5395/2340/5393
f 5408/2341/5406 5396/2342/5394 5407/2338/5405
f 5412/2343/5410 5398/2344/5396 5408/2341/5406
f 5412/2343/5410 5400/2345/5398 5398/2344/5396
f 5414/2346/5412 5400/2345/5398 5413/2347/5411
f 5409/2348/5407 5404/2349/5402 5417/2350/5415
f 5415/2351/5413 5405/2352/5403 5399/2353/5397
f 5418/2354/5416 5406/2355/5404 5405/2352/5403
f 5408/2341/5406 5417/2350/5415 5412/2343/5410
f 5408/2341/5406 5407/2338/5405 5397/2356/5395
f 5404/2349/5402 5405/2352/5403 5415/2351/5413
f 5416/2357/5414 5418/2354/5416 5405/2352/5403
f 5411/2358/5409 5396/2342/5394 5397/2356/5395
f 5396/2342/5394 5419/2359/5417 5397/2356/5395
f 5419/2359/5417 5415/2351/5413 5420/2360/5418
f 5415/2351/5413 5399/2353/5397 5420/2360/5418
f 5419/2359/5417 5400/2345/5398 5424/2361/5422
f 5399/2353/5397 5404/2349/5402 5420/2360/5418
f 5404/2349/5402 5421/2362/5419 5420/2360/5418
f 5409/2348/5407 5422/1846/5420 5421/2362/5419
f 5399/2353/5397 5405/2352/5403 5427/2363/5425
f 5427/2363/5425 5405/2352/5403 5406/2355/5404
f 5422/1846/5420 5410/2364/5408 5402/2365/5400
f 5417/2350/5415 5421/2362/5419 5402/2365/5400
f 5408/2341/5406 5420/2360/5418 5417/2350/5415
f 5411/2358/5409 5397/2356/5395 5395/2340/5393
f 5400/2345/5398 5425/2366/5423 5424/2361/5422
f 5413/2347/5411 5424/2361/5422 5414/2346/5412
f 5412/2343/5410 5424/2361/5422 5413/2347/5411
f 5427/2363/5425 5418/2354/5416 5416/2357/5414
f 5404/2349/5402 5427/2363/5425 5416/2357/5414
f 5427/2363/5425 5406/2355/5404 5426/2367/5424
f 5451/2368/5449 5434/2369/5432 5450/2370/5448
f 5460/2371/5458 5436/2372/5434 5459/2373/5457
f 5458/2374/5456 5435/2375/5433 5436/2372/5434
f 5430/2376/5428 5448/2377/5446 5455/2378/5453
f 5430/2376/5428 5429/2379/5427 5438/2380/5436
f 5435/2375/5433 5441/2381/5439 5432/2382/5430
f 5448/2377/5446 5428/2383/5426 5429/2379/5427
f 5436/2372/5434 5456/2384/5454 5445/2385/5443
f 5432/2382/5430 5453/2386/5451 5452/2387/5450
f 5433/2388/5431 5432/2382/5430 5440/2389/5438
f 5440/2389/5438 5454/2390/5452 5441/2381/5439
f 5429/2379/5427 5428/2383/5426 5438/2380/5436
f 5433/2388/5431 5455/2378/5453 5431/2391/5429
f 5431/2391/5429 5451/2368/5449 5450/2370/5448
f 5430/2376/5428 5431/2391/5429 5429/2379/5427
f 5436/2372/5434 5445/2385/5443 5459/2373/5457
f 5445/2385/5443 5446/2392/5444 5459/2373/5457
f 5449/2393/5447 5443/2394/5441 5450/2370/5448
f 5431/2391/5429 5441/2381/5439 5456/2384/5454
f 5443/2394/5441 5430/2376/5428 5444/2395/5442
f 5441/2381/5439 5455/2378/5453 5433/2388/5431
f 5437/2396/5435 5448/2377/5446 5438/2380/5436
f 5442/2397/5440 5451/2368/5449 5443/2394/5441
f 5445/2385/5443 5458/2374/5456 5446/2392/5444
f 5457/2398/5455 5458/2374/5456 5445/2385/5443
f 5481/2399/5479 5462/2400/5460 5461/2401/5459
f 5482/2402/5480 5462/2400/5460 5481/2399/5479
f 5482/2402/5480 5467/2403/5465 5469/2404/5467
f 5487/2405/5485 5467/2403/5465 5483/2406/5481
f 5475/2407/5473 5477/2408/5475 5487/2405/5485
f 5484/2409/5482 5492/2410/5490 5474/2411/5472
f 5487/2405/5485 5495/2412/5493 5468/2413/5466
f 5488/2414/5486 5478/2415/5476 5495/2412/5493
f 5479/2416/5477 5478/2415/5476 5488/2414/5486
f 5476/2417/5474 5474/2411/5472 5475/2407/5473
f 5475/2407/5473 5487/2405/5485 5491/2418/5489
f 5491/2418/5489 5483/2406/5481 5466/2419/5464
f 5465/2420/5463 5483/2406/5481 5482/2402/5480
f 5465/2420/5463 5481/2399/5479 5463/2421/5461
f 5471/1797/5469 5485/2422/5483 5470/2423/5468
f 5471/1797/5469 5470/2423/5468 5464/2424/5462
f 5480/2425/5478 5486/2426/5484 5488/2414/5486
f 5477/2408/5475 5480/2425/5478 5487/2405/5485
f 5480/2425/5478 5488/2414/5486 5487/2405/5485
f 5462/2400/5460 5463/2421/5461 5489/2427/5487
f 5462/2400/5460 5490/2428/5488 5463/2421/5461
f 5490/2428/5488 5467/2403/5465 5466/2419/5464
f 5467/2403/5465 5491/2418/5489 5466/2419/5464
f 5490/2428/5488 5464/2424/5462 5494/2429/5492
f 5494/2429/5492 5470/2423/5468 5473/2430/5471
f 5478/2415/5476 5479/2416/5477 5496/2431/5494
f 5492/2410/5490 5476/2417/5474 5475/2407/5473
f 5489/2427/5487 5463/2421/5461 5461/2401/5459
f 5469/2404/5467 5494/2429/5492 5471/1797/5469
f 5480/2425/5478 5496/2431/5494 5486/2426/5484
f 5477/2408/5475 5468/2413/5466 5480/2425/5478
f 5495/2412/5493 5478/2415/5476 5480/2425/5478
f 5499/2432/5497 5501/2433/5499 5498/2434/5496
f 5500/1981/5498 5501/2433/5499 5499/2432/5497
f 5498/2434/5496 5501/2433/5499 5503/1954/5501
f 5501/2433/5499 5505/1955/5503 5503/1954/5501
f 5501/2433/5499 5506/1956/5504 5508/2435/5506
f 5508/2435/5506 5507/1958/5505 5505/1955/5503
f 5510/2436/5508 5512/2437/5510 5509/2438/5507
f 5511/1981/5509 5512/2437/5510 5510/2436/5508
f 5509/2438/5507 5512/2437/5510 5514/1954/5512
f 5512/2437/5510 5516/1955/5514 5514/1954/5512
f 5512/2437/5510 5517/1956/5515 5519/2439/5517
f 5519/2439/5517 5518/1958/5516 5516/1955/5514
f 5528/2440/5526 5522/1960/5520 5521/2441/5519
f 5528/2440/5526 5524/1962/5522 5523/1963/5521
f 5528/2440/5526 5525/2442/5523 5524/1962/5522
f 5529/2443/5527 5528/2440/5526 5521/2441/5519
f 5530/1968/5528 5520/2444/5518 5531/1976/5529
f 5540/2445/5538 5534/1960/5532 5533/2446/5531
f 5540/2445/5538 5536/1962/5534 5535/1963/5533
f 5540/2445/5538 5537/2447/5535 5536/1962/5534
f 5541/2448/5539 5540/2445/5538 5533/2446/5531
f 5542/1968/5540 5532/2449/5530 5543/1976/5541
f 5548/2450/5546 5547/2451/5545 5546/2007/5544
f 5550/1875/5548 5548/2450/5546 5551/1876/5549
f 5551/1876/5549 5544/2452/5542 5552/1877/5550
f 5553/2009/5551 5544/2452/5542 5545/2010/5543
f 5559/2453/5557 5558/2451/5556 5557/2007/5555
f 5561/1875/5559 5559/2453/5557 5562/1876/5560
f 5562/1876/5560 5555/2454/5553 5563/1877/5561
f 5564/2009/5562 5555/2454/5553 5556/2455/5554
f 5570/2456/5568 5567/2457/5565 5576/2458/5574
f 5570/2456/5568 5568/1853/5566 5567/2457/5565
f 5570/2456/5568 5569/1852/5567 5568/1853/5566
f 5570/2456/5568 5571/2459/5569 5569/1852/5567
f 5571/2459/5569 5570/2456/5568 5572/1855/5570
f 5572/1855/5570 5570/2456/5568 5573/1856/5571
f 5573/1856/5571 5570/2456/5568 5574/1858/5572
f 5574/1858/5572 5570/2456/5568 5575/1859/5573
f 5577/1863/5575 5576/2458/5574 5566/2460/5564
f 5582/2461/5580 5579/2462/5577 5588/2463/5586
f 5582/2461/5580 5580/1853/5578 5579/2462/5577
f 5582/2461/5580 5581/1852/5579 5580/1853/5578
f 5582/2461/5580 5583/2464/5581 5581/1852/5579
f 5583/2464/5581 5582/2461/5580 5584/1855/5582
f 5584/1855/5582 5582/2461/5580 5585/1856/5583
f 5585/1856/5583 5582/2461/5580 5586/1858/5584
f 5586/1858/5584 5582/2461/5580 5587/1859/5585
f 5589/1863/5587 5588/2463/5586 5578/2465/5576
f 5591/2466/5589 5593/2467/5591 5590/1980/5588
f 5592/1981/5590 5593/2467/5591 5591/2466/5589
f 5590/1980/5588 5593/2467/5591 5594/1953/5592
f 5594/1953/5592 5593/2467/5591 5596/1954/5594
f 5593/2467/5591 5598/1955/5596 5596/1954/5594
f 5593/2467/5591 5599/1956/5597 5601/2468/5599
f 5601/2468/5599 5600/1958/5598 5598/1955/5596
f 5603/2469/5601 5605/2470/5603 5602/1980/5600
f 5604/1981/5602 5605/2470/5603 5603/2469/5601
f 5602/1980/5600 5605/2470/5603 5606/1953/5604
f 5606/1953/5604 5605/2470/5603 5608/1954/5606
f 5605/2470/5603 5610/1955/5608 5608/1954/5606
f 5605/2470/5603 5611/1956/5609 5613/2471/5611
f 5613/2471/5611 5612/1958/5610 5610/1955/5608
f 5618/2472/5616 5615/2473/5613 5614/2474/5612
f 5618/2472/5616 5619/1941/5617 5617/2475/5615
f 5621/2476/5619 5620/1942/5618 5619/1941/5617
f 5622/2477/5620 5621/2476/5619 5623/1945/5621
f 5623/1945/5621 5621/2476/5619 5624/1946/5622
f 5624/1946/5622 5618/2472/5616 5625/2478/5623
f 5627/2479/5625 5618/2472/5616 5614/2474/5612
f 5633/2480/5631 5630/2473/5628 5629/2481/5627
f 5633/2480/5631 5634/1941/5632 5632/2475/5630
f 5636/2482/5634 5635/1942/5633 5634/1941/5632
f 5637/2483/5635 5636/2482/5634 5638/1945/5636
f 5638/1945/5636 5636/2482/5634 5639/1946/5637
f 5639/1946/5637 5633/2480/5631 5640/2478/5638
f 5642/2479/5640 5633/2480/5631 5629/2481/5627
f 5646/2484/5644 5647/2007/5645 5645/2485/5643
f 5650/2486/5648 5648/1874/5646 5647/2007/5645
f 5650/2486/5648 5649/1873/5647 5648/1874/5646
f 5651/1875/5649 5650/2486/5648 5652/1876/5650
f 5652/1876/5650 5646/2484/5644 5653/1877/5651
f 5657/2487/5655 5658/2007/5656 5656/2485/5654
f 5661/2488/5659 5659/1874/5657 5658/2007/5656
f 5661/2488/5659 5660/1873/5658 5659/1874/5657
f 5662/1875/5660 5661/2488/5659 5663/1876/5661
f 5663/1876/5661 5657/2487/5655 5664/1877/5662
f 5687/2489/5685 5666/2490/5664 5667/2491/5665
f 5688/2492/5686 5668/2493/5666 5669/2494/5667
f 5670/2495/5668 5676/2024/5674 5673/2025/5671
f 5678/2496/5676 5677/2027/5675 5676/2024/5674
f 5682/2497/5680 5684/2031/5682 5683/2032/5681
f 5679/2035/5677 5688/2492/5686 5670/2495/5668
f 5689/2498/5687 5678/2496/5676 5675/2040/5673
f 5675/2040/5673 5678/2496/5676 5674/2041/5672
f 5672/2499/5670 5678/2496/5676 5670/2495/5668
f 5672/2499/5670 5688/2492/5686 5669/2494/5667
f 5692/2500/5690 5697/2024/5695 5693/2501/5691
f 5699/2502/5697 5698/2027/5696 5697/2024/5695
f 5703/2503/5701 5705/2031/5703 5704/2032/5702
f 5700/2035/5698 5709/2504/5707 5692/2500/5690
f 5691/2044/5689 5710/2505/5708 5711/2506/5709
f 5696/2040/5694 5699/2502/5697 5695/2041/5693
f 5694/2507/5692 5699/2502/5697 5692/2500/5690
f 5694/2507/5692 5710/2505/5708 5691/2044/5689
f 5711/2506/5709 5710/2505/5708 5708/2508/5706
f 5710/2505/5708 5690/2509/5688 5708/2508/5706
f 5718/1868/5716 5717/1852/5715 5716/1853/5714
f 5718/1868/5716 5719/2510/5717 5717/1852/5715
f 5720/1855/5718 5718/1868/5716 5721/1856/5719
f 5721/1856/5719 5715/1865/5713 5722/1858/5720
f 5723/1859/5721 5715/1865/5713 5714/2511/5712
f 5724/1861/5722 5714/2511/5712 5713/2512/5711
f 5725/1863/5723 5713/2512/5711 5712/2513/5710
f 5730/2514/5728 5728/1902/5726 5727/2515/5725
f 5730/2514/5728 5731/2516/5729 5729/1905/5727
f 5732/1906/5730 5727/2515/5725 5733/1907/5731
f 5733/1907/5731 5727/2515/5725 5734/1908/5732
f 5735/2517/5733 5727/2515/5725 5726/2518/5724
f 5740/2519/5738 5739/1866/5737 5737/2520/5735
f 5743/2521/5741 5742/1852/5740 5741/1853/5739
f 5743/2521/5741 5744/2522/5742 5742/1852/5740
f 5745/1855/5743 5743/2521/5741 5746/1856/5744
f 5746/1856/5744 5740/2519/5738 5747/1858/5745
f 5748/1859/5746 5740/2519/5738 5737/2520/5735
f 5749/1861/5747 5737/2520/5735 5738/1890/5736
f 5754/2523/5752 5751/2524/5749 5752/2525/5750
f 5754/2523/5752 5755/2526/5753 5753/1874/5751
f 5756/1875/5754 5754/2523/5752 5757/1876/5755
f 5757/1876/5755 5752/2525/5750 5758/1877/5756
f 5761/2527/5759 5760/2528/5758 5769/2529/5767
f 5764/2530/5762 5762/2531/5760 5761/2527/5759
f 5765/2532/5763 5764/2530/5762 5766/2533/5764
f 5766/2533/5764 5761/2527/5759 5767/1859/5765
f 5775/2534/5773 5771/1884/5769 5770/2535/5768
f 5775/2534/5773 5774/1852/5772 5773/2536/5771
f 5775/2534/5773 5776/2537/5774 5774/1852/5772
f 5776/2537/5774 5775/2534/5773 5777/2538/5775
f 5777/2538/5775 5775/2534/5773 5778/1859/5776
f 5779/1861/5777 5775/2534/5773 5770/2535/5768
f 5786/1888/5784 5785/1852/5783 5784/2539/5782
f 5786/1888/5784 5787/2540/5785 5785/1852/5783
f 5788/2541/5786 5784/2539/5782 5789/1858/5787
f 5790/1859/5788 5784/2539/5782 5783/2511/5781
f 5791/1861/5789 5783/2511/5781 5782/2542/5780
f 5792/1863/5790 5782/2542/5780 5781/2513/5779
f 5799/2543/5797 5794/1884/5792 5793/2544/5791
f 5799/2543/5797 5796/2545/5794 5795/2546/5793
f 5801/1861/5799 5799/2543/5797 5793/2544/5791
f 5804/1891/5802 5814/2547/5812 5813/2548/5811
f 5814/2547/5812 5810/1894/5808 5812/2549/5810
f 5812/2549/5810 5811/1896/5809 5809/1897/5807
f 5814/2547/5812 5809/1897/5807 5807/1898/5805
f 5814/2547/5812 5807/1898/5805 5805/1899/5803
f 5803/1900/5801 5814/2547/5812 5805/1899/5803
f 5819/1901/5817 5817/1902/5815 5816/2550/5814
f 5819/1901/5817 5820/2551/5818 5818/1905/5816
f 5821/1906/5819 5816/2550/5814 5822/1907/5820
f 5822/1907/5820 5816/2550/5814 5823/1908/5821
f 5824/1909/5822 5816/2550/5814 5815/2552/5813
f 5829/2553/5827 5826/2554/5824 5827/2555/5825
f 5831/2556/5829 5828/2557/5826 5829/2553/5827
f 5833/2558/5831 5830/2559/5828 5831/2556/5829
f 5835/2560/5833 5832/2561/5830 5833/2558/5831
f 5840/1856/5838 5838/2562/5836 5841/1858/5839
f 5842/1859/5840 5838/2562/5836 5836/2563/5834
f 5850/2564/5848 5849/1916/5847 5848/1917/5846
f 5850/2564/5848 5851/1918/5849 5849/1916/5847
f 5853/1920/5851 5850/2564/5848 5854/1921/5852
f 5856/2565/5854 5850/2564/5848 5846/2566/5844
f 5857/1924/5855 5846/2566/5844 5845/2567/5843
f 5863/1926/5861 5862/1918/5860 5860/2568/5858
f 5864/1919/5862 5863/1926/5861 5865/1920/5863
f 5865/1920/5863 5861/2569/5859 5866/1921/5864
f 5866/1921/5864 5861/2569/5859 5867/1929/5865
f 5868/2570/5866 5861/2569/5859 5858/2571/5856
f 5874/2572/5872 5871/2573/5869 5870/2574/5868
f 5874/2572/5872 5872/1853/5870 5871/2573/5869
f 5874/2572/5872 5873/1852/5871 5872/1853/5870
f 5874/2572/5872 5875/2575/5873 5873/1852/5871
f 5875/2575/5873 5874/2572/5872 5876/1855/5874
f 5876/1855/5874 5874/2572/5872 5877/1856/5875
f 5877/1856/5875 5874/2572/5872 5878/1858/5876
f 5880/1861/5878 5874/2572/5872 5870/2574/5868
f 5884/2576/5882 5883/1941/5881 5882/2577/5880
f 5884/2576/5882 5885/1942/5883 5883/1941/5881
f 5887/2578/5885 5886/1943/5884 5885/1942/5883
f 5892/1948/5890 5884/2576/5882 5881/2579/5879
f 5898/2580/5896 5897/1962/5895 5896/1963/5894
f 5899/2581/5897 5898/2580/5896 5900/1966/5898
f 5900/1966/5898 5898/2580/5896 5901/1972/5899
f 5902/1973/5900 5898/2580/5896 5895/2582/5893
f 5903/1968/5901 5895/2582/5893 5894/2583/5892
f 5904/1976/5902 5894/2583/5892 5893/2584/5891
f 5910/2585/5908 5909/1962/5907 5908/1963/5906
f 5911/2586/5909 5910/2585/5908 5912/1966/5910
f 5912/1966/5910 5910/2585/5908 5913/1972/5911
f 5914/1973/5912 5910/2585/5908 5907/2587/5905
f 5915/1968/5913 5907/2587/5905 5906/2588/5904
f 5916/1976/5914 5906/2588/5904 5905/2589/5903
f 5918/2590/5916 5920/2591/5918 5917/1980/5915
f 5919/1981/5917 5920/2591/5918 5918/2590/5916
f 5917/1980/5915 5920/2591/5918 5921/1953/5919
f 5921/1953/5919 5920/2591/5918 5923/1954/5921
f 5920/2591/5918 5925/1955/5923 5923/1954/5921
f 5920/2591/5918 5926/1956/5924 5928/2592/5926
f 5928/2592/5926 5927/1958/5925 5925/1955/5923
f 5930/2593/5928 5932/2594/5930 5929/1980/5927
f 5931/1981/5929 5932/2594/5930 5930/2593/5928
f 5929/1980/5927 5932/2594/5930 5933/1953/5931
f 5933/1953/5931 5932/2594/5930 5935/1954/5933
f 5932/2594/5930 5937/1955/5935 5935/1954/5933
f 5932/2594/5930 5938/1956/5936 5940/2595/5938
f 5940/2595/5938 5939/1958/5937 5937/1955/5935
f 5946/2596/5944 5942/1960/5940 5943/2597/5941
f 5946/2596/5944 5945/1962/5943 5944/1963/5942
f 5947/2598/5945 5946/2596/5944 5948/1966/5946
f 5948/1966/5946 5946/2596/5944 5949/2599/5947
f 5949/2599/5947 5946/2596/5944 5943/2597/5941
f 5950/2600/5948 5943/2597/5941 5941/2052/5939
f 5956/2601/5954 5952/1960/5950 5953/2602/5951
f 5956/2601/5954 5955/1962/5953 5954/1963/5952
f 5957/2603/5955 5956/2601/5954 5958/1966/5956
f 5958/1966/5956 5956/2601/5954 5959/2604/5957
f 5959/2604/5957 5956/2601/5954 5953/2602/5951
f 5960/2605/5958 5953/2602/5951 5951/2606/5949
f 5966/2607/5964 5964/1874/5962 5963/2007/5961
f 5966/2607/5964 5965/1873/5963 5964/1874/5962
f 5967/2608/5965 5966/2607/5964 5968/1875/5966
f 5968/1875/5966 5966/2607/5964 5969/1876/5967
f 5969/1876/5967 5961/2609/5959 5970/1877/5968
f 5971/2009/5969 5961/2609/5959 5962/2610/5960
f 5977/2453/5975 5976/2451/5974 5975/2007/5973
f 5979/1875/5977 5977/2453/5975 5980/1876/5978
f 5980/1876/5978 5973/2611/5971 5981/1877/5979
f 5982/2009/5980 5973/2611/5971 5974/2612/5972
f 5985/2613/5983 5987/2614/5985 5984/2615/5982
f 5986/1981/5984 5987/2614/5985 5985/2613/5983
f 5984/2615/5982 5987/2614/5985 5989/1954/5987
f 5987/2614/5985 5991/1955/5989 5989/1954/5987
f 5987/2614/5985 5992/1956/5990 5994/2616/5992
f 5994/2616/5992 5993/1958/5991 5991/1955/5989
f 5998/2617/5996 6005/2024/6003 6002/2025/6000
f 6007/2026/6005 6006/2027/6004 6005/2024/6003
f 6015/2618/6013 6009/2029/6007 6008/2619/6006
f 6011/2620/6009 6014/2621/6012 6015/2618/6013
f 5997/2044/5995 6018/2622/6016 6017/2623/6015
f 6016/2498/6014 6007/2026/6005 6004/2040/6002
f 6004/2040/6002 6007/2026/6005 6003/2041/6001
f 6001/2042/5999 6007/2026/6005 5998/2617/5996
f 5999/2043/5997 5998/2617/5996 5997/2044/5995
f 6020/1981/6018 6021/2624/6019 6019/2182/6017
f 6023/1953/6021 6021/2624/6019 6024/1954/6022
f 6021/2624/6019 6026/1955/6024 6024/1954/6022
f 6021/2624/6019 6027/1956/6025 6029/2625/6027
f 6029/2625/6027 6028/1958/6026 6026/1955/6024
f 6035/2626/6033 6032/1960/6030 6031/2627/6029
f 6035/2626/6033 6034/1962/6032 6033/1963/6031
f 6036/2628/6034 6035/2626/6033 6037/1966/6035
f 6037/1966/6035 6035/2626/6033 6038/2629/6036
f 6038/2629/6036 6035/2626/6033 6031/2627/6029
f 6039/1968/6037 6031/2627/6029 6030/1969/6028
f 6046/2630/6044 6043/1960/6041 6042/2631/6040
f 6046/2630/6044 6045/1962/6043 6044/1963/6042
f 6047/2632/6045 6046/2630/6044 6048/1966/6046
f 6048/1966/6046 6046/2630/6044 6049/2633/6047
f 6049/2633/6047 6046/2630/6044 6042/2631/6040
f 6050/1968/6048 6042/2631/6040 6041/2180/6039
f 6057/2634/6055 6054/2635/6052 6055/2636/6053
f 6057/2634/6055 6056/1962/6054 6054/2635/6052
f 6058/2637/6056 6057/2634/6055 6059/1966/6057
f 6060/2189/6058 6057/2634/6055 6055/2636/6053
f 6061/1976/6059 6055/2636/6053 6052/2052/6050
f 6068/2638/6066 6062/2639/6060 6067/2640/6065
f 6069/2073/6067 6064/2254/6062 6068/2638/6066
f 6063/2641/6061 6068/2638/6066 6067/2640/6065
f 6063/2641/6061 6064/2254/6062 6070/2642/6068
f 6064/2254/6062 6065/2256/6063 6070/2642/6068
f 6076/2643/6074 6075/1962/6073 6074/1963/6072
f 6077/2644/6075 6076/2643/6074 6078/1966/6076
f 6078/1966/6076 6076/2643/6074 6079/1972/6077
f 6080/1973/6078 6076/2643/6074 6073/2587/6071
f 6081/1968/6079 6073/2587/6071 6072/2583/6070
f 6082/1976/6080 6072/2583/6070 6071/2645/6069
f 6088/2646/6086 6087/1962/6085 6086/1963/6084
f 6089/2647/6087 6088/2646/6086 6090/1966/6088
f 6090/1966/6088 6088/2646/6086 6091/1972/6089
f 6092/1973/6090 6088/2646/6086 6085/2648/6083
f 6093/1968/6091 6085/2648/6083 6084/2649/6082
f 6094/1976/6092 6084/2649/6082 6083/2589/6081
f 6095/1980/6093 6098/2650/6096 6099/1953/6097
f 6099/1953/6097 6098/2650/6096 6101/1954/6099
f 6098/2650/6096 6103/1955/6101 6101/1954/6099
f 6098/2650/6096 6104/1956/6102 6105/2651/6103
f 6111/2652/6109 6108/1960/6106 6107/1961/6105
f 6111/2652/6109 6110/1962/6108 6109/1963/6107
f 6112/2653/6110 6111/2652/6109 6113/1966/6111
f 6113/1966/6111 6111/2652/6109 6114/2100/6112
f 6114/2100/6112 6111/2652/6109 6107/1961/6105
f 6115/1968/6113 6107/1961/6105 6106/1969/6104
f 6122/2654/6120 6121/1962/6119 6120/1963/6118
f 6123/2237/6121 6122/2654/6120 6124/1966/6122
f 6124/1966/6122 6122/2654/6120 6125/2655/6123
f 6125/2655/6123 6122/2654/6120 6119/2656/6117
f 6126/1968/6124 6119/2656/6117 6118/2657/6116
f 6127/1976/6125 6118/2657/6116 6117/2658/6115
f 6129/2659/6127 6131/2660/6129 6128/2661/6126
f 6130/1981/6128 6131/2660/6129 6129/2659/6127
f 6128/2661/6126 6131/2660/6129 6133/1954/6131
f 6131/2660/6129 6135/1955/6133 6133/1954/6131
f 6131/2660/6129 6136/1956/6134 6137/2662/6135
f 6143/2663/6141 6150/2664/6148 6139/2665/6137
f 6143/2663/6141 6142/1962/6140 6141/1963/6139
f 6143/2663/6141 6144/2666/6142 6142/1962/6140
f 6146/2667/6144 6143/2663/6141 6147/1966/6145
f 6147/1966/6145 6143/2663/6141 6148/2668/6146
f 6149/1968/6147 6143/2663/6141 6139/2665/6137
f 6139/2665/6137 6150/2664/6148 6138/2130/6136
f 6157/2669/6155 6154/2670/6152 6160/2671/6158
f 6156/2672/6154 6153/2673/6151 6155/2674/6153
f 6153/2673/6151 6157/2669/6155 6152/2675/6150
f 6154/2670/6152 6161/2676/6159 6155/2674/6153
f 6153/2673/6151 6162/2677/6160 6161/2676/6159
f 6161/2676/6159 6156/2672/6154 6155/2674/6153
f 6152/2675/6150 6155/2674/6153 6153/2673/6151
f 6168/2678/6166 6165/1960/6163 6164/1994/6162
f 6168/2678/6166 6167/1962/6165 6166/1963/6164
f 6169/2679/6167 6168/2678/6166 6170/1966/6168
f 6170/1966/6168 6168/2678/6166 6171/2680/6169
f 6171/2680/6169 6168/2678/6166 6164/1994/6162
f 6172/1968/6170 6164/1994/6162 6163/1989/6161
f 6179/2681/6177 6176/1960/6174 6175/2682/6173
f 6179/2681/6177 6178/1962/6176 6177/1963/6175
f 6180/2683/6178 6179/2681/6177 6181/1966/6179
f 6181/1966/6179 6179/2681/6177 6182/2684/6180
f 6182/2684/6180 6179/2681/6177 6175/2682/6173
f 6183/1968/6181 6175/2682/6173 6174/2685/6172
f 6186/1981/6184 6187/2686/6185 6185/2687/6183
f 6189/1953/6187 6187/2686/6185 6190/1954/6188
f 6187/2686/6185 6192/1955/6190 6190/1954/6188
f 6187/2686/6185 6193/1956/6191 6195/2688/6193
f 6195/2688/6193 6194/1958/6192 6192/1955/6190
f 6201/2689/6199 6198/2690/6196 6199/2065/6197
f 6201/2689/6199 6200/1962/6198 6198/2690/6196
f 6202/2691/6200 6201/2689/6199 6203/1966/6201
f 6204/2692/6202 6201/2689/6199 6199/2065/6197
f 6205/1976/6203 6199/2065/6197 6196/2250/6194
f 6216/2693/6214 6207/2694/6205 6214/2695/6212
f 6211/2696/6209 6208/2697/6206 6207/2694/6205
f 6212/2698/6210 6208/2697/6206 6211/2696/6209
f 6215/2699/6213 6211/2696/6209 6216/2693/6214
f 6214/2695/6212 6207/2694/6205 6213/2700/6211
f 6208/2697/6206 6209/2701/6207 6213/2700/6211
f 6215/2699/6213 6213/2700/6211 6211/2696/6209
f 6210/2702/6208 6214/2695/6212 6206/2703/6204
f 6218/1981/6216 6219/2704/6217 6217/2228/6215
f 6221/1953/6219 6219/2704/6217 6223/1954/6221
f 6219/2704/6217 6225/1955/6223 6223/1954/6221
f 6219/2704/6217 6226/1956/6224 6228/2705/6226
f 6228/2705/6226 6227/1958/6225 6225/1955/6223
f 6230/1981/6228 6231/2706/6229 6229/2223/6227
f 6233/1953/6231 6231/2706/6229 6234/1954/6232
f 6231/2706/6229 6236/1955/6234 6234/1954/6232
f 6231/2706/6229 6237/1956/6235 6239/2707/6237
f 6239/2707/6237 6238/1958/6236 6236/1955/6234
f 6245/2708/6243 6242/1960/6240 6241/2709/6239
f 6245/2708/6243 6244/1962/6242 6243/1963/6241
f 6246/2057/6244 6245/2708/6243 6247/1966/6245
f 6247/1966/6245 6245/2708/6243 6248/2238/6246
f 6248/2238/6246 6245/2708/6243 6241/2709/6239
f 6249/1968/6247 6241/2709/6239 6240/2175/6238
f 6253/2710/6251 6251/2130/6249 6261/2711/6259
f 6256/2712/6254 6252/1960/6250 6253/2710/6251
f 6256/2712/6254 6255/1962/6253 6254/1963/6252
f 6257/2713/6255 6256/2712/6254 6258/1966/6256
f 6258/1966/6256 6256/2712/6254 6259/2714/6257
f 6259/2714/6257 6256/2712/6254 6253/2710/6251
f 6267/2715/6265 6264/1960/6262 6263/2716/6261
f 6267/2715/6265 6266/1962/6264 6265/1963/6263
f 6268/2717/6266 6267/2715/6265 6269/1966/6267
f 6269/1966/6267 6267/2715/6265 6270/2718/6268
f 6270/2718/6268 6267/2715/6265 6263/2716/6261
f 6271/1968/6269 6263/2716/6261 6262/2719/6260
f 6278/2720/6276 6276/2721/6274 6279/1966/6277
f 6279/1966/6277 6276/2721/6274 6280/2722/6278
f 6281/1968/6279 6276/2721/6274 6273/2723/6271
f 6284/1981/6282 6285/2242/6283 6283/2724/6281
f 6287/1953/6285 6288/2725/6286 6289/1954/6287
f 6290/2726/6288 6288/2725/6286 6285/2242/6283
f 6288/2725/6286 6291/1955/6289 6289/1954/6287
f 6288/2725/6286 6293/2727/6291 6291/1955/6289
f 6294/1980/6292 6298/2728/6296 6299/1953/6297
f 6297/1950/6295 6298/2728/6296 6296/2729/6294
f 6299/1953/6297 6298/2728/6296 6300/1954/6298
f 6298/2728/6296 6302/1955/6300 6300/1954/6298
f 6298/2728/6296 6304/2730/6302 6302/1955/6300
f 6310/2731/6308 6307/2732/6305 6308/2733/6306
f 6310/2731/6308 6309/1962/6307 6307/2732/6305
f 6311/2734/6309 6310/2731/6308 6312/1966/6310
f 6313/2735/6311 6310/2731/6308 6308/2733/6306
f 6314/1976/6312 6308/2733/6306 6305/2736/6303
f 6320/2737/6318 6317/2738/6315 6318/2065/6316
f 6320/2737/6318 6319/1962/6317 6317/2738/6315
f 6321/2739/6319 6320/2737/6318 6322/1966/6320
f 6323/2735/6321 6320/2737/6318 6318/2065/6316
f 6324/1976/6322 6318/2065/6316 6315/2740/6313
f 6331/2741/6329 6325/2742/6323 6330/2743/6328
f 6332/2744/6330 6327/2745/6325 6331/2741/6329
f 6326/2746/6324 6331/2741/6329 6330/2743/6328
f 6326/2746/6324 6327/2745/6325 6333/2747/6331
f 6327/2745/6325 6328/2748/6326 6333/2747/6331
f 6336/2749/6334 6335/2750/6333 6338/2751/6336
f 6334/2752/6332 6338/2751/6336 6337/2753/6335
f 6340/2754/6338 6335/2750/6333 6341/2755/6339
f 6335/2750/6333 6336/2749/6334 6342/2756/6340
f 6338/2751/6336 6341/2755/6339 6339/2757/6337
f 6340/2754/6338 6341/2755/6339 6334/2752/6332
f 6348/1868/6346 6347/1852/6345 6346/2758/6344
f 6348/1868/6346 6349/2759/6347 6347/1852/6345
f 6350/2760/6348 6346/2758/6344 6351/1858/6349
f 6352/1859/6350 6346/2758/6344 6345/2761/6343
f 6353/1861/6351 6345/2761/6343 6344/2762/6342
f 6354/1863/6352 6344/2762/6342 6343/2763/6341
f 6356/2764/6354 6358/2765/6356 6355/2438/6353
f 6357/1981/6355 6358/2765/6356 6356/2764/6354
f 6355/2438/6353 6358/2765/6356 6360/1954/6358
f 6358/2765/6356 6362/1955/6360 6360/1954/6358
f 6358/2765/6356 6363/1956/6361 6365/2766/6363
f 6365/2766/6363 6364/1958/6362 6362/1955/6360
f 6371/2767/6369 6368/1960/6366 6367/2768/6365
f 6371/2767/6369 6370/1962/6368 6369/1963/6367
f 6372/2769/6370 6371/2767/6369 6373/1966/6371
f 6373/1966/6371 6371/2767/6369 6374/2770/6372
f 6374/2770/6372 6371/2767/6369 6367/2768/6365
f 6375/1968/6373 6367/2768/6365 6366/2175/6364
f 6378/2771/6376 6381/1963/6379 6380/1960/6378
f 6378/2771/6376 6382/1962/6380 6381/1963/6379
f 6384/1966/6382 6378/2771/6376 6385/2772/6383
f 6386/1968/6384 6378/2771/6376 6379/2773/6377
f 6392/2774/6390 6390/2775/6388 6394/2776/6392
f 6392/2774/6390 6391/2777/6389 6390/2775/6388
f 6395/2778/6393 6394/2776/6392 6388/2779/6386
f 6395/2778/6393 6388/2779/6386 6387/2780/6385
f 6398/2781/6396 6399/1962/6397 6397/1963/6395
f 6401/1966/6399 6398/2781/6396 6402/1972/6400
f 6404/1968/6402 6398/2781/6396 6396/2782/6394
f 6411/2783/6409 6408/1960/6406 6407/2236/6405
f 6411/2783/6409 6410/1962/6408 6409/1963/6407
f 6412/2784/6410 6411/2783/6409 6413/1966/6411
f 6413/1966/6411 6411/2783/6409 6414/2785/6412
f 6414/2785/6412 6411/2783/6409 6407/2236/6405
f 6415/1968/6413 6407/2236/6405 6406/2786/6404
f 6424/2787/6422 6420/1962/6418 6419/2788/6417
f 6422/2789/6420 6421/2790/6419 6420/1962/6418
f 6425/2791/6423 6424/2787/6422 6418/2792/6416
f 6425/2791/6423 6418/2792/6416 6417/2793/6415
f 6427/2794/6425 6426/2528/6424 6435/2795/6433
f 6430/2796/6428 6428/2797/6426 6427/2794/6425
f 6431/2798/6429 6430/2796/6428 6432/2799/6430
f 6432/2799/6430 6427/2794/6425 6433/1859/6431
f 6443/2800/6441 6437/1884/6435 6438/2801/6436
f 6443/2800/6441 6441/1853/6439 6440/2153/6438
f 6443/2800/6441 6442/1852/6440 6441/1853/6439
f 6443/2800/6441 6444/2802/6442 6442/1852/6440
f 6445/1937/6443 6443/2800/6441 6446/2803/6444
f 6446/2803/6444 6443/2800/6441 6447/2804/6445
f 6448/1861/6446 6443/2800/6441 6438/2801/6436
f 6454/2805/6452 6453/1962/6451 6452/1963/6450
f 6455/2806/6453 6454/2805/6452 6456/1966/6454
f 6456/1966/6454 6454/2805/6452 6457/2807/6455
f 6457/2807/6455 6454/2805/6452 6451/2808/6449
f 6458/1968/6456 6451/2808/6449 6450/2809/6448
f 6459/1976/6457 6450/2809/6448 6449/2810/6447
f 6461/2811/6459 6463/2812/6461 6460/2813/6458
f 6462/1981/6460 6463/2812/6461 6461/2811/6459
f 6460/2813/6458 6463/2812/6461 6465/1954/6463
f 6463/2812/6461 6467/1955/6465 6465/1954/6463
f 6463/2812/6461 6468/1956/6466 6469/2814/6467
f 6474/1888/6472 6475/2540/6473 6473/2815/6471
f 6476/2541/6474 6472/2816/6470 6477/1858/6475
f 6478/1859/6476 6472/2816/6470 6471/2817/6469
f 6479/1861/6477 6471/2817/6469 6470/2818/6468
f 6482/2819/6480 6483/1962/6481 6481/1963/6479
f 6485/2820/6483 6484/2821/6482 6486/2233/6484
f 6486/2233/6484 6484/2821/6482 6482/2819/6480
f 6488/1976/6486 6482/2819/6480 6480/1977/6478
f 6489/1980/6487 6491/2822/6489 6492/1953/6490
f 6492/1953/6490 6491/2822/6489 6494/1954/6492
f 6491/2822/6489 6496/1955/6494 6494/1954/6492
f 6491/2822/6489 6497/1956/6495 6498/2823/6496
f 6504/2824/6502 6501/1960/6499 6500/1961/6498
f 6504/2824/6502 6503/1962/6501 6502/1963/6500
f 6505/2825/6503 6504/2824/6502 6506/1966/6504
f 6506/1966/6504 6504/2824/6502 6507/2058/6505
f 6507/2058/6505 6504/2824/6502 6500/1961/6498
f 6508/1968/6506 6500/1961/6498 6499/2719/6497
f 6515/2826/6513 6514/1962/6512 6513/1963/6511
f 6516/2827/6514 6515/2826/6513 6517/1966/6515
f 6517/1966/6515 6515/2826/6513 6518/2828/6516
f 6518/2828/6516 6515/2826/6513 6512/2808/6510
f 6519/1968/6517 6512/2808/6510 6511/2829/6509
f 6520/1976/6518 6511/2829/6509 6510/2830/6508
f 6522/2831/6520 6524/2832/6522 6521/2833/6519
f 6523/1981/6521 6524/2832/6522 6522/2831/6520
f 6521/2833/6519 6524/2832/6522 6526/1954/6524
f 6524/2832/6522 6528/1955/6526 6526/1954/6524
f 6524/2832/6522 6529/1956/6527 6530/2834/6528
f 6536/2835/6534 6533/1960/6531 6532/2627/6530
f 6536/2835/6534 6535/1962/6533 6534/1963/6532
f 6536/2835/6534 6537/2836/6535 6535/1962/6533
f 6539/1966/6537 6536/2835/6534 6540/2837/6538
f 6540/2837/6538 6536/2835/6534 6532/2627/6530
f 6541/1968/6539 6532/2627/6530 6531/2175/6529
f 6547/2838/6545 6543/2839/6541 6546/2840/6544
f 6548/2841/6546 6544/2842/6542 6547/2838/6545
f 6543/2839/6541 6550/2843/6548 6549/2844/6547
f 6544/2842/6542 6551/2845/6549 6550/2843/6548
f 6550/2843/6548 6545/2846/6543 6547/2838/6545
f 6546/2840/6544 6550/2843/6548 6547/2838/6545
f 6557/2847/6555 6554/1960/6552 6553/2848/6551
f 6557/2847/6555 6556/1962/6554 6555/1963/6553
f 6558/1966/6556 6557/2847/6555 6559/2849/6557
f 6559/2849/6557 6557/2847/6555 6553/2848/6551
f 6560/1968/6558 6553/2848/6551 6552/2719/6550
f 6588/2850/6586 6563/2851/6561 6564/2852/6562
f 6591/2853/6589 6570/2854/6568 6590/2855/6588
f 6598/2856/6596 6572/2857/6570 6573/2858/6571
f 6597/2859/6595 6571/2860/6569 6572/2857/6570
f 6565/2376/6563 6588/2850/6586 6575/2861/6573
f 6565/2376/6563 6564/2852/6562 6576/2862/6574
f 6571/2860/6569 6593/2863/6591 6568/2864/6566
f 6588/2850/6586 6562/2865/6560 6563/2851/6561
f 6572/2857/6570 6583/2866/6581 6584/2867/6582
f 6563/2851/6561 6574/2868/6572 6576/2862/6574
f 6568/2864/6566 6592/2869/6590 6567/2870/6565
f 6569/2871/6567 6568/2864/6566 6578/2872/6576
f 6564/2852/6562 6563/2851/6561 6576/2862/6574
f 6563/2851/6561 6562/2865/6560 6574/2868/6572
f 6569/2871/6567 6595/2873/6593 6594/2874/6592
f 6566/2875/6564 6591/2853/6589 6590/2855/6588
f 6565/2376/6563 6594/2874/6592 6564/2852/6562
f 6572/2857/6570 6584/2867/6582 6586/2876/6584
f 6584/2867/6582 6585/2877/6583 6586/2876/6584
f 6589/2878/6587 6580/2332/6578 6590/2855/6588
f 6581/2879/6579 6582/2880/6580 6594/2874/6592
f 6580/2332/6578 6565/2376/6563 6581/2879/6579
f 6583/2866/6581 6595/2873/6593 6569/2871/6567
f 6575/2861/6573 6595/2873/6593 6582/2880/6580
f 6579/2881/6577 6591/2853/6589 6580/2332/6578
f 6584/2867/6582 6597/2859/6595 6585/2877/6583
f 6583/2866/6581 6597/2859/6595 6584/2867/6582
f 6605/2882/6603 6602/2883/6600 6603/2884/6601
f 6603/2884/6601 6601/2885/6599 6600/2886/6598
f 6601/2885/6599 6608/2887/6606 6607/2888/6605
f 6608/2887/6606 6604/2889/6602 6605/2882/6603
f 6607/2888/6605 6603/2884/6601 6600/2886/6598
f 6608/2887/6606 6605/2882/6603 6603/2884/6601
f 6617/2890/6615 6611/2891/6609 6616/2892/6614
f 6614/2893/6612 6617/2890/6615 6613/2894/6611
f 6613/2894/6611 6615/2895/6613 6609/2303/6607
f 6610/2896/6608 6611/2891/6609 6618/2897/6616
f 6618/2897/6616 6613/2894/6611 6609/2303/6607
f 6620/2613/6618 6622/2898/6620 6619/2899/6617
f 6621/1981/6619 6622/2898/6620 6620/2613/6618
f 6619/2899/6617 6622/2898/6620 6624/1954/6622
f 6622/2898/6620 6626/1955/6624 6624/1954/6622
f 6622/2898/6620 6627/1956/6625 6629/2900/6627
f 6629/2900/6627 6628/1958/6626 6626/1955/6624
f 6635/2901/6633 6632/1960/6630 6631/2902/6629
f 6635/2901/6633 6634/1962/6632 6633/1963/6631
f 6635/2901/6633 6636/2903/6634 6634/1962/6632
f 6638/2904/6636 6635/2901/6633 6639/1966/6637
f 6639/1966/6637 6635/2901/6633 6640/2905/6638
f 6640/2905/6638 6635/2901/6633 6631/2902/6629
f 6641/1968/6639 6630/2906/6628 6642/1976/6640
f 6647/2907/6645 6646/1874/6644 6645/2007/6643
f 6647/2907/6645 6648/1873/6646 6646/1874/6644
f 6650/1875/6648 6647/2907/6645 6651/1876/6649
f 6651/1876/6649 6643/2908/6641 6652/1877/6650
f 6653/2009/6651 6643/2908/6641 6644/2455/6642
f 6659/2909/6657 6656/2910/6654 6665/2463/6663
f 6659/2909/6657 6657/2911/6655 6656/2910/6654
f 6659/2909/6657 6658/1852/6656 6657/2911/6655
f 6659/2909/6657 6660/2912/6658 6658/1852/6656
f 6660/2912/6658 6659/2909/6657 6661/1855/6659
f 6661/1855/6659 6659/2909/6657 6662/1856/6660
f 6662/1856/6660 6659/2909/6657 6663/1858/6661
f 6663/1858/6661 6659/2909/6657 6664/1859/6662
f 6666/1863/6664 6665/2463/6663 6655/2913/6653
f 6668/2914/6666 6670/2915/6668 6667/1980/6665
f 6669/1981/6667 6670/2915/6668 6668/2914/6666
f 6667/1980/6665 6670/2915/6668 6671/1953/6669
f 6671/1953/6669 6670/2915/6668 6673/1954/6671
f 6670/2915/6668 6675/1955/6673 6673/1954/6671
f 6670/2915/6668 6676/1956/6674 6678/2916/6676
f 6678/2916/6676 6677/1958/6675 6675/1955/6673
f 6683/2917/6681 6680/2473/6678 6679/2918/6677
f 6683/2917/6681 6684/1941/6682 6682/2475/6680
f 6686/2919/6684 6685/1942/6683 6684/1941/6682
f 6687/2920/6685 6686/2919/6684 6688/1945/6686
f 6688/1945/6686 6686/2919/6684 6689/1946/6687
f 6689/1946/6687 6683/2917/6681 6690/2478/6688
f 6692/2479/6690 6683/2917/6681 6679/2918/6677
f 6696/2921/6694 6697/2007/6695 6695/2485/6693
f 6699/2922/6697 6698/1874/6696 6697/2007/6695
f 6699/2922/6697 6700/1873/6698 6698/1874/6696
f 6702/1875/6700 6699/2922/6697 6703/1876/6701
f 6703/1876/6701 6696/2921/6694 6704/1877/6702
f 6728/2923/6726 6706/2490/6704 6707/2924/6705
f 6729/2925/6727 6708/2926/6706 6709/2927/6707
f 6710/2928/6708 6716/2024/6714 6713/2025/6711
f 6718/2929/6716 6717/2027/6715 6716/2024/6714
f 6730/2930/6728 6725/2031/6723 6723/2032/6721
f 6726/2931/6724 6730/2930/6728 6724/2932/6722
f 6724/2932/6722 6730/2930/6728 6722/2933/6720
f 6719/2035/6717 6729/2925/6727 6710/2928/6708
f 6731/2934/6729 6718/2929/6716 6715/2040/6713
f 6715/2040/6713 6718/2929/6716 6714/2041/6712
f 6712/2935/6710 6718/2929/6716 6710/2928/6708
f 6712/2935/6710 6729/2925/6727 6709/2927/6707
f 6737/2936/6735 6736/1962/6734 6735/1963/6733
f 6738/2937/6736 6737/2936/6735 6739/1966/6737
f 6739/1966/6737 6737/2936/6735 6740/1972/6738
f 6741/1973/6739 6737/2936/6735 6734/2587/6732
f 6742/1968/6740 6734/2587/6732 6733/2938/6731
f 6743/1976/6741 6733/2938/6731 6732/2939/6730
f 6745/2940/6743 6747/2941/6745 6744/1980/6742
f 6746/1981/6744 6747/2941/6745 6745/2940/6743
f 6744/1980/6742 6747/2941/6745 6748/1953/6746
f 6748/1953/6746 6747/2941/6745 6750/1954/6748
f 6747/2941/6745 6752/1955/6750 6750/1954/6748
f 6747/2941/6745 6753/1956/6751 6755/2020/6753
f 6755/2020/6753 6754/1958/6752 6752/1955/6750
f 6761/2942/6759 6757/1960/6755 6758/2943/6756
f 6761/2942/6759 6760/1962/6758 6759/1963/6757
f 6762/2944/6760 6761/2942/6759 6763/1966/6761
f 6763/1966/6761 6761/2942/6759 6764/2945/6762
f 6764/2945/6762 6761/2942/6759 6758/2943/6756
f 6765/2946/6763 6758/2943/6756 6756/2052/6754
f 6771/2947/6769 6770/1962/6768 6769/1963/6767
f 6772/2948/6770 6771/2947/6769 6773/1966/6771
f 6773/1966/6771 6771/2947/6769 6774/1972/6772
f 6775/1973/6773 6771/2947/6769 6768/2949/6766
f 6776/1968/6774 6768/2949/6766 6767/2649/6765
f 6777/1976/6775 6767/2649/6765 6766/2950/6764
f 6794/2951/6792 6779/2952/6777 6778/2953/6776
f 6795/2954/6793 6779/2952/6777 6794/2951/6792
f 6796/2955/6794 6781/2956/6779 6795/2954/6793
f 6799/2957/6797 6783/2958/6781 6796/2955/6794
f 6799/2957/6797 6785/1826/6783 6783/2958/6781
f 6800/2959/6798 6786/1828/6784 6785/1826/6783
f 6797/2960/6795 6790/2961/6788 6803/2962/6801
f 6798/2963/6796 6809/2964/6807 6797/2960/6795
f 6801/2965/6799 6791/2966/6789 6784/1836/6782
f 6804/2967/6802 6793/2968/6791 6791/2966/6789
f 6796/2955/6794 6803/2962/6801 6799/2957/6797
f 6796/2955/6794 6795/2954/6793 6782/2969/6780
f 6780/2970/6778 6795/2954/6793 6794/2951/6792
f 6790/2961/6788 6791/2966/6789 6801/2965/6799
f 6802/2971/6800 6804/2967/6802 6791/2966/6789
f 6805/2972/6803 6779/2952/6777 6806/2973/6804
f 6806/2973/6804 6781/2956/6779 6782/2969/6780
f 6781/2956/6779 6807/2974/6805 6782/2969/6780
f 6807/2974/6805 6801/2965/6799 6808/2360/6806
f 6801/2965/6799 6784/1836/6782 6808/2360/6806
f 6807/2974/6805 6785/1826/6783 6811/2975/6809
f 6784/1836/6782 6790/2961/6788 6808/2360/6806
f 6790/2961/6788 6809/2964/6807 6808/2360/6806
f 6784/1836/6782 6791/2966/6789 6792/2976/6790
f 6792/2976/6790 6791/2966/6789 6793/2968/6791
f 6810/2977/6808 6798/2963/6796 6788/2978/6786
f 6803/2962/6801 6809/2964/6807 6788/2978/6786
f 6796/2955/6794 6808/2360/6806 6803/2962/6801
f 6805/2972/6803 6780/2970/6778 6778/2953/6776
f 6786/1828/6784 6812/2979/6810 6811/2975/6809
f 6800/2959/6798 6811/2975/6809 6787/2980/6785
f 6799/2957/6797 6811/2975/6809 6800/2959/6798
f 6790/2961/6788 6792/2976/6790 6802/2971/6800
f 6802/2971/6800 6793/2968/6791 6813/2981/6811
f 6816/1950/6814 6817/2982/6815 6814/2983/6812
f 6818/1953/6816 6817/2982/6815 6820/1954/6818
f 6817/2982/6815 6822/1955/6820 6820/1954/6818
f 6817/2982/6815 6823/1956/6821 6825/2984/6823
f 6825/2984/6823 6824/1958/6822 6822/1955/6820
f 6831/2985/6829 6828/1960/6826 6827/2114/6825
f 6831/2985/6829 6830/1962/6828 6829/1963/6827
f 6831/2985/6829 6832/1971/6830 6830/1962/6828
f 6834/2986/6832 6831/2985/6829 6835/1966/6833
f 6835/1966/6833 6831/2985/6829 6836/2987/6834
f 6836/2987/6834 6831/2985/6829 6827/2114/6825
f 6837/1968/6835 6827/2114/6825 6826/1989/6824
f 6844/2988/6842 6843/1962/6841 6842/1963/6840
f 6844/2988/6842 6845/2017/6843 6843/1962/6841
f 6847/1966/6845 6844/2988/6842 6848/1972/6846
f 6849/1973/6847 6844/2988/6842 6841/2989/6839
f 6850/1968/6848 6841/2989/6839 6840/2990/6838
f 6851/1976/6849 6840/2990/6838 6839/2606/6837
f 6853/1978/6851 6855/2164/6853 6852/1980/6850
f 6854/1981/6852 6855/2164/6853 6853/1978/6851
f 6852/1980/6850 6856/2991/6854 6857/1953/6855
f 6857/1953/6855 6856/2991/6854 6859/1954/6857
f 6856/2991/6854 6861/1955/6859 6859/1954/6857
f 6856/2991/6854 6862/1956/6860 6864/2992/6862
f 6864/2992/6862 6863/1958/6861 6861/1955/6859
f 6870/2993/6868 6867/1960/6865 6866/2994/6864
f 6870/2993/6868 6869/1962/6867 6868/1963/6866
f 6870/2993/6868 6871/2995/6869 6869/1962/6867
f 6873/2996/6871 6870/2993/6868 6874/1966/6872
f 6874/1966/6872 6870/2993/6868 6875/2997/6873
f 6875/2997/6873 6870/2993/6868 6866/2994/6864
f 6876/1968/6874 6866/2994/6864 6865/2719/6863
f 6883/2998/6881 6880/1960/6878 6879/2709/6877
f 6883/2998/6881 6882/1962/6880 6881/1963/6879
f 6883/2998/6881 6884/2999/6882 6882/1962/6880
f 6886/1966/6884 6883/2998/6881 6887/2085/6885
f 6887/2085/6885 6883/2998/6881 6879/2709/6877
f 6888/1968/6886 6879/2709/6877 6878/2180/6876
f 6891/3000/6889 6893/1963/6891 6892/1960/6890
f 6891/3000/6889 6894/1962/6892 6893/1963/6891
f 6896/3001/6894 6895/3002/6893 6894/1962/6892
f 6897/3003/6895 6896/3001/6894 6898/1966/6896
f 6898/1966/6896 6891/3000/6889 6899/1972/6897
f 6901/1968/6899 6891/3000/6889 6890/3004/6888
f 6904/3005/6902 6906/3006/6904 6903/1980/6901
f 6905/1981/6903 6906/3006/6904 6904/3005/6902
f 6903/1980/6901 6906/3006/6904 6907/1953/6905
f 6907/1953/6905 6906/3006/6904 6909/1954/6907
f 6906/3006/6904 6911/1955/6909 6909/1954/6907
f 6906/3006/6904 6912/1956/6910 6914/3007/6912
f 6914/3007/6912 6913/1958/6911 6911/1955/6909
f 6919/2453/6917 6918/1874/6916 6917/2007/6915
f 6919/2453/6917 6920/1873/6918 6918/1874/6916
f 6922/1875/6920 6919/2453/6917 6923/1876/6921
f 6923/1876/6921 6915/3008/6913 6924/1877/6922
f 6925/2009/6923 6915/3008/6913 6916/3009/6914
f 6932/3010/6930 6929/1960/6927 6928/3011/6926
f 6932/3010/6930 6931/1962/6929 6930/1963/6928
f 6932/3010/6930 6933/3012/6931 6931/1962/6929
f 6935/3013/6933 6932/3010/6930 6936/1966/6934
f 6936/1966/6934 6932/3010/6930 6937/3014/6935
f 6937/3014/6935 6932/3010/6930 6928/3011/6926
f 6938/1968/6936 6928/3011/6926 6927/2175/6925
f 6945/3015/6943 6941/1960/6939 6942/3016/6940
f 6945/3015/6943 6944/1962/6942 6943/1963/6941
f 6945/3015/6943 6946/3017/6944 6944/1962/6942
f 6948/3018/6946 6945/3015/6943 6949/1966/6947
f 6949/1966/6947 6945/3015/6943 6950/1972/6948
f 6951/1973/6949 6945/3015/6943 6942/3016/6940
f 6959/3019/6957 6955/3020/6953 6956/3021/6954
f 6959/3019/6957 6957/1962/6955 6955/3020/6953
f 6959/3019/6957 6958/3022/6956 6957/1962/6955
f 6960/3023/6958 6959/3019/6957 6961/1966/6959
f 6962/3024/6960 6959/3019/6957 6956/3021/6954
f 6963/1976/6961 6956/3021/6954 6953/2052/6951
f 6968/1950/6964 6969/3025/6965 6966/3026/6962
f 6970/1953/6966 6969/3025/6965 6972/1954/6968
f 6969/3025/6965 6974/1955/6970 6972/1954/6968
f 6969/3025/6965 6975/1956/6971 6976/3027/6972
f 6982/3028/6978 6979/1960/6975 6978/2114/6974
f 6982/3028/6978 6981/1962/6977 6980/1963/6976
f 6982/3028/6978 6983/3029/6979 6981/1962/6977
f 6985/1966/6981 6982/3028/6978 6986/3030/6982
f 6986/3030/6982 6982/3028/6978 6978/2114/6974
f 6987/1968/6983 6978/2114/6974 6977/3031/6973
f 6994/3032/6990 6993/1962/6989 6992/1963/6988
f 6995/2158/6991 6994/3032/6990 6996/1966/6992
f 6996/1966/6992 6994/3032/6990 6997/3033/6993
f 6997/3033/6993 6994/3032/6990 6991/2656/6987
f 6998/1968/6994 6991/2656/6987 6990/2657/6986
f 6999/1976/6995 6990/2657/6986 6989/2052/6985
f 7001/3034/6997 7003/3035/6999 7000/1980/6996
f 7002/1981/6998 7003/3035/6999 7001/3034/6997
f 7000/1980/6996 7004/3036/7000 7005/1953/7001
f 7005/1953/7001 7004/3036/7000 7007/1954/7003
f 7004/3036/7000 7009/1955/7005 7007/1954/7003
f 7004/3036/7000 7010/1956/7006 7012/3037/7008
f 7012/3037/7008 7011/1958/7007 7009/1955/7005
f 7018/3038/7014 7015/1960/7011 7014/3039/7010
f 7018/3038/7014 7017/1962/7013 7016/1963/7012
f 7018/3038/7014 7019/3040/7015 7017/1962/7013
f 7021/3041/7017 7018/3038/7014 7022/1966/7018
f 7022/1966/7018 7018/3038/7014 7023/3042/7019
f 7023/3042/7019 7018/3038/7014 7014/3039/7010
f 7024/1968/7020 7014/3039/7010 7013/2059/7009
f 7027/3043/7023 7029/3044/7025 7026/1980/7022
f 7028/1981/7024 7029/3044/7025 7027/3043/7023
f 7026/1980/7022 7029/3044/7025 7030/1953/7026
f 7030/1953/7026 7029/3044/7025 7032/1954/7028
f 7029/3044/7025 7034/1955/7030 7032/1954/7028
f 7029/3044/7025 7035/1956/7031 7037/3045/7033
f 7037/3045/7033 7036/1958/7032 7034/1955/7030
f 7043/3046/7039 7040/1960/7036 7039/3047/7035
f 7043/3046/7039 7042/1962/7038 7041/1963/7037
f 7043/3046/7039 7044/3048/7040 7042/1962/7038
f 7046/1966/7042 7043/3046/7039 7047/3049/7043
f 7047/3049/7043 7043/3046/7039 7039/3047/7035
f 7048/1968/7044 7039/3047/7035 7038/1989/7034
f 7055/3050/7051 7051/1960/7047 7052/3051/7048
f 7055/3050/7051 7054/1962/7050 7053/1963/7049
f 7055/3050/7051 7056/1971/7052 7054/1962/7050
f 7058/1966/7054 7055/3050/7051 7059/3052/7055
f 7059/3052/7055 7055/3050/7051 7052/3051/7048
f 4343/1753/4341 4404/1804/4402 4380/1754/4378
f 4381/1756/4379 4346/1807/4344 4343/1753/4341
f 4381/1756/4379 4352/1794/4350 4346/1807/4344
f 4391/1758/4389 4348/1762/4346 4353/1759/4351
f 4392/1761/4390 4349/3053/4347 4348/1762/4346
f 4383/1765/4381 4354/1764/4352 4352/1794/4350
f 4384/1768/4382 4357/1767/4355 4356/1763/4354
f 4386/1766/4384 4361/1770/4359 4357/1767/4355
f 4385/1771/4383 4363/3054/4361 4361/1770/4359
f 4385/1771/4383 4393/1773/4391 4363/3054/4361
f 4393/1773/4391 4366/1799/4364 4363/3054/4361
f 4394/1798/4392 4368/3055/4366 4366/1799/4364
f 4395/1784/4393 4371/1776/4369 4375/1802/4373
f 4388/1774/4386 4402/3056/4400 4373/1775/4371
f 4374/1782/4372 4388/1774/4386 4371/1776/4369
f 4370/1816/4368 4372/1783/4370 4395/1784/4393
f 4364/1785/4362 4370/1816/4368 4395/1784/4393
f 4364/1785/4362 4385/1771/4383 4362/1769/4360
f 4359/1788/4357 4360/1786/4358 4386/1766/4384
f 4355/1789/4353 4358/1787/4356 4383/1765/4381
f 4353/1759/4351 4383/1765/4381 4382/1760/4380
f 4345/1791/4343 4347/1790/4345 4381/1756/4379
f 4344/1792/4342 4345/1791/4343 4389/1757/4387
f 4385/1771/4383 4395/1784/4393 4387/1772/4385
f 4384/1768/4382 4359/1788/4357 4386/1766/4384
f 4381/1756/4379 4382/1760/4380 4352/1794/4350
f 4350/1796/4348 4392/1761/4390 4391/1758/4389
f 4347/1790/4345 4350/1796/4348 4391/1758/4389
f 4367/1797/4365 4369/1815/4367 4394/1798/4392
f 4409/1803/4407 4378/1800/4376 4376/1778/4374
f 4376/1778/4374 4396/1801/4394 4379/1780/4377
f 4407/1806/4405 4343/1753/4341 4346/1807/4344
f 4353/1759/4351 4348/1762/4346 4350/1796/4348
f 4348/1762/4346 4349/3053/4347 4351/1795/4349
f 4398/1808/4396 4346/1807/4344 4352/1794/4350
f 4352/1794/4350 4354/1764/4352 4405/1809/4403
f 4406/1810/4404 4354/1764/4352 4356/1763/4354
f 4406/1810/4404 4356/1763/4354 4357/1767/4355
f 4357/1767/4355 4361/1770/4359 4399/1811/4397
f 4361/1770/4359 4363/3054/4361 4400/1812/4398
f 4400/1812/4398 4393/1773/4391 4387/1772/4385
f 4387/1772/4385 4365/1777/4363 4401/1813/4399
f 4400/1812/4398 4363/3054/4361 4366/1799/4364
f 4366/1799/4364 4368/3055/4366 4369/1815/4367
f 4410/1817/4408 4375/1802/4373 4370/1816/4368
f 4370/1816/4368 4375/1802/4373 4371/1776/4369
f 4373/1775/4371 4402/3056/4400 4374/1782/4372
f 4410/1817/4408 4365/1777/4363 4411/1779/4409
f 4411/1779/4409 4376/1778/4374 4377/1781/4375
f 4370/1816/4368 4373/1775/4371 4372/1783/4370
f 4364/1785/4362 4400/1812/4398 4401/1813/4399
f 4399/1811/4397 4400/1812/4398 4364/1785/4362
f 4360/1786/4358 4399/1811/4397 4362/1769/4360
f 4406/1810/4404 4360/1786/4358 4358/1787/4356
f 4347/1790/4345 4398/1808/4396 4353/1759/4351
f 4407/1806/4405 4398/1808/4396 4345/1791/4343
f 4397/1805/4395 4407/1806/4405 4344/1792/4342
f 4403/1793/4401 4397/1805/4395 4344/1792/4342
f 4398/1808/4396 4405/1809/4403 4355/1789/4353
f 4397/1805/4395 4404/1804/4402 4407/1806/4405
f 4367/1797/4365 4408/1814/4406 4369/1815/4367
f 4393/1773/4391 4400/1812/4398 4408/1814/4406
f 4378/1800/4376 4377/1781/4375 4412/1818/4410
f 4409/1803/4407 4411/1779/4409 4378/1800/4376
f 4375/1802/4373 4410/1817/4408 4409/1803/4407
f 4409/1803/4407 4410/1817/4408 4411/1779/4409
f 4426/1819/4424 4414/1823/4412 4442/1820/4440
f 4427/1822/4425 4416/1825/4414 4414/1823/4412
f 4431/1824/4429 4432/1827/4430 4418/1826/4416
f 4434/1834/4432 4436/1831/4434 4422/1830/4420
f 4428/1829/4426 4440/1833/4438 4422/1830/4420
f 4429/1832/4427 4421/3057/4419 4440/1833/4438
f 4420/1847/4418 4429/1832/4427 4428/1829/4426
f 4420/1847/4418 4428/1829/4426 4436/1831/4434
f 4413/1821/4411 4415/1839/4413 4426/1819/4424
f 4431/1824/4429 4436/1831/4434 4434/1834/4432
f 4433/1849/4431 4419/1828/4417 4432/1827/4430
f 4445/1850/4443 4437/1837/4435 4435/1840/4433
f 4422/1830/4420 4435/1840/4433 4423/1835/4421
f 4430/1841/4428 4442/1820/4440 4414/1823/4412
f 4414/1823/4412 4416/1825/4414 4438/1842/4436
f 4438/1842/4436 4431/1824/4429 4434/1834/4432
f 4438/1842/4436 4416/1825/4414 4418/1826/4416
f 4443/1844/4441 4418/1826/4416 4419/1828/4417
f 4440/1833/4438 4421/3057/4419 4441/1846/4439
f 4440/1833/4438 4441/1846/4439 4420/1847/4418
f 4436/1831/4434 4439/1843/4437 4440/1833/4438
f 4427/1822/4425 4438/1842/4436 4439/1843/4437
f 4415/1839/4413 4438/1842/4436 4427/1822/4425
f 4443/1844/4441 4444/1848/4442 4433/1849/4431
f 4431/1824/4429 4438/1842/4436 4443/1844/4441
f 4422/1830/4420 4417/1836/4415 4424/1845/4422
f 4435/1840/4433 4424/1845/4422 4425/1838/4423
f 4449/1857/4447 4452/1851/4450 4450/1853/4448
f 4455/1856/4453 4452/1851/4450 4449/1857/4447
f 4457/1859/4455 4456/1858/4454 4449/1857/4447
f 4458/1861/4456 4457/1859/4455 4448/1860/4446
f 4459/1863/4457 4458/1861/4456 4447/1862/4445
f 4462/1869/4460 4461/1867/4459 4460/2528/4458
f 4464/1865/4462 4467/1868/4465 4465/1853/4463
f 4470/1856/4468 4467/1868/4465 4464/1865/4462
f 4472/1859/4470 4471/1858/4469 4464/1865/4462
f 4473/1861/4471 4472/1859/4470 4461/1867/4459
f 4474/1863/4472 4473/1861/4471 4462/1869/4460
f 4477/1872/4475 4476/1871/4474 4475/3058/4473
f 4479/1870/4477 4478/1874/4476 4476/1871/4474
f 4479/1870/4477 4481/3059/4479 4480/1873/4478
f 4483/1876/4481 4479/1870/4477 4477/1872/4475
f 4485/3060/4483 4477/1872/4475 4475/3058/4473
f 4492/1878/4490 4487/1884/4485 4486/1882/4484
f 4492/1878/4490 4488/1866/4486 4487/1884/4485
f 4492/1878/4490 4489/2153/4487 4488/1866/4486
f 4492/1878/4490 4490/1853/4488 4489/2153/4487
f 4492/1878/4490 4494/1880/4492 4493/1879/4491
f 4498/1861/4496 4497/1859/4495 4492/1878/4490
f 4499/1863/4497 4498/1861/4496 4492/1878/4490
f 4506/1883/4504 4502/1866/4500 4501/1884/4499
f 4506/1883/4504 4503/2153/4501 4502/1866/4500
f 4506/1883/4504 4504/1853/4502 4503/2153/4501
f 4506/1883/4504 4508/1886/4506 4507/1879/4505
f 4511/1861/4509 4510/1859/4508 4506/1883/4504
f 4512/1863/4510 4511/1861/4509 4500/1885/4498
f 4516/1857/4514 4519/1888/4517 4517/1853/4515
f 4522/1856/4520 4519/1888/4517 4516/1857/4514
f 4524/1859/4522 4523/1858/4521 4516/1857/4514
f 4525/1861/4523 4524/1859/4522 4515/1860/4513
f 4526/1863/4524 4525/1861/4523 4514/1862/4512
f 4529/1890/4527 4528/1867/4526 4527/2528/4525
f 4531/1857/4529 4534/1868/4532 4532/1853/4530
f 4537/1856/4535 4534/1868/4532 4531/1857/4529
f 4539/1859/4537 4538/1858/4536 4531/1857/4529
f 4540/1861/4538 4539/1859/4537 4528/1867/4526
f 4541/3061/4539 4543/1891/4541 4552/1893/4550
f 4543/1891/4541 4545/3062/4543 4553/1892/4551
f 4545/3062/4543 4547/3063/4545 4553/1892/4551
f 4553/1892/4551 4547/3063/4545 4549/1894/4547
f 4553/1892/4551 4551/1895/4549 4548/1897/4546
f 4542/1900/4540 4552/1893/4550 4553/1892/4551
f 4558/1901/4556 4557/1905/4555 4556/1902/4554
f 4558/1901/4556 4560/3064/4558 4559/1904/4557
f 4561/1906/4559 4558/1901/4556 4555/1903/4553
f 4564/1909/4562 4563/1908/4561 4555/1903/4553
f 4565/3065/4563 4564/1909/4562 4554/1910/4552
f 4571/1911/4569 4567/1912/4565 4566/1914/4564
f 4570/1937/4568 4569/1913/4567 4571/1911/4569
f 4574/1859/4572 4573/1858/4571 4571/1911/4569
f 4575/1861/4573 4574/1859/4572 4566/1914/4564
f 4576/3066/4574 4575/1861/4573 4566/1914/4564
f 4582/1915/4580 4579/3067/4577 4578/1923/4576
f 4582/1915/4580 4580/1917/4578 4579/3067/4577
f 4582/1915/4580 4584/3068/4582 4583/1918/4581
f 4585/1919/4583 4584/3068/4582 4582/1915/4580
f 4588/1929/4586 4587/1921/4585 4582/1915/4580
f 4589/1922/4587 4588/1929/4586 4582/1915/4580
f 4590/1924/4588 4589/1922/4587 4578/1923/4576
f 4595/1928/4593 4593/3067/4591 4592/1931/4590
f 4595/1928/4593 4594/1927/4592 4593/3067/4591
f 4595/1928/4593 4597/1926/4595 4594/1927/4592
f 4599/1920/4597 4597/1926/4595 4595/1928/4593
f 4602/1930/4600 4601/1929/4599 4595/1928/4593
f 4603/1924/4601 4602/1930/4600 4592/1931/4590
f 4606/1935/4604 4605/1934/4603 4604/2528/4602
f 4611/1937/4609 4610/1936/4608 4609/1933/4607
f 4615/1859/4613 4614/1858/4612 4609/1933/4607
f 4616/1861/4614 4615/1859/4613 4609/1933/4607
f 4622/1938/4620 4624/1944/4622 4623/1943/4621
f 4627/2478/4625 4626/1946/4624 4622/1938/4620
f 4628/1947/4626 4627/2478/4625 4622/1938/4620
f 4629/2479/4627 4628/1947/4626 4618/1940/4616
f 4630/1948/4628 4629/2479/4627 4618/1940/4616
f 4632/1981/4630 4633/1950/4631 4631/1952/4629
f 4633/1950/4631 4636/2225/4634 4634/1951/4632
f 4636/2225/4634 4638/3069/4636 4634/1951/4632
f 4634/1951/4632 4642/1957/4640 4639/1955/4637
f 4634/1951/4632 4638/3069/4636 4640/1956/4638
f 4648/1959/4646 4646/1963/4644 4645/1960/4643
f 4648/1959/4646 4650/3070/4648 4649/1964/4647
f 4651/1965/4649 4650/3070/4648 4648/1959/4646
f 4654/1968/4652 4653/1967/4651 4644/1961/4642
f 4655/1976/4653 4654/1968/4652 4643/1969/4641
f 4661/1970/4659 4659/1963/4657 4658/1974/4656
f 4661/1970/4659 4663/3070/4661 4662/1971/4660
f 4666/1973/4664 4665/1972/4663 4661/1970/4659
f 4667/1968/4665 4666/1973/4664 4658/1974/4656
f 4668/1976/4666 4667/1968/4665 4657/1975/4655
f 4669/1980/4667 4672/1979/4670 4673/1982/4671
f 4672/1979/4670 4675/2225/4673 4673/1982/4671
f 4675/2225/4673 4677/3069/4675 4673/1982/4671
f 4673/1982/4671 4681/1983/4679 4678/1955/4676
f 4673/1982/4671 4677/3069/4675 4679/1956/4677
f 4687/1984/4685 4685/1963/4683 4684/1960/4682
f 4687/1984/4685 4689/3071/4687 4688/1986/4686
f 4690/1987/4688 4689/3071/4687 4687/1984/4685
f 4693/1968/4691 4692/1988/4690 4683/1985/4681
f 4694/1976/4692 4693/1968/4691 4682/1989/4680
f 4696/1981/4694 4698/1950/4696 4697/1990/4695
f 4698/1950/4696 4700/2225/4698 4697/1990/4695
f 4700/2225/4698 4702/3069/4700 4697/1990/4695
f 4697/1990/4695 4706/1992/4704 4703/1955/4701
f 4697/1990/4695 4702/3069/4700 4704/1956/4702
f 4712/1993/4710 4710/1963/4708 4709/1960/4707
f 4712/1993/4710 4714/3072/4712 4713/1995/4711
f 4717/1968/4715 4716/1996/4714 4708/1994/4706
f 4718/1976/4716 4717/1968/4715 4707/1997/4705
f 4720/1998/4718 4725/1999/4723 4723/1962/4721
f 4727/1966/4725 4725/1999/4723 4720/1998/4718
f 4729/1973/4727 4728/1972/4726 4720/1998/4718
f 4730/1968/4728 4729/1973/4727 4720/1998/4718
f 4731/1976/4729 4730/1968/4728 4719/2002/4717
f 4737/2225/4735 4739/3069/4737 4735/2004/4733
f 4735/2004/4733 4743/2005/4741 4740/1955/4738
f 4735/2004/4733 4739/3069/4737 4741/1956/4739
f 4748/2006/4746 4746/2007/4744 4744/2008/4742
f 4748/2006/4746 4750/3059/4748 4749/1873/4747
f 4752/1876/4750 4748/2006/4746 4744/2008/4742
f 4754/2009/4752 4753/1877/4751 4744/2008/4742
f 4755/3060/4753 4754/2009/4752 4745/2010/4743
f 4761/2011/4759 4759/1963/4757 4758/1960/4756
f 4761/2011/4759 4763/3072/4761 4762/2013/4760
f 4764/2014/4762 4763/3072/4761 4761/2011/4759
f 4767/1968/4765 4766/1996/4764 4757/2012/4755
f 4768/1976/4766 4767/1968/4765 4756/1997/4754
f 4771/2016/4769 4769/2133/4767 4781/3073/4779
f 4771/2016/4769 4770/1960/4768 4769/2133/4767
f 4774/2015/4772 4772/1963/4770 4770/1960/4768
f 4774/2015/4772 4776/3074/4774 4775/2017/4773
f 4777/2018/4775 4776/3074/4774 4774/2015/4772
f 4780/1973/4778 4779/1972/4777 4774/2015/4772
f 4787/2225/4785 4789/3069/4787 4785/2019/4783
f 4785/2019/4783 4793/2020/4791 4790/1955/4788
f 4785/2019/4783 4789/3069/4787 4791/1956/4789
f 4799/2021/4797 4796/2030/4794 4820/2022/4818
f 4799/2021/4797 4803/2025/4801 4801/3075/4799
f 4799/2021/4797 4808/2026/4806 4806/2024/4804
f 4818/2028/4816 4811/3076/4809 4810/2029/4808
f 4818/2028/4816 4812/2032/4810 4811/3076/4809
f 4818/2028/4816 4816/2034/4814 4814/2031/4812
f 4813/2033/4811 4815/2931/4813 4816/2034/4814
f 4809/2035/4807 4813/2033/4811 4818/2028/4816
f 4809/2035/4807 4796/2030/4794 4799/2021/4797
f 4798/2044/4796 4799/2021/4797 4821/2023/4819
f 4794/2036/4792 4797/2045/4795 4795/2037/4793
f 4802/2042/4800 4804/2041/4802 4808/2026/4806
f 4800/2043/4798 4802/2042/4800 4799/2021/4797
f 4821/2023/4819 4820/2022/4818 4795/2037/4793
f 4825/2048/4823 4823/2133/4821 4822/2052/4820
f 4825/2048/4823 4824/2047/4822 4823/2133/4821
f 4831/2051/4829 4830/1966/4828 4828/2046/4826
f 4834/1981/4832 4836/1950/4834 4835/2053/4833
f 4836/1950/4834 4839/3077/4837 4835/2053/4833
f 4835/2053/4833 4843/1992/4841 4840/1955/4838
f 4835/2053/4833 4839/3077/4837 4841/1956/4839
f 4849/2055/4847 4847/1963/4845 4846/1960/4844
f 4853/1968/4851 4852/2058/4850 4845/2056/4843
f 4854/1976/4852 4853/1968/4851 4844/2059/4842
f 4860/2060/4858 4858/1963/4856 4857/1960/4855
f 4864/1968/4862 4863/1967/4861 4856/2061/4854
f 4865/1976/4863 4864/1968/4862 4855/1997/4853
f 4869/2065/4867 4867/2133/4865 4866/2069/4864
f 4869/2065/4867 4868/2064/4866 4867/2133/4865
f 4875/2068/4873 4874/1966/4872 4872/2063/4870
f 4883/2070/4881 4879/2074/4877 4877/2071/4875
f 4884/2073/4882 4880/2077/4878 4879/2074/4877
f 4881/2078/4879 4884/2073/4882 4883/2070/4881
f 4878/2075/4876 4885/2076/4883 4883/2070/4881
f 4878/2075/4876 4877/2071/4875 4879/2074/4877
f 4885/2076/4883 4880/2077/4878 4881/2078/4879
f 4887/1981/4885 4888/1950/4886 4886/2080/4884
f 4888/1950/4886 4891/2225/4889 4889/2079/4887
f 4891/2225/4889 4893/3069/4891 4889/2079/4887
f 4889/2079/4887 4897/2081/4895 4894/1955/4892
f 4889/2079/4887 4893/3069/4891 4895/1956/4893
f 4903/2082/4901 4901/1963/4899 4900/1960/4898
f 4903/2082/4901 4905/3078/4903 4904/2084/4902
f 4908/1968/4906 4907/2085/4905 4899/2083/4897
f 4909/1976/4907 4908/1968/4906 4898/1969/4896
f 4915/2086/4913 4913/1963/4911 4912/2089/4910
f 4919/1968/4917 4918/2088/4916 4912/2089/4910
f 4920/1976/4918 4919/1968/4917 4911/2090/4909
f 4921/1980/4919 4924/2093/4922 4926/2094/4924
f 4926/2094/4924 4932/2095/4930 4929/1955/4927
f 4926/2094/4924 4928/3069/4926 4930/1956/4928
f 4938/2096/4936 4936/1963/4934 4935/1960/4933
f 4938/2096/4936 4940/3072/4938 4939/2098/4937
f 4941/2099/4939 4940/3072/4938 4938/2096/4936
f 4944/1968/4942 4943/2100/4941 4934/2097/4932
f 4945/1976/4943 4944/1968/4942 4933/1989/4931
f 4947/2107/4945 4950/2101/4948 4949/2103/4947
f 4946/2102/4944 4950/2101/4948 4953/2108/4951
f 4949/2103/4947 4952/2109/4950 4953/2108/4951
f 4953/2108/4951 4954/2105/4952 4948/2106/4946
f 4960/2225/4958 4962/3069/4960 4958/2111/4956
f 4958/2111/4956 4966/2112/4964 4963/1955/4961
f 4958/2111/4956 4962/3069/4960 4964/1956/4962
f 4972/2113/4970 4970/1963/4968 4969/1960/4967
f 4972/2113/4970 4974/3079/4972 4973/2115/4971
f 4977/1968/4975 4976/2116/4974 4968/2114/4966
f 4978/1976/4976 4977/1968/4975 4967/1989/4965
f 4981/2121/4979 4980/2117/4978 4979/2130/4977
f 4980/2117/4978 4986/2118/4984 4984/1962/4982
f 4988/1966/4986 4986/2118/4984 4980/2117/4978
f 4990/1973/4988 4989/1972/4987 4980/2117/4978
f 4991/1968/4989 4990/1973/4988 4980/2117/4978
f 4996/2122/4994 4998/3080/4996 4997/2125/4995
f 4999/1966/4997 4996/2122/4994 4994/2124/4992
f 5001/2126/4999 5000/1972/4998 4994/2124/4992
f 5002/1976/5000 5001/2126/4999 4993/2127/4991
f 5015/2129/5013 5004/2133/5002 5003/2130/5001
f 5007/2132/5005 5005/1960/5003 5004/2133/5002
f 5007/2132/5005 5010/2134/5008 5008/1962/5006
f 5012/1966/5010 5010/2134/5008 5007/2132/5005
f 5014/1973/5012 5013/1972/5011 5007/2132/5005
f 5015/2129/5013 5014/1973/5012 5007/2132/5005
f 5022/2137/5020 5020/1963/5018 5019/1960/5017
f 5022/2137/5020 5024/3081/5022 5023/2138/5021
f 5027/1968/5025 5026/2100/5024 5018/2114/5016
f 5028/1976/5026 5027/1968/5025 5017/2139/5015
f 5037/2140/5035 5031/2141/5029 5030/2145/5028
f 5037/2140/5035 5035/2142/5033 5032/1962/5030
f 5035/2142/5033 5034/3082/5032 5033/2143/5031
f 5036/1966/5034 5035/2142/5033 5037/2140/5035
f 5045/2147/5043 5040/1884/5038 5039/2150/5037
f 5045/2147/5043 5041/1866/5039 5040/1884/5038
f 5045/2147/5043 5042/2153/5040 5041/1866/5039
f 5045/2147/5043 5043/1853/5041 5042/2153/5040
f 5045/2147/5043 5047/2148/5045 5046/1879/5044
f 5051/1861/5049 5050/1859/5048 5045/2147/5043
f 5052/1863/5050 5051/1861/5049 5045/2147/5043
f 5055/2152/5053 5054/1884/5052 5053/2528/5051
f 5060/2151/5058 5056/1866/5054 5054/1884/5052
f 5060/2151/5058 5057/2153/5055 5056/1866/5054
f 5062/1937/5060 5061/2154/5059 5060/2151/5058
f 5065/1861/5063 5064/2156/5062 5060/2151/5058
f 5071/2157/5069 5069/1963/5067 5068/2160/5066
f 5075/1968/5073 5074/2159/5072 5068/2160/5066
f 5076/1976/5074 5075/1968/5073 5067/2161/5065
f 5077/1980/5075 5080/2164/5078 5082/2094/5080
f 5082/2094/5080 5088/2095/5086 5085/1955/5083
f 5082/2094/5080 5084/3069/5082 5086/1956/5084
f 5092/1865/5090 5095/2165/5093 5093/1853/5091
f 5098/1856/5096 5095/2165/5093 5092/1865/5090
f 5100/1859/5098 5099/1858/5097 5092/1865/5090
f 5101/1861/5099 5100/1859/5098 5091/2166/5089
f 5102/1863/5100 5101/1861/5099 5090/1862/5088
f 5105/1890/5103 5104/2170/5102 5103/2528/5101
f 5106/2169/5104 5109/1888/5107 5107/1853/5105
f 5112/1856/5110 5109/1888/5107 5106/2169/5104
f 5114/1859/5112 5113/1858/5111 5106/2169/5104
f 5115/1861/5113 5114/1859/5112 5104/2170/5102
f 5121/2171/5119 5119/1963/5117 5118/1960/5116
f 5125/1968/5123 5124/2174/5122 5117/2172/5115
f 5126/1976/5124 5125/1968/5123 5116/2175/5114
f 5132/2176/5130 5130/1963/5128 5129/1960/5127
f 5136/1968/5134 5135/2179/5133 5128/2177/5126
f 5137/1976/5135 5136/1968/5134 5127/2180/5125
f 5139/1981/5137 5141/1950/5139 5140/2181/5138
f 5141/1950/5139 5144/3083/5142 5140/2181/5138
f 5140/2181/5138 5148/2183/5146 5145/1955/5143
f 5140/2181/5138 5144/3083/5142 5146/1956/5144
f 5152/2186/5150 5150/2133/5148 5149/2190/5147
f 5152/2186/5150 5151/2185/5149 5150/2133/5148
f 5158/2189/5156 5157/1966/5155 5155/2184/5153
f 5164/2191/5162 5165/2194/5163 5162/2192/5160
f 5165/2194/5163 5166/2198/5164 5163/2195/5161
f 5167/2196/5165 5162/2192/5160 5163/2195/5161
f 5165/2194/5163 5167/2196/5165 5168/2197/5166
f 5161/3084/5159 5160/2193/5158 5167/2196/5165
f 5161/3084/5159 5167/2196/5165 5164/2191/5162
f 5174/2199/5172 5172/1963/5170 5171/1960/5169
f 5178/1968/5176 5177/2085/5175 5170/2200/5168
f 5179/1976/5177 5178/1968/5176 5169/1997/5167
f 5185/2202/5183 5183/1963/5181 5182/1960/5180
f 5189/1968/5187 5188/2174/5186 5181/2203/5179
f 5190/1976/5188 5189/1968/5187 5180/2204/5178
f 5192/1981/5190 5194/1950/5192 5193/2205/5191
f 5194/1950/5192 5197/3085/5195 5193/2205/5191
f 5193/2205/5191 5201/2207/5199 5198/1955/5196
f 5193/2205/5191 5197/3085/5195 5199/1956/5197
f 5207/2208/5205 5205/1963/5203 5204/1960/5202
f 5209/2211/5207 5208/2210/5206 5207/2208/5205
f 5211/2212/5209 5210/1966/5208 5207/2208/5205
f 5212/1968/5210 5211/2212/5209 5203/2209/5201
f 5219/2214/5217 5215/2218/5213 5213/2215/5211
f 5220/2217/5218 5216/2220/5214 5215/2218/5213
f 5217/2221/5215 5220/2217/5218 5219/2214/5217
f 5214/2075/5212 5221/2219/5219 5219/2214/5217
f 5214/2075/5212 5213/2215/5211 5215/2218/5213
f 5221/2219/5219 5216/2220/5214 5217/2221/5215
f 5223/1981/5221 5225/1950/5223 5224/2222/5222
f 5224/2222/5222 5225/1950/5223 5228/2225/5226
f 5228/2225/5226 5230/3069/5228 5226/2224/5224
f 5226/2224/5224 5234/2226/5232 5231/1955/5229
f 5226/2224/5224 5230/3069/5228 5232/1956/5230
f 5236/1981/5234 5238/1950/5236 5237/2227/5235
f 5238/1950/5236 5240/2225/5238 5237/2227/5235
f 5240/2225/5238 5242/3069/5240 5237/2227/5235
f 5237/2227/5235 5246/2229/5244 5243/1955/5241
f 5237/2227/5235 5242/3069/5240 5244/1956/5242
f 5250/2230/5248 5249/1963/5247 5248/2234/5246
f 5250/2230/5248 5252/2232/5250 5251/1962/5249
f 5255/1973/5253 5254/2233/5252 5250/2230/5248
f 5256/1968/5254 5255/1973/5253 5248/2234/5246
f 5257/1976/5255 5256/1968/5254 5248/2234/5246
f 5263/2235/5261 5261/1963/5259 5260/1960/5258
f 5267/1968/5265 5266/2238/5264 5259/2236/5257
f 5268/1976/5266 5267/1968/5265 5258/1997/5256
f 5274/2239/5272 5272/1963/5270 5271/1960/5269
f 5278/1968/5276 5277/2241/5275 5270/2240/5268
f 5279/1976/5277 5278/1968/5276 5269/2175/5267
f 5281/1981/5279 5283/1950/5281 5282/2242/5280
f 5283/1950/5281 5287/2244/5285 5282/2242/5280
f 5284/1953/5282 5282/2242/5280 5285/2243/5283
f 5285/2243/5283 5287/2244/5285 5289/1956/5287
f 5285/2243/5283 5290/3086/5288 5291/1958/5289
f 5285/2243/5283 5289/1956/5287 5290/3086/5288
f 5295/2247/5293 5293/2133/5291 5292/2250/5290
f 5295/2247/5293 5294/2246/5292 5293/2133/5291
f 5301/2249/5299 5300/1966/5298 5298/2245/5296
f 5309/2251/5307 5305/2254/5303 5303/2215/5301
f 5310/2253/5308 5306/2256/5304 5305/2254/5303
f 5307/2257/5305 5310/2253/5308 5309/2251/5307
f 5304/2075/5302 5311/2255/5309 5309/2251/5307
f 5304/2075/5302 5303/2215/5301 5305/2254/5303
f 5311/2255/5309 5306/2256/5304 5307/2257/5305
f 5333/2263/5331 5317/2262/5315 5321/2270/5319
f 5334/2261/5332 5318/3087/5316 5317/2262/5315
f 5331/2266/5329 5322/2281/5320 5320/2274/5318
f 5331/2266/5329 5324/2265/5322 5322/2281/5320
f 5329/2267/5327 5327/2284/5325 5324/2265/5322
f 5321/2270/5319 5323/2286/5321 5331/2266/5329
f 5315/2269/5313 5316/2276/5314 5321/2270/5319
f 5315/2269/5313 5328/2259/5326 5330/2258/5328
f 5313/2271/5311 5330/2258/5328 5332/2272/5330
f 5323/2286/5321 5325/2264/5323 5331/2266/5329
f 5321/2270/5319 5331/2266/5329 5320/2274/5318
f 5319/2288/5317 5334/2261/5332 5333/2263/5331
f 5316/2276/5314 5319/2288/5317 5333/2263/5331
f 5314/2277/5312 5340/2260/5338 5312/2275/5310
f 5340/2260/5338 5328/2259/5326 5335/2278/5333
f 5335/2278/5333 5328/2259/5326 5320/2274/5318
f 5317/2262/5315 5318/3087/5316 5342/2287/5340
f 5337/2280/5335 5320/2274/5318 5322/2281/5320
f 5338/2282/5336 5322/2281/5320 5324/2265/5322
f 5326/2268/5324 5324/2265/5322 5327/2284/5325
f 5326/2268/5324 5497/2285/5495 5329/2267/5327
f 5338/2282/5336 5339/2283/5337 5323/2286/5321
f 5337/2280/5335 5338/2282/5336 5323/2286/5321
f 5336/2279/5334 5337/2280/5335 5321/2270/5319
f 5315/2269/5313 5335/2278/5333 5336/2279/5334
f 5313/2271/5311 5312/2275/5310 5335/2278/5333
f 5332/2272/5330 5330/2258/5328 5340/2260/5338
f 5317/2262/5315 5342/2287/5340 5319/2288/5317
f 5316/2276/5314 5336/2279/5334 5317/2262/5315
f 5348/2291/5346 5345/2290/5343 5343/2293/5341
f 5349/2289/5347 5346/3088/5344 5345/2290/5343
f 5347/2296/5345 5349/2289/5347 5348/2291/5346
f 5350/2294/5348 5343/2293/5341 5345/2290/5343
f 5351/2295/5349 5345/2290/5343 5346/3088/5344
f 5351/2295/5349 5346/3088/5344 5347/2296/5345
f 5350/2294/5348 5351/2295/5349 5348/2291/5346
f 5359/2299/5357 5354/2298/5352 5353/2304/5351
f 5360/2297/5358 5355/2306/5353 5354/2298/5352
f 5356/2301/5354 5360/2297/5358 5359/2299/5357
f 5356/2301/5354 5359/2299/5357 5353/2304/5351
f 5356/2301/5354 5353/2304/5351 5358/2302/5356
f 5354/2298/5352 5355/2306/5353 5356/2301/5354
f 5361/2305/5359 5354/2298/5352 5356/2301/5354
f 5390/2320/5388 5368/2327/5366 5365/2330/5363
f 5367/2322/5365 5391/2321/5389 5388/2329/5386
f 5385/2309/5383 5383/2308/5381 5384/2331/5382
f 5374/2328/5372 5367/2322/5365 5366/2326/5364
f 5394/2310/5392 5392/2313/5390 5370/2311/5368
f 5369/2314/5367 5391/2321/5389 5390/2320/5388
f 5364/2315/5362 5372/2319/5370 5382/2316/5380
f 5363/2318/5361 5365/2330/5363 5382/2316/5380
f 5382/2316/5380 5381/3089/5379 5362/2323/5360
f 5365/2330/5363 5385/2309/5383 5378/2335/5376
f 5370/2311/5368 5369/2314/5367 5390/2320/5388
f 5393/2312/5391 5370/2311/5368 5379/2324/5377
f 5368/2327/5366 5374/2328/5372 5391/2321/5389
f 5368/2327/5366 5391/2321/5389 5375/2333/5373
f 5362/2323/5360 5371/2336/5369 5372/2319/5370
f 5367/2322/5365 5388/2329/5386 5387/2325/5385
f 5368/2327/5366 5390/2320/5388 5367/2322/5365
f 5366/2326/5364 5373/3090/5371 5374/2328/5372
f 5365/2330/5363 5364/2315/5362 5386/2307/5384
f 5384/2331/5382 5376/2337/5374 5377/2332/5375
f 5378/2335/5376 5385/2309/5383 5377/2332/5375
f 5365/2330/5363 5378/2335/5376 5375/2333/5373
f 5390/2320/5388 5375/2333/5373 5392/2313/5390
f 5379/2324/5377 5390/2320/5388 5392/2313/5390
f 5389/2317/5387 5382/2316/5380 5365/2330/5363
f 5377/2332/5375 5386/2307/5384 5364/2315/5362
f 5388/2329/5386 5374/2328/5372 5387/2325/5385
f 5375/2333/5373 5378/2335/5376 5389/2317/5387
f 5371/2336/5369 5381/3089/5379 5382/2316/5380
f 5374/2328/5372 5373/3090/5371 5387/2325/5385
f 5378/2335/5376 5364/2315/5362 5389/2317/5387
f 5380/2334/5378 5392/2313/5390 5394/2310/5392
f 5376/2337/5374 5383/2308/5381 5386/2307/5384
f 5380/2334/5378 5379/2324/5377 5392/2313/5390
f 5392/2313/5390 5375/2333/5373 5391/2321/5389
f 5407/2338/5405 5396/2342/5394 5423/2339/5421
f 5408/2341/5406 5398/2344/5396 5396/2342/5394
f 5412/2343/5410 5413/2347/5411 5400/2345/5398
f 5414/2346/5412 5401/3091/5399 5400/2345/5398
f 5415/2351/5413 5417/2350/5415 5404/2349/5402
f 5410/2364/5408 5403/3092/5401 5409/2348/5407
f 5402/2365/5400 5410/2364/5408 5409/2348/5407
f 5402/2365/5400 5409/2348/5407 5417/2350/5415
f 5395/2340/5393 5397/2356/5395 5407/2338/5405
f 5412/2343/5410 5417/2350/5415 5415/2351/5413
f 5404/2349/5402 5416/2357/5414 5405/2352/5403
f 5411/2358/5409 5423/2339/5421 5396/2342/5394
f 5396/2342/5394 5398/2344/5396 5419/2359/5417
f 5419/2359/5417 5412/2343/5410 5415/2351/5413
f 5419/2359/5417 5398/2344/5396 5400/2345/5398
f 5400/2345/5398 5401/3091/5399 5425/2366/5423
f 5404/2349/5402 5409/2348/5407 5421/2362/5419
f 5409/2348/5407 5403/3092/5401 5422/1846/5420
f 5421/2362/5419 5422/1846/5420 5402/2365/5400
f 5417/2350/5415 5420/2360/5418 5421/2362/5419
f 5408/2341/5406 5419/2359/5417 5420/2360/5418
f 5397/2356/5395 5419/2359/5417 5408/2341/5406
f 5424/2361/5422 5425/2366/5423 5414/2346/5412
f 5412/2343/5410 5419/2359/5417 5424/2361/5422
f 5427/2363/5425 5426/2367/5424 5418/2354/5416
f 5404/2349/5402 5399/2353/5397 5427/2363/5425
f 5435/2375/5433 5433/2388/5431 5431/2391/5429
f 5456/2384/5454 5435/2375/5433 5431/2391/5429
f 5432/2382/5430 5441/2381/5439 5454/2390/5452
f 5450/2370/5448 5434/2369/5432 5449/2393/5447
f 5440/2389/5438 5432/2382/5430 5452/2387/5450
f 5460/2371/5458 5458/2374/5456 5436/2372/5434
f 5430/2376/5428 5438/2380/5436 5448/2377/5446
f 5435/2375/5433 5457/2398/5455 5441/2381/5439
f 5429/2379/5427 5431/2391/5429 5448/2377/5446
f 5448/2377/5446 5447/3093/5445 5428/2383/5426
f 5431/2391/5429 5450/2370/5448 5444/2395/5442
f 5436/2372/5434 5435/2375/5433 5456/2384/5454
f 5433/2388/5431 5440/2389/5438 5441/2381/5439
f 5428/2383/5426 5437/2396/5435 5438/2380/5436
f 5432/2382/5430 5454/2390/5452 5453/2386/5451
f 5433/2388/5431 5435/2375/5433 5432/2382/5430
f 5452/2387/5450 5439/3094/5437 5440/2389/5438
f 5431/2391/5429 5430/2376/5428 5451/2368/5449
f 5449/2393/5447 5442/2397/5440 5443/2394/5441
f 5444/2395/5442 5450/2370/5448 5443/2394/5441
f 5431/2391/5429 5444/2395/5442 5441/2381/5439
f 5456/2384/5454 5441/2381/5439 5457/2398/5455
f 5456/2384/5454 5457/2398/5455 5445/2385/5443
f 5455/2378/5453 5448/2377/5446 5431/2391/5429
f 5443/2394/5441 5451/2368/5449 5430/2376/5428
f 5454/2390/5452 5440/2389/5438 5453/2386/5451
f 5441/2381/5439 5444/2395/5442 5455/2378/5453
f 5437/2396/5435 5447/3093/5445 5448/2377/5446
f 5440/2389/5438 5439/3094/5437 5453/2386/5451
f 5444/2395/5442 5430/2376/5428 5455/2378/5453
f 5446/2392/5444 5458/2374/5456 5460/2371/5458
f 5442/2397/5440 5434/2369/5432 5451/2368/5449
f 5457/2398/5455 5435/2375/5433 5458/2374/5456
f 5482/2402/5480 5464/2424/5462 5462/2400/5460
f 5482/2402/5480 5483/2406/5481 5467/2403/5465
f 5487/2405/5485 5468/2413/5466 5467/2403/5465
f 5485/2422/5483 5472/3095/5470 5470/2423/5468
f 5475/2407/5473 5474/2411/5472 5477/2408/5475
f 5484/2409/5482 5493/3096/5491 5492/2410/5490
f 5487/2405/5485 5488/2414/5486 5495/2412/5493
f 5476/2417/5474 5484/2409/5482 5474/2411/5472
f 5491/2418/5489 5487/2405/5485 5483/2406/5481
f 5465/2420/5463 5466/2419/5464 5483/2406/5481
f 5465/2420/5463 5482/2402/5480 5481/2399/5479
f 5461/2401/5459 5463/2421/5461 5481/2399/5479
f 5471/1797/5469 5473/2430/5471 5485/2422/5483
f 5469/2404/5467 5471/1797/5469 5464/2424/5462
f 5469/2404/5467 5464/2424/5462 5482/2402/5480
f 5488/2414/5486 5486/2426/5484 5479/2416/5477
f 5462/2400/5460 5464/2424/5462 5490/2428/5488
f 5490/2428/5488 5469/2404/5467 5467/2403/5465
f 5467/2403/5465 5468/2413/5466 5491/2418/5489
f 5494/2429/5492 5464/2424/5462 5470/2423/5468
f 5470/2423/5468 5472/3095/5470 5473/2430/5471
f 5468/2413/5466 5477/2408/5475 5491/2418/5489
f 5491/2418/5489 5477/2408/5475 5474/2411/5472
f 5491/2418/5489 5474/2411/5472 5492/2410/5490
f 5492/2410/5490 5493/3096/5491 5476/2417/5474
f 5491/2418/5489 5492/2410/5490 5475/2407/5473
f 5465/2420/5463 5490/2428/5488 5466/2419/5464
f 5463/2421/5461 5490/2428/5488 5465/2420/5463
f 5471/1797/5469 5494/2429/5492 5473/2430/5471
f 5469/2404/5467 5490/2428/5488 5494/2429/5492
f 5480/2425/5478 5478/2415/5476 5496/2431/5494
f 5480/2425/5478 5468/2413/5466 5495/2412/5493
f 5502/2225/5500 5504/3069/5502 5501/2433/5499
f 5501/2433/5499 5508/2435/5506 5505/1955/5503
f 5501/2433/5499 5504/3069/5502 5506/1956/5504
f 5513/2225/5511 5515/3069/5513 5512/2437/5510
f 5512/2437/5510 5519/2439/5517 5516/1955/5514
f 5512/2437/5510 5515/3069/5513 5517/1956/5515
f 5528/2440/5526 5523/1963/5521 5522/1960/5520
f 5528/2440/5526 5526/3097/5524 5525/2442/5523
f 5527/3013/5525 5526/3097/5524 5528/2440/5526
f 5530/1968/5528 5529/2443/5527 5521/2441/5519
f 5530/1968/5528 5521/2441/5519 5520/2444/5518
f 5540/2445/5538 5535/1963/5533 5534/1960/5532
f 5540/2445/5538 5538/3074/5536 5537/2447/5535
f 5539/3098/5537 5538/3074/5536 5540/2445/5538
f 5542/1968/5540 5541/2448/5539 5533/2446/5531
f 5542/1968/5540 5533/2446/5531 5532/2449/5530
f 5548/2450/5546 5546/2007/5544 5544/2452/5542
f 5548/2450/5546 5549/3059/5547 5547/2451/5545
f 5551/1876/5549 5548/2450/5546 5544/2452/5542
f 5553/2009/5551 5552/1877/5550 5544/2452/5542
f 5554/3060/5552 5553/2009/5551 5545/2010/5543
f 5559/2453/5557 5557/2007/5555 5555/2454/5553
f 5559/2453/5557 5560/3059/5558 5558/2451/5556
f 5562/1876/5560 5559/2453/5557 5555/2454/5553
f 5564/2009/5562 5563/1877/5561 5555/2454/5553
f 5565/3060/5563 5564/2009/5562 5556/2455/5554
f 5576/2458/5574 5567/2457/5565 5566/2460/5564
f 5576/2458/5574 5575/1859/5573 5570/2456/5568
f 5588/2463/5586 5579/2462/5577 5578/2465/5576
f 5588/2463/5586 5587/1859/5585 5582/2461/5580
f 5595/2225/5593 5597/3069/5595 5593/2467/5591
f 5593/2467/5591 5601/2468/5599 5598/1955/5596
f 5593/2467/5591 5597/3069/5595 5599/1956/5597
f 5607/2225/5605 5609/3069/5607 5605/2470/5603
f 5605/2470/5603 5613/2471/5611 5610/1955/5608
f 5605/2470/5603 5609/3069/5607 5611/1956/5609
f 5618/2472/5616 5616/3099/5614 5615/2473/5613
f 5618/2472/5616 5617/2475/5615 5616/3099/5614
f 5618/2472/5616 5621/2476/5619 5619/1941/5617
f 5624/1946/5622 5621/2476/5619 5618/2472/5616
f 5626/1947/5624 5625/2478/5623 5618/2472/5616
f 5627/2479/5625 5626/1947/5624 5618/2472/5616
f 5628/1948/5626 5627/2479/5625 5614/2474/5612
f 5633/2480/5631 5631/3099/5629 5630/2473/5628
f 5633/2480/5631 5632/2475/5630 5631/3099/5629
f 5633/2480/5631 5636/2482/5634 5634/1941/5632
f 5639/1946/5637 5636/2482/5634 5633/2480/5631
f 5641/1947/5639 5640/2478/5638 5633/2480/5631
f 5642/2479/5640 5641/1947/5639 5633/2480/5631
f 5643/1948/5641 5642/2479/5640 5629/2481/5627
f 5646/2484/5644 5645/2485/5643 5644/3100/5642
f 5646/2484/5644 5650/2486/5648 5647/2007/5645
f 5652/1876/5650 5650/2486/5648 5646/2484/5644
f 5654/3060/5652 5646/2484/5644 5644/3100/5642
f 5657/2487/5655 5656/2485/5654 5655/3101/5653
f 5657/2487/5655 5661/2488/5659 5658/2007/5656
f 5663/1876/5661 5661/2488/5659 5657/2487/5655
f 5665/3060/5663 5657/2487/5655 5655/3101/5653
f 5687/2489/5685 5668/2493/5666 5666/2490/5664
f 5670/2495/5668 5673/2025/5671 5671/3075/5669
f 5670/2495/5668 5678/2496/5676 5676/2024/5674
f 5682/2497/5680 5680/2029/5678 5688/2492/5686
f 5682/2497/5680 5681/3076/5679 5680/2029/5678
f 5682/2497/5680 5683/2032/5681 5681/3076/5679
f 5682/2497/5680 5686/3102/5684 5684/2031/5682
f 5685/3103/5683 5686/3102/5684 5682/2497/5680
f 5679/2035/5677 5682/2497/5680 5688/2492/5686
f 5672/2499/5670 5674/2041/5672 5678/2496/5676
f 5672/2499/5670 5670/2495/5668 5688/2492/5686
f 5687/2489/5685 5669/2494/5667 5668/2493/5666
f 5692/2500/5690 5699/2502/5697 5697/2024/5695
f 5703/2503/5701 5701/2029/5699 5709/2504/5707
f 5703/2503/5701 5702/3076/5700 5701/2029/5699
f 5703/2503/5701 5704/2032/5702 5702/3076/5700
f 5703/2503/5701 5707/3104/5705 5705/2031/5703
f 5706/3105/5704 5707/3104/5705 5703/2503/5701
f 5700/2035/5698 5703/2503/5701 5709/2504/5707
f 5710/2505/5708 5692/2500/5690 5709/2504/5707
f 5694/2507/5692 5695/2041/5693 5699/2502/5697
f 5694/2507/5692 5692/2500/5690 5710/2505/5708
f 5715/1865/5713 5718/1868/5716 5716/1853/5714
f 5721/1856/5719 5718/1868/5716 5715/1865/5713
f 5723/1859/5721 5722/1858/5720 5715/1865/5713
f 5724/1861/5722 5723/1859/5721 5714/2511/5712
f 5725/1863/5723 5724/1861/5722 5713/2512/5711
f 5730/2514/5728 5729/1905/5727 5728/1902/5726
f 5732/1906/5730 5730/2514/5728 5727/2515/5725
f 5735/2517/5733 5734/1908/5732 5727/2515/5725
f 5738/1890/5736 5737/2520/5735 5736/2528/5734
f 5740/2519/5738 5743/2521/5741 5741/1853/5739
f 5746/1856/5744 5743/2521/5741 5740/2519/5738
f 5748/1859/5746 5747/1858/5745 5740/2519/5738
f 5749/1861/5747 5748/1859/5746 5737/2520/5735
f 5752/2525/5750 5751/2524/5749 5750/3106/5748
f 5754/2523/5752 5753/1874/5751 5751/2524/5749
f 5757/1876/5755 5754/2523/5752 5752/2525/5750
f 5759/3060/5757 5752/2525/5750 5750/3106/5748
f 5764/2530/5762 5763/1853/5761 5762/2531/5760
f 5766/2533/5764 5764/2530/5762 5761/2527/5759
f 5768/1861/5766 5767/1859/5765 5761/2527/5759
f 5769/2529/5767 5768/1861/5766 5761/2527/5759
f 5775/2534/5773 5772/1866/5770 5771/1884/5769
f 5775/2534/5773 5773/2536/5771 5772/1866/5770
f 5779/1861/5777 5778/1859/5776 5775/2534/5773
f 5780/1863/5778 5779/1861/5777 5770/2535/5768
f 5788/2541/5786 5786/1888/5784 5784/2539/5782
f 5790/1859/5788 5789/1858/5787 5784/2539/5782
f 5791/1861/5789 5790/1859/5788 5783/2511/5781
f 5792/1863/5790 5791/1861/5789 5782/2542/5780
f 5799/2543/5797 5795/2546/5793 5794/1884/5792
f 5799/2543/5797 5797/3107/5795 5796/2545/5794
f 5798/3108/5796 5797/3107/5795 5799/2543/5797
f 5801/1861/5799 5800/1859/5798 5799/2543/5797
f 5802/3061/5800 5804/1891/5802 5813/2548/5811
f 5804/1891/5802 5806/3062/5804 5814/2547/5812
f 5806/3062/5804 5808/3063/5806 5814/2547/5812
f 5814/2547/5812 5808/3063/5806 5810/1894/5808
f 5814/2547/5812 5812/2549/5810 5809/1897/5807
f 5803/1900/5801 5813/2548/5811 5814/2547/5812
f 5819/1901/5817 5818/1905/5816 5817/1902/5815
f 5821/1906/5819 5819/1901/5817 5816/2550/5814
f 5824/1909/5822 5823/1908/5821 5816/2550/5814
f 5825/3065/5823 5824/1909/5822 5815/2552/5813
f 5829/2553/5827 5828/2557/5826 5826/2554/5824
f 5831/2556/5829 5830/2559/5828 5828/2557/5826
f 5833/2558/5831 5832/2561/5830 5830/2559/5828
f 5835/2560/5833 5834/3109/5832 5832/2561/5830
f 5838/2562/5836 5837/3110/5835 5836/2563/5834
f 5838/2562/5836 5839/3111/5837 5837/3110/5835
f 5842/1859/5840 5841/1858/5839 5838/2562/5836
f 5843/1861/5841 5842/1859/5840 5836/2563/5834
f 5844/3112/5842 5843/1861/5841 5836/2563/5834
f 5850/2564/5848 5847/3067/5845 5846/2566/5844
f 5850/2564/5848 5848/1917/5846 5847/3067/5845
f 5850/2564/5848 5852/3068/5850 5851/1918/5849
f 5855/1929/5853 5854/1921/5852 5850/2564/5848
f 5856/2565/5854 5855/1929/5853 5850/2564/5848
f 5857/1924/5855 5856/2565/5854 5846/2566/5844
f 5861/2569/5859 5859/3067/5857 5858/2571/5856
f 5861/2569/5859 5860/2568/5858 5859/3067/5857
f 5861/2569/5859 5863/1926/5861 5860/2568/5858
f 5865/1920/5863 5863/1926/5861 5861/2569/5859
f 5868/2570/5866 5867/1929/5865 5861/2569/5859
f 5869/1924/5867 5868/2570/5866 5858/2571/5856
f 5879/1859/5877 5878/1858/5876 5874/2572/5872
f 5880/1861/5878 5879/1859/5877 5874/2572/5872
f 5884/2576/5882 5887/2578/5885 5885/1942/5883
f 5888/3113/5886 5887/2578/5885 5884/2576/5882
f 5889/2478/5887 5888/3113/5886 5884/2576/5882
f 5890/1947/5888 5889/2478/5887 5884/2576/5882
f 5891/2479/5889 5890/1947/5888 5884/2576/5882
f 5892/1948/5890 5891/2479/5889 5884/2576/5882
f 5895/2582/5893 5898/2580/5896 5896/1963/5894
f 5902/1973/5900 5901/1972/5899 5898/2580/5896
f 5903/1968/5901 5902/1973/5900 5895/2582/5893
f 5904/1976/5902 5903/1968/5901 5894/2583/5892
f 5907/2587/5905 5910/2585/5908 5908/1963/5906
f 5914/1973/5912 5913/1972/5911 5910/2585/5908
f 5915/1968/5913 5914/1973/5912 5907/2587/5905
f 5916/1976/5914 5915/1968/5913 5906/2588/5904
f 5922/2225/5920 5924/3069/5922 5920/2591/5918
f 5920/2591/5918 5928/2592/5926 5925/1955/5923
f 5920/2591/5918 5924/3069/5922 5926/1956/5924
f 5934/2225/5932 5936/3069/5934 5932/2594/5930
f 5932/2594/5930 5940/2595/5938 5937/1955/5935
f 5932/2594/5930 5936/3069/5934 5938/1956/5936
f 5946/2596/5944 5944/1963/5942 5942/1960/5940
f 5950/2600/5948 5949/2599/5947 5943/2597/5941
f 5956/2601/5954 5954/1963/5952 5952/1960/5950
f 5960/2605/5958 5959/2604/5957 5953/2602/5951
f 5966/2607/5964 5963/2007/5961 5961/2609/5959
f 5969/1876/5967 5966/2607/5964 5961/2609/5959
f 5971/2009/5969 5970/1877/5968 5961/2609/5959
f 5972/3060/5970 5971/2009/5969 5962/2610/5960
f 5977/2453/5975 5975/2007/5973 5973/2611/5971
f 5977/2453/5975 5978/3059/5976 5976/2451/5974
f 5980/1876/5978 5977/2453/5975 5973/2611/5971
f 5982/2009/5980 5981/1877/5979 5973/2611/5971
f 5983/3060/5981 5982/2009/5980 5974/2612/5972
f 5988/2225/5986 5990/3069/5988 5987/2614/5985
f 5987/2614/5985 5994/2616/5992 5991/1955/5989
f 5987/2614/5985 5990/3069/5988 5992/1956/5990
f 5998/2617/5996 6008/2619/6006 6018/2622/6016
f 5998/2617/5996 6002/2025/6000 6000/3075/5998
f 5998/2617/5996 6007/2026/6005 6005/2024/6003
f 6015/2618/6013 6010/3076/6008 6009/2029/6007
f 6015/2618/6013 6014/2621/6012 6012/2031/6010
f 6011/2620/6009 6013/2931/6011 6014/2621/6012
f 6008/2619/6006 6011/2620/6009 6015/2618/6013
f 5997/2044/5995 5998/2617/5996 6018/2622/6016
f 5995/2036/5993 6017/2623/6015 5996/3114/5994
f 6001/2042/5999 6003/2041/6001 6007/2026/6005
f 5999/2043/5997 6001/2042/5999 5998/2617/5996
f 6017/2623/6015 6018/2622/6016 5996/3114/5994
f 6020/1981/6018 6022/1950/6020 6021/2624/6019
f 6022/1950/6020 6025/3085/6023 6021/2624/6019
f 6021/2624/6019 6029/2625/6027 6026/1955/6024
f 6021/2624/6019 6025/3085/6023 6027/1956/6025
f 6035/2626/6033 6033/1963/6031 6032/1960/6030
f 6039/1968/6037 6038/2629/6036 6031/2627/6029
f 6040/1976/6038 6039/1968/6037 6030/1969/6028
f 6046/2630/6044 6044/1963/6042 6043/1960/6041
f 6050/1968/6048 6049/2633/6047 6042/2631/6040
f 6051/1976/6049 6050/1968/6048 6041/2180/6039
f 6055/2636/6053 6053/2133/6051 6052/2052/6050
f 6055/2636/6053 6054/2635/6052 6053/2133/6051
f 6060/2189/6058 6059/1966/6057 6057/2634/6055
f 6068/2638/6066 6064/2254/6062 6062/2639/6060
f 6069/2073/6067 6065/2256/6063 6064/2254/6062
f 6066/3115/6064 6069/2073/6067 6068/2638/6066
f 6070/2642/6068 6066/3115/6064 6068/2638/6066
f 6063/2641/6061 6070/2642/6068 6068/2638/6066
f 6063/2641/6061 6062/2639/6060 6064/2254/6062
f 6070/2642/6068 6065/2256/6063 6066/3115/6064
f 6073/2587/6071 6076/2643/6074 6074/1963/6072
f 6080/1973/6078 6079/1972/6077 6076/2643/6074
f 6081/1968/6079 6080/1973/6078 6073/2587/6071
f 6082/1976/6080 6081/1968/6079 6072/2583/6070
f 6085/2648/6083 6088/2646/6086 6086/1963/6084
f 6092/1973/6090 6091/1972/6089 6088/2646/6086
f 6093/1968/6091 6092/1973/6090 6085/2648/6083
f 6094/1976/6092 6093/1968/6091 6084/2649/6082
f 6097/1981/6095 6098/2650/6096 6096/3116/6094
f 6095/1980/6093 6096/3116/6094 6098/2650/6096
f 6100/2225/6098 6102/3069/6100 6098/2650/6096
f 6098/2650/6096 6105/2651/6103 6103/1955/6101
f 6098/2650/6096 6102/3069/6100 6104/1956/6102
f 6111/2652/6109 6109/1963/6107 6108/1960/6106
f 6115/1968/6113 6114/2100/6112 6107/1961/6105
f 6116/1976/6114 6115/1968/6113 6106/1969/6104
f 6122/2654/6120 6120/1963/6118 6119/2656/6117
f 6126/1968/6124 6125/2655/6123 6119/2656/6117
f 6127/1976/6125 6126/1968/6124 6118/2657/6116
f 6132/2225/6130 6134/3069/6132 6131/2660/6129
f 6131/2660/6129 6137/2662/6135 6135/1955/6133
f 6131/2660/6129 6134/3069/6132 6136/1956/6134
f 6143/2663/6141 6140/1960/6138 6150/2664/6148
f 6143/2663/6141 6141/1963/6139 6140/1960/6138
f 6143/2663/6141 6145/3070/6143 6144/2666/6142
f 6146/2667/6144 6145/3070/6143 6143/2663/6141
f 6149/1968/6147 6148/2668/6146 6143/2663/6141
f 6151/3117/6149 6149/1968/6147 6139/2665/6137
f 6157/2669/6155 6153/2673/6151 6154/2670/6152
f 6158/3118/6156 6162/2677/6160 6153/2673/6151
f 6156/2672/6154 6158/3118/6156 6153/2673/6151
f 6160/2671/6158 6154/2670/6152 6155/2674/6153
f 6154/2670/6152 6153/2673/6151 6161/2676/6159
f 6152/2675/6150 6160/2671/6158 6155/2674/6153
f 6152/2675/6150 6159/3119/6157 6160/2671/6158
f 6161/2676/6159 6162/2677/6160 6156/2672/6154
f 6168/2678/6166 6166/1963/6164 6165/1960/6163
f 6172/1968/6170 6171/2680/6169 6164/1994/6162
f 6173/1976/6171 6172/1968/6170 6163/1989/6161
f 6179/2681/6177 6177/1963/6175 6176/1960/6174
f 6183/1968/6181 6182/2684/6180 6175/2682/6173
f 6184/1976/6182 6183/1968/6181 6174/2685/6172
f 6186/1981/6184 6188/1950/6186 6187/2686/6185
f 6188/1950/6186 6191/3120/6189 6187/2686/6185
f 6187/2686/6185 6195/2688/6193 6192/1955/6190
f 6187/2686/6185 6191/3120/6189 6193/1956/6191
f 6199/2065/6197 6197/2133/6195 6196/2250/6194
f 6199/2065/6197 6198/2690/6196 6197/2133/6195
f 6204/2692/6202 6203/1966/6201 6201/2689/6199
f 6216/2693/6214 6211/2696/6209 6207/2694/6205
f 6209/2701/6207 6212/2698/6210 6211/2696/6209
f 6213/2700/6211 6207/2694/6205 6208/2697/6206
f 6211/2696/6209 6213/2700/6211 6209/2701/6207
f 6215/2699/6213 6214/2695/6212 6213/2700/6211
f 6215/2699/6213 6206/2703/6204 6214/2695/6212
f 6210/2702/6208 6215/2699/6213 6216/2693/6214
f 6210/2702/6208 6216/2693/6214 6214/2695/6212
f 6218/1981/6216 6220/1950/6218 6219/2704/6217
f 6219/2704/6217 6220/1950/6218 6222/2225/6220
f 6222/2225/6220 6224/3069/6222 6219/2704/6217
f 6219/2704/6217 6228/2705/6226 6225/1955/6223
f 6219/2704/6217 6224/3069/6222 6226/1956/6224
f 6230/1981/6228 6232/1950/6230 6231/2706/6229
f 6232/1950/6230 6235/3121/6233 6231/2706/6229
f 6231/2706/6229 6239/2707/6237 6236/1955/6234
f 6231/2706/6229 6235/3121/6233 6237/1956/6235
f 6245/2708/6243 6243/1963/6241 6242/1960/6240
f 6249/1968/6247 6248/2238/6246 6241/2709/6239
f 6250/1976/6248 6249/1968/6247 6240/2175/6238
f 6256/2712/6254 6254/1963/6252 6252/1960/6250
f 6260/1968/6258 6259/2714/6257 6253/2710/6251
f 6261/2711/6259 6260/1968/6258 6253/2710/6251
f 6267/2715/6265 6265/1963/6263 6264/1960/6262
f 6271/1968/6269 6270/2718/6268 6263/2716/6261
f 6272/1976/6270 6271/1968/6269 6262/2719/6260
f 6276/2721/6274 6274/1960/6272 6273/2723/6271
f 6276/2721/6274 6275/1963/6273 6274/1960/6272
f 6276/2721/6274 6278/2720/6276 6277/3122/6275
f 6281/1968/6279 6280/2722/6278 6276/2721/6274
f 6282/3123/6280 6281/1968/6279 6273/2723/6271
f 6284/1981/6282 6286/1950/6284 6285/2242/6283
f 6286/1950/6284 6290/2726/6288 6285/2242/6283
f 6287/1953/6285 6285/2242/6283 6288/2725/6286
f 6288/2725/6286 6290/2726/6288 6292/1956/6290
f 6288/2725/6286 6292/1956/6290 6293/2727/6291
f 6295/3124/6293 6297/1950/6295 6296/2729/6294
f 6294/1980/6292 6296/2729/6294 6298/2728/6296
f 6297/1950/6295 6301/3125/6299 6298/2728/6296
f 6298/2728/6296 6301/3125/6299 6303/1956/6301
f 6298/2728/6296 6303/1956/6301 6304/2730/6302
f 6308/2733/6306 6306/2133/6304 6305/2736/6303
f 6308/2733/6306 6307/2732/6305 6306/2133/6304
f 6313/2735/6311 6312/1966/6310 6310/2731/6308
f 6318/2065/6316 6316/2133/6314 6315/2740/6313
f 6318/2065/6316 6317/2738/6315 6316/2133/6314
f 6323/2735/6321 6322/1966/6320 6320/2737/6318
f 6331/2741/6329 6327/2745/6325 6325/2742/6323
f 6332/2744/6330 6328/2748/6326 6327/2745/6325
f 6329/2257/6327 6332/2744/6330 6331/2741/6329
f 6333/2747/6331 6329/2257/6327 6331/2741/6329
f 6326/2746/6324 6333/2747/6331 6331/2741/6329
f 6326/2746/6324 6325/2742/6323 6327/2745/6325
f 6333/2747/6331 6328/2748/6326 6329/2257/6327
f 6338/2751/6336 6335/2750/6333 6337/2753/6335
f 6339/2757/6337 6336/2749/6334 6338/2751/6336
f 6334/2752/6332 6341/2755/6339 6338/2751/6336
f 6340/2754/6338 6337/2753/6335 6335/2750/6333
f 6335/2750/6333 6342/2756/6340 6339/2757/6337
f 6341/2755/6339 6335/2750/6333 6339/2757/6337
f 6350/2760/6348 6348/1868/6346 6346/2758/6344
f 6352/1859/6350 6351/1858/6349 6346/2758/6344
f 6353/1861/6351 6352/1859/6350 6345/2761/6343
f 6354/1863/6352 6353/1861/6351 6344/2762/6342
f 6359/2225/6357 6361/3069/6359 6358/2765/6356
f 6358/2765/6356 6365/2766/6363 6362/1955/6360
f 6358/2765/6356 6361/3069/6359 6363/1956/6361
f 6371/2767/6369 6369/1963/6367 6368/1960/6366
f 6375/1968/6373 6374/2770/6372 6367/2768/6365
f 6376/1976/6374 6375/1968/6373 6366/2175/6364
f 6379/2773/6377 6378/2771/6376 6377/2130/6375
f 6378/2771/6376 6383/3126/6381 6382/1962/6380
f 6384/1966/6382 6383/3126/6381 6378/2771/6376
f 6386/1968/6384 6385/2772/6383 6378/2771/6376
f 6394/2776/6392 6389/1960/6387 6388/2779/6386
f 6394/2776/6392 6390/2775/6388 6389/1960/6387
f 6393/1966/6391 6392/2774/6390 6394/2776/6392
f 6398/2781/6396 6400/3127/6398 6399/1962/6397
f 6401/1966/6399 6400/3127/6398 6398/2781/6396
f 6403/1973/6401 6402/1972/6400 6398/2781/6396
f 6404/1968/6402 6403/1973/6401 6398/2781/6396
f 6405/3128/6403 6404/1968/6402 6396/2782/6394
f 6411/2783/6409 6409/1963/6407 6408/1960/6406
f 6415/1968/6413 6414/2785/6412 6407/2236/6405
f 6416/1976/6414 6415/1968/6413 6406/2786/6404
f 6424/2787/6422 6419/2788/6417 6418/2792/6416
f 6424/2787/6422 6422/2789/6420 6420/1962/6418
f 6423/1966/6421 6422/2789/6420 6424/2787/6422
f 6430/2796/6428 6429/1853/6427 6428/2797/6426
f 6432/2799/6430 6430/2796/6428 6427/2794/6425
f 6434/1861/6432 6433/1859/6431 6427/2794/6425
f 6435/2795/6433 6434/1861/6432 6427/2794/6425
f 6438/2801/6436 6437/1884/6435 6436/2528/6434
f 6443/2800/6441 6439/1866/6437 6437/1884/6435
f 6443/2800/6441 6440/2153/6438 6439/1866/6437
f 6445/1937/6443 6444/2802/6442 6443/2800/6441
f 6448/1861/6446 6447/2804/6445 6443/2800/6441
f 6454/2805/6452 6452/1963/6450 6451/2808/6449
f 6458/1968/6456 6457/2807/6455 6451/2808/6449
f 6459/1976/6457 6458/1968/6456 6450/2809/6448
f 6464/2225/6462 6466/3069/6464 6463/2812/6461
f 6463/2812/6461 6469/2814/6467 6467/1955/6465
f 6463/2812/6461 6466/3069/6464 6468/1956/6466
f 6472/2816/6470 6474/1888/6472 6473/2815/6471
f 6476/2541/6474 6474/1888/6472 6472/2816/6470
f 6478/1859/6476 6477/1858/6475 6472/2816/6470
f 6479/1861/6477 6478/1859/6476 6471/2817/6469
f 6482/2819/6480 6484/2821/6482 6483/1962/6481
f 6487/3129/6485 6486/2233/6484 6482/2819/6480
f 6488/1976/6486 6487/3129/6485 6482/2819/6480
f 6489/1980/6487 6490/3130/6488 6491/2822/6489
f 6493/2225/6491 6495/3069/6493 6491/2822/6489
f 6491/2822/6489 6498/2823/6496 6496/1955/6494
f 6491/2822/6489 6495/3069/6493 6497/1956/6495
f 6504/2824/6502 6502/1963/6500 6501/1960/6499
f 6508/1968/6506 6507/2058/6505 6500/1961/6498
f 6509/1976/6507 6508/1968/6506 6499/2719/6497
f 6515/2826/6513 6513/1963/6511 6512/2808/6510
f 6519/1968/6517 6518/2828/6516 6512/2808/6510
f 6520/1976/6518 6519/1968/6517 6511/2829/6509
f 6525/2225/6523 6527/3069/6525 6524/2832/6522
f 6524/2832/6522 6530/2834/6528 6528/1955/6526
f 6524/2832/6522 6527/3069/6525 6529/1956/6527
f 6536/2835/6534 6534/1963/6532 6533/1960/6531
f 6536/2835/6534 6538/3131/6536 6537/2836/6535
f 6541/1968/6539 6540/2837/6538 6532/2627/6530
f 6542/1976/6540 6541/1968/6539 6531/2175/6529
f 6547/2838/6545 6544/2842/6542 6543/2839/6541
f 6548/2841/6546 6551/2845/6549 6544/2842/6542
f 6545/2846/6543 6548/2841/6546 6547/2838/6545
f 6543/2839/6541 6544/2842/6542 6550/2843/6548
f 6546/2840/6544 6549/2844/6547 6550/2843/6548
f 6550/2843/6548 6551/2845/6549 6545/2846/6543
f 6557/2847/6555 6555/1963/6553 6554/1960/6552
f 6560/1968/6558 6559/2849/6557 6553/2848/6551
f 6561/1976/6559 6560/1968/6558 6552/2719/6550
f 6571/2860/6569 6569/2871/6567 6594/2874/6592
f 6583/2866/6581 6571/2860/6569 6594/2874/6592
f 6590/2855/6588 6570/2854/6568 6589/2878/6587
f 6578/2872/6576 6568/2864/6566 6567/2870/6565
f 6576/2862/6574 6574/2868/6572 6588/2850/6586
f 6598/2856/6596 6597/2859/6595 6572/2857/6570
f 6597/2859/6595 6596/3132/6594 6571/2860/6569
f 6594/2874/6592 6566/2875/6564 6581/2879/6579
f 6565/2376/6563 6576/2862/6574 6588/2850/6586
f 6571/2860/6569 6596/3132/6594 6593/2863/6591
f 6564/2852/6562 6594/2874/6592 6588/2850/6586
f 6588/2850/6586 6587/3133/6585 6562/2865/6560
f 6566/2875/6564 6590/2855/6588 6581/2879/6579
f 6572/2857/6570 6571/2860/6569 6583/2866/6581
f 6573/2858/6571 6572/2857/6570 6586/2876/6584
f 6569/2871/6567 6578/2872/6576 6593/2863/6591
f 6569/2871/6567 6593/2863/6591 6583/2866/6581
f 6568/2864/6566 6593/2863/6591 6592/2869/6590
f 6569/2871/6567 6571/2860/6569 6568/2864/6566
f 6581/2879/6579 6575/2861/6573 6582/2880/6580
f 6567/2870/6565 6577/3134/6575 6578/2872/6576
f 6594/2874/6592 6565/2376/6563 6566/2875/6564
f 6566/2875/6564 6565/2376/6563 6591/2853/6589
f 6589/2878/6587 6579/2881/6577 6580/2332/6578
f 6581/2879/6579 6590/2855/6588 6580/2332/6578
f 6594/2874/6592 6582/2880/6580 6583/2866/6581
f 6575/2861/6573 6588/2850/6586 6594/2874/6592
f 6580/2332/6578 6591/2853/6589 6565/2376/6563
f 6593/2863/6591 6578/2872/6576 6592/2869/6590
f 6583/2866/6581 6582/2880/6580 6595/2873/6593
f 6575/2861/6573 6594/2874/6592 6595/2873/6593
f 6583/2866/6581 6593/2863/6591 6596/3132/6594
f 6574/2868/6572 6587/3133/6585 6588/2850/6586
f 6578/2872/6576 6577/3134/6575 6592/2869/6590
f 6586/2876/6584 6585/2877/6583 6598/2856/6596
f 6581/2879/6579 6565/2376/6563 6575/2861/6573
f 6585/2877/6583 6597/2859/6595 6598/2856/6596
f 6579/2881/6577 6570/2854/6568 6591/2853/6589
f 6583/2866/6581 6596/3132/6594 6597/2859/6595
f 6606/3135/6604 6604/2889/6602 6602/2883/6600
f 6605/2882/6603 6606/3135/6604 6602/2883/6600
f 6600/2886/6598 6601/2885/6599 6599/3136/6597
f 6601/2885/6599 6603/2884/6601 6602/2883/6600
f 6599/3136/6597 6601/2885/6599 6607/2888/6605
f 6601/2885/6599 6602/2883/6600 6608/2887/6606
f 6608/2887/6606 6602/2883/6600 6604/2889/6602
f 6607/2888/6605 6608/2887/6606 6603/2884/6601
f 6616/2892/6614 6611/2891/6609 6610/2896/6608
f 6617/2890/6615 6612/3137/6610 6611/2891/6609
f 6613/2894/6611 6617/2890/6615 6616/2892/6614
f 6613/2894/6611 6616/2892/6614 6610/2896/6608
f 6613/2894/6611 6610/2896/6608 6615/2895/6613
f 6611/2891/6609 6612/3137/6610 6614/2893/6612
f 6611/2891/6609 6614/2893/6612 6613/2894/6611
f 6618/2897/6616 6611/2891/6609 6613/2894/6611
f 6623/2225/6621 6625/3069/6623 6622/2898/6620
f 6622/2898/6620 6629/2900/6627 6626/1955/6624
f 6622/2898/6620 6625/3069/6623 6627/1956/6625
f 6635/2901/6633 6633/1963/6631 6632/1960/6630
f 6635/2901/6633 6637/3070/6635 6636/2903/6634
f 6638/2904/6636 6637/3070/6635 6635/2901/6633
f 6641/1968/6639 6640/2905/6638 6631/2902/6629
f 6641/1968/6639 6631/2902/6629 6630/2906/6628
f 6647/2907/6645 6645/2007/6643 6643/2908/6641
f 6647/2907/6645 6649/3059/6647 6648/1873/6646
f 6651/1876/6649 6647/2907/6645 6643/2908/6641
f 6653/2009/6651 6652/1877/6650 6643/2908/6641
f 6654/3060/6652 6653/2009/6651 6644/2455/6642
f 6665/2463/6663 6656/2910/6654 6655/2913/6653
f 6665/2463/6663 6664/1859/6662 6659/2909/6657
f 6672/2225/6670 6674/3069/6672 6670/2915/6668
f 6670/2915/6668 6678/2916/6676 6675/1955/6673
f 6670/2915/6668 6674/3069/6672 6676/1956/6674
f 6683/2917/6681 6681/3099/6679 6680/2473/6678
f 6683/2917/6681 6682/2475/6680 6681/3099/6679
f 6683/2917/6681 6686/2919/6684 6684/1941/6682
f 6689/1946/6687 6686/2919/6684 6683/2917/6681
f 6691/1947/6689 6690/2478/6688 6683/2917/6681
f 6692/2479/6690 6691/1947/6689 6683/2917/6681
f 6693/1948/6691 6692/2479/6690 6679/2918/6677
f 6696/2921/6694 6695/2485/6693 6694/3138/6692
f 6696/2921/6694 6699/2922/6697 6697/2007/6695
f 6699/2922/6697 6701/3059/6699 6700/1873/6698
f 6703/1876/6701 6699/2922/6697 6696/2921/6694
f 6705/3060/6703 6696/2921/6694 6694/3138/6692
f 6728/2923/6726 6708/2926/6706 6706/2490/6704
f 6710/2928/6708 6713/2025/6711 6711/3075/6709
f 6710/2928/6708 6718/2929/6716 6716/2024/6714
f 6730/2930/6728 6720/2029/6718 6729/2925/6727
f 6730/2930/6728 6721/3076/6719 6720/2029/6718
f 6730/2930/6728 6723/2032/6721 6721/3076/6719
f 6730/2930/6728 6727/3139/6725 6725/2031/6723
f 6726/2931/6724 6727/3139/6725 6730/2930/6728
f 6719/2035/6717 6722/2933/6720 6730/2930/6728
f 6719/2035/6717 6730/2930/6728 6729/2925/6727
f 6712/2935/6710 6714/2041/6712 6718/2929/6716
f 6712/2935/6710 6710/2928/6708 6729/2925/6727
f 6728/2923/6726 6709/2927/6707 6708/2926/6706
f 6734/2587/6732 6737/2936/6735 6735/1963/6733
f 6741/1973/6739 6740/1972/6738 6737/2936/6735
f 6742/1968/6740 6741/1973/6739 6734/2587/6732
f 6743/1976/6741 6742/1968/6740 6733/2938/6731
f 6749/2225/6747 6751/3069/6749 6747/2941/6745
f 6747/2941/6745 6755/2020/6753 6752/1955/6750
f 6747/2941/6745 6751/3069/6749 6753/1956/6751
f 6761/2942/6759 6759/1963/6757 6757/1960/6755
f 6765/2946/6763 6764/2945/6762 6758/2943/6756
f 6768/2949/6766 6771/2947/6769 6769/1963/6767
f 6775/1973/6773 6774/1972/6772 6771/2947/6769
f 6776/1968/6774 6775/1973/6773 6768/2949/6766
f 6777/1976/6775 6776/1968/6774 6767/2649/6765
f 6795/2954/6793 6781/2956/6779 6779/2952/6777
f 6796/2955/6794 6783/2958/6781 6781/2956/6779
f 6799/2957/6797 6800/2959/6798 6785/1826/6783
f 6801/2965/6799 6803/2962/6801 6790/2961/6788
f 6797/2960/6795 6809/2964/6807 6790/2961/6788
f 6798/2963/6796 6789/3140/6787 6809/2964/6807
f 6788/2978/6786 6798/2963/6796 6797/2960/6795
f 6788/2978/6786 6797/2960/6795 6803/2962/6801
f 6780/2970/6778 6782/2969/6780 6795/2954/6793
f 6778/2953/6776 6780/2970/6778 6794/2951/6792
f 6799/2957/6797 6803/2962/6801 6801/2965/6799
f 6787/2980/6785 6786/1828/6784 6800/2959/6798
f 6813/2981/6811 6804/2967/6802 6802/2971/6800
f 6790/2961/6788 6802/2971/6800 6791/2966/6789
f 6806/2973/6804 6779/2952/6777 6781/2956/6779
f 6781/2956/6779 6783/2958/6781 6807/2974/6805
f 6807/2974/6805 6799/2957/6797 6801/2965/6799
f 6807/2974/6805 6783/2958/6781 6785/1826/6783
f 6811/2975/6809 6785/1826/6783 6786/1828/6784
f 6809/2964/6807 6789/3140/6787 6810/2977/6808
f 6809/2964/6807 6810/2977/6808 6788/2978/6786
f 6803/2962/6801 6808/2360/6806 6809/2964/6807
f 6796/2955/6794 6807/2974/6805 6808/2360/6806
f 6782/2969/6780 6807/2974/6805 6796/2955/6794
f 6806/2973/6804 6782/2969/6780 6780/2970/6778
f 6805/2972/6803 6806/2973/6804 6780/2970/6778
f 6811/2975/6809 6812/2979/6810 6787/2980/6785
f 6799/2957/6797 6807/2974/6805 6811/2975/6809
f 6790/2961/6788 6784/1836/6782 6792/2976/6790
f 6802/2971/6800 6792/2976/6790 6793/2968/6791
f 6815/1981/6813 6816/1950/6814 6814/2983/6812
f 6816/1950/6814 6819/2225/6817 6817/2982/6815
f 6819/2225/6817 6821/3069/6819 6817/2982/6815
f 6817/2982/6815 6825/2984/6823 6822/1955/6820
f 6817/2982/6815 6821/3069/6819 6823/1956/6821
f 6831/2985/6829 6829/1963/6827 6828/1960/6826
f 6831/2985/6829 6833/3078/6831 6832/1971/6830
f 6834/2986/6832 6833/3078/6831 6831/2985/6829
f 6837/1968/6835 6836/2987/6834 6827/2114/6825
f 6838/1976/6836 6837/1968/6835 6826/1989/6824
f 6844/2988/6842 6842/1963/6840 6841/2989/6839
f 6844/2988/6842 6846/3072/6844 6845/2017/6843
f 6849/1973/6847 6848/1972/6846 6844/2988/6842
f 6850/1968/6848 6849/1973/6847 6841/2989/6839
f 6851/1976/6849 6850/1968/6848 6840/2990/6838
f 6852/1980/6850 6855/2164/6853 6856/2991/6854
f 6855/2164/6853 6858/2225/6856 6856/2991/6854
f 6858/2225/6856 6860/3069/6858 6856/2991/6854
f 6856/2991/6854 6864/2992/6862 6861/1955/6859
f 6856/2991/6854 6860/3069/6858 6862/1956/6860
f 6870/2993/6868 6868/1963/6866 6867/1960/6865
f 6870/2993/6868 6872/3074/6870 6871/2995/6869
f 6873/2996/6871 6872/3074/6870 6870/2993/6868
f 6876/1968/6874 6875/2997/6873 6866/2994/6864
f 6877/1976/6875 6876/1968/6874 6865/2719/6863
f 6883/2998/6881 6881/1963/6879 6880/1960/6878
f 6883/2998/6881 6885/3141/6883 6884/2999/6882
f 6888/1968/6886 6887/2085/6885 6879/2709/6877
f 6889/1976/6887 6888/1968/6886 6878/2180/6876
f 6891/3000/6889 6896/3001/6894 6894/1962/6892
f 6898/1966/6896 6896/3001/6894 6891/3000/6889
f 6900/1973/6898 6899/1972/6897 6891/3000/6889
f 6901/1968/6899 6900/1973/6898 6891/3000/6889
f 6902/1976/6900 6901/1968/6899 6890/3004/6888
f 6908/2225/6906 6910/3069/6908 6906/3006/6904
f 6906/3006/6904 6914/3007/6912 6911/1955/6909
f 6906/3006/6904 6910/3069/6908 6912/1956/6910
f 6919/2453/6917 6917/2007/6915 6915/3008/6913
f 6919/2453/6917 6921/3059/6919 6920/1873/6918
f 6923/1876/6921 6919/2453/6917 6915/3008/6913
f 6925/2009/6923 6924/1877/6922 6915/3008/6913
f 6926/3060/6924 6925/2009/6923 6916/3009/6914
f 6932/3010/6930 6930/1963/6928 6929/1960/6927
f 6932/3010/6930 6934/3081/6932 6933/3012/6931
f 6935/3013/6933 6934/3081/6932 6932/3010/6930
f 6938/1968/6936 6937/3014/6935 6928/3011/6926
f 6939/1976/6937 6938/1968/6936 6927/2175/6925
f 6942/3016/6940 6940/2133/6938 6952/3073/6950
f 6942/3016/6940 6941/1960/6939 6940/2133/6938
f 6945/3015/6943 6943/1963/6941 6941/1960/6939
f 6945/3015/6943 6947/3070/6945 6946/3017/6944
f 6948/3018/6946 6947/3070/6945 6945/3015/6943
f 6951/1973/6949 6950/1972/6948 6945/3015/6943
f 6956/3021/6954 6954/2133/6952 6953/2052/6951
f 6956/3021/6954 6955/3020/6953 6954/2133/6952
f 6962/3024/6960 6961/1966/6959 6959/3019/6957
f 6967/1981/6963 6968/1950/6964 6966/3026/6962
f 6968/1950/6964 6971/2225/6967 6969/3025/6965
f 6971/2225/6967 6973/3069/6969 6969/3025/6965
f 6969/3025/6965 6976/3027/6972 6974/1955/6970
f 6969/3025/6965 6973/3069/6969 6975/1956/6971
f 6982/3028/6978 6980/1963/6976 6979/1960/6975
f 6982/3028/6978 6984/3071/6980 6983/3029/6979
f 6987/1968/6983 6986/3030/6982 6978/2114/6974
f 6988/1976/6984 6987/1968/6983 6977/3031/6973
f 6994/3032/6990 6992/1963/6988 6991/2656/6987
f 6998/1968/6994 6997/3033/6993 6991/2656/6987
f 6999/1976/6995 6998/1968/6994 6990/2657/6986
f 7000/1980/6996 7003/3035/6999 7004/3036/7000
f 7003/3035/6999 7006/2225/7002 7004/3036/7000
f 7006/2225/7002 7008/3069/7004 7004/3036/7000
f 7004/3036/7000 7012/3037/7008 7009/1955/7005
f 7004/3036/7000 7008/3069/7004 7010/1956/7006
f 7018/3038/7014 7016/1963/7012 7015/1960/7011
f 7018/3038/7014 7020/3078/7016 7019/3040/7015
f 7021/3041/7017 7020/3078/7016 7018/3038/7014
f 7024/1968/7020 7023/3042/7019 7014/3039/7010
f 7025/1976/7021 7024/1968/7020 7013/2059/7009
f 7031/2225/7027 7033/3069/7029 7029/3044/7025
f 7029/3044/7025 7037/3045/7033 7034/1955/7030
f 7029/3044/7025 7033/3069/7029 7035/1956/7031
f 7043/3046/7039 7041/1963/7037 7040/1960/7036
f 7043/3046/7039 7045/3070/7041 7044/3048/7040
f 7048/1968/7044 7047/3049/7043 7039/3047/7035
f 7049/1976/7045 7048/1968/7044 7038/1989/7034
f 7052/3051/7048 7050/2133/7046 7060/3142/7056
f 7052/3051/7048 7051/1960/7047 7050/2133/7046
f 7055/3050/7051 7053/1963/7049 7051/1960/7047
f 7055/3050/7051 7057/3070/7053 7056/1971/7052
l 6965 6964
